from_lat,from_lon,to_lat,to_lon,tftf_ms,dijkstra_ms,astar_ms,found_tftf,found_dijkstra,found_astar,tftf_routes,dijkstra_routes,astar_routes
8.47667,124.646,8.48068,124.658,112,63,52,1,1,1,2,1,1
8.42836,124.614,8.44854,124.585,114,267,154,1,1,1,2,4,5
8.48412,124.657,8.48999,124.652,109,53,54,1,1,1,2,1,1
8.50345,124.595,8.47879,124.603,123,74,53,1,1,1,2,2,2
8.50434,124.616,8.47832,124.647,112,113,65,1,1,1,2,4,5
8.48068,124.658,8.47101,124.643,111,62,53,1,1,1,2,3,3
8.48412,124.657,8.48081,124.637,112,76,70,1,1,1,2,3,3
8.48432,124.658,8.50159,124.635,114,110,71,1,1,1,2,1,1
8.51282,124.637,8.48297,124.644,113,85,72,1,1,1,1,4,2
8.39248,124.549,8.48452,124.639,143,137,100,1,1,1,2,5,5
8.51251,124.615,8.48592,124.659,126,121,66,1,1,1,2,2,2
8.48607,124.635,8.47274,124.619,117,123,76,1,1,1,2,3,3
8.47486,124.625,8.39699,124.556,182,330,236,1,1,1,2,1,1
8.46029,124.619,8.47592,124.612,139,127,90,1,1,1,2,3,3
8.47221,124.629,8.23331,124.55,108,394,325,1,1,1,2,3,3
8.4886,124.641,8.49385,124.632,110,54,50,1,1,1,2,1,1
8.42289,124.609,8.51276,124.628,144,245,167,1,1,1,2,10,9
8.50139,124.642,8.49928,124.637,118,54,52,1,1,1,2,3,3
8.47953,124.637,8.45546,124.624,138,143,69,1,1,1,2,1,1
8.4244,124.61,8.47907,124.645,136,120,87,1,1,1,2,4,4
8.47963,124.638,8.48612,124.648,129,84,64,1,1,1,2,2,2
8.4437,124.589,8.48126,124.637,113,74,81,1,1,1,2,6,4
8.47849,124.654,8.47712,124.65,115,46,47,1,1,1,2,1,1
8.48703,124.646,8.37699,124.563,112,377,402,1,1,1,2,6,5
8.48743,124.645,8.48577,124.636,116,59,53,1,1,1,1,3,2
8.48618,124.649,8.50901,124.649,117,140,64,1,1,1,2,1,1
8.4752,124.611,8.47195,124.618,133,53,56,1,1,1,1,1,1
8.49222,124.633,8.48733,124.63,125,62,55,1,1,1,2,3,2
8.48154,124.592,8.2532,124.562,113,366,355,1,1,1,2,8,8
8.47421,124.615,8.48392,124.657,139,148,107,1,1,1,2,7,8
8.47444,124.645,8.47325,124.634,127,57,50,1,1,1,2,1,1
8.51091,124.633,8.49559,124.631,116,52,46,1,1,1,2,4,4
8.48423,124.599,8.19568,124.532,116,382,443,1,1,1,2,6,7
8.47267,124.651,8.42443,124.609,134,243,93,1,1,1,2,1,1
8.48811,124.61,8.47296,124.63,133,100,62,1,1,1,2,4,5
8.47121,124.642,8.37987,124.516,118,370,454,1,1,1,2,6,5
8.4619,124.606,8.50424,124.625,152,271,129,1,1,1,3,10,8
8.49211,124.641,8.49972,124.632,124,73,55,1,1,1,2,1,1
8.47924,124.637,8.49688,124.604,127,228,189,1,1,1,2,3,3
8.472,124.639,8.48457,124.639,131,61,50,1,1,1,2,1,1
8.48166,124.607,8.43008,124.615,134,270,182,1,1,1,2,7,4
8.40616,124.568,8.48733,124.63,153,171,144,1,1,1,2,5,5
8.48126,124.638,8.4008,124.593,127,304,188,1,1,1,2,3,2
8.47492,124.621,8.44347,124.577,110,226,79,1,1,1,2,1,1
8.47414,124.613,8.46624,124.626,135,159,122,1,1,1,2,3,4
8.47559,124.646,8.48004,124.645,132,47,48,1,1,1,2,1,1
8.47971,124.642,8.47547,124.647,121,48,48,1,1,1,2,1,1
8.4728,124.646,8.302,124.592,111,395,391,1,1,1,2,6,6
8.5071,124.648,8.47271,124.619,144,175,95,1,1,1,2,4,4
8.50328,124.599,8.494,124.632,122,62,56,1,1,1,2,3,3
8.50453,124.633,8.48214,124.63,144,92,66,1,1,1,2,3,3
8.38102,124.516,8.4671,124.586,160,240,144,1,1,1,2,4,4
8.48764,124.66,8.40442,124.566,157,335,370,1,1,1,2,5,5
8.47777,124.652,8.4887,124.629,140,125,90,1,1,1,2,2,4
8.47692,124.652,8.48454,124.599,133,259,229,1,1,1,2,5,5
8.39707,124.557,8.49303,124.639,169,174,127,1,1,1,2,8,6
8.49708,124.63,8.47434,124.62,147,178,82,1,1,1,2,5,5
8.48066,124.637,8.49837,124.65,173,176,151,1,1,1,2,2,2
8.49894,124.642,8.39709,124.595,145,298,179,1,1,1,2,6,6
8.45791,124.633,8.50392,124.626,113,145,93,1,1,1,2,5,5
8.47472,124.596,8.50873,124.637,143,148,84,1,1,1,2,3,2
8.48063,124.629,8.47193,124.639,119,68,58,1,1,1,2,2,2
8.49038,124.635,8.48374,124.597,127,192,132,1,1,1,2,2,2
8.46672,124.611,8.50963,124.649,104,183,110,1,1,1,2,5,4
8.50327,124.633,8.47061,124.643,128,116,77,1,1,1,2,5,3
8.48473,124.638,8.44837,124.632,115,160,66,1,1,1,2,2,2
8.47318,124.634,8.48671,124.647,120,117,80,1,1,1,2,2,2
8.50299,124.641,8.49151,124.628,121,143,103,1,1,1,2,4,2
8.47036,124.644,8.4839,124.61,132,253,233,1,1,1,2,7,9
8.48235,124.63,8.48105,124.658,143,121,83,1,1,1,2,3,2
8.48384,124.657,8.39686,124.556,122,339,386,1,1,1,2,7,5
8.47407,124.614,8.47582,124.626,133,59,57,1,1,1,2,1,2
8.47466,124.579,8.48825,124.642,113,130,101,1,1,1,2,4,3
8.39818,124.601,8.48979,124.637,136,149,112,1,1,1,2,6,6
8.48724,124.63,8.4729,124.63,135,62,51,1,1,1,2,2,2
8.47792,124.638,8.51042,124.635,125,157,76,1,1,1,2,1,1
8.47345,124.608,8.49688,124.604,140,268,238,1,1,1,2,8,8
8.4833,124.631,8.4915,124.633,156,102,74,1,1,1,2,6,4
8.47198,124.618,8.49511,124.652,158,216,228,1,1,1,2,7,7
8.46309,124.612,8.49725,124.642,110,150,92,1,1,1,2,4,3
8.47585,124.611,8.47242,124.619,132,52,55,1,1,1,1,1,1
8.51021,124.637,8.47283,124.619,130,163,106,1,1,1,2,5,6
8.50285,124.644,8.48909,124.603,114,200,134,1,1,1,2,2,2
8.49602,124.593,8.48489,124.655,106,115,64,1,1,1,2,3,3
8.47694,124.651,8.50521,124.634,127,155,94,1,1,1,2,3,3
8.49959,124.593,8.35319,124.493,110,405,504,1,1,1,3,10,6
8.47555,124.647,8.48471,124.638,140,72,57,1,1,1,2,3,3
8.44632,124.631,8.47188,124.639,111,57,49,1,1,1,2,2,2
8.50484,124.615,8.43942,124.563,112,307,287,1,1,1,2,6,5
8.47726,124.646,8.48378,124.61,125,250,224,1,1,1,2,5,6
8.47292,124.637,8.46738,124.609,109,204,135,1,1,1,2,1,1
8.47817,124.646,8.50507,124.639,119,141,68,1,1,1,2,1,1
8.50801,124.637,8.50343,124.603,115,93,56,1,1,1,2,2,2
8.47728,124.65,8.46189,124.625,122,155,83,1,1,1,2,1,1
8.39581,124.526,8.50265,124.646,152,210,157,1,1,1,2,7,7
8.44874,124.583,8.39732,124.559,162,350,369,1,1,1,2,6,8
8.48587,124.648,8.47767,124.648,114,50,49,1,1,1,1,1,1
8.40257,124.599,8.49661,124.604,117,251,231,1,1,1,2,9,10
8.50398,124.61,8.31446,124.565,121,360,369,1,1,1,2,8,5
8.4833,124.631,8.39282,124.549,145,358,301,1,1,1,2,2,2
8.47941,124.656,8.47453,124.632,120,87,59,1,1,1,2,4,5
8.31172,124.552,8.50298,124.641,125,181,117,1,1,1,2,8,8
8.47337,124.62,8.45616,124.624,126,79,63,1,1,1,2,2,2
8.47559,124.613,8.48571,124.636,136,102,88,1,1,1,2,6,6
8.45268,124.632,8.49176,124.651,122,160,148,1,1,1,2,3,5
8.45222,124.583,8.48715,124.639,147,113,92,1,1,1,2,7,5
8.47413,124.613,8.47261,124.643,131,96,79,1,1,1,2,5,4
8.49109,124.64,8.4835,124.65,122,57,54,1,1,1,2,1,1
8.45024,124.64,8.51012,124.637,119,165,95,1,1,1,2,5,6
8.46121,124.619,8.5122,124.623,144,207,152,1,1,1,2,6,6
8.50054,124.623,8.50921,124.637,127,63,52,1,1,1,2,2,2
8.49465,124.641,8.4889,124.64,113,46,47,1,1,1,1,1,1
8.47155,124.629,8.48276,124.646,122,105,87,1,1,1,2,2,2
8.40695,124.568,8.47931,124.637,146,114,87,1,1,1,2,5,5
8.47004,124.616,8.48779,124.63,159,130,99,1,1,1,2,4,5
8.47205,124.617,8.47217,124.646,146,103,77,1,1,1,2,5,5
8.50741,124.643,8.47575,124.611,134,185,147,1,1,1,2,3,3
8.48224,124.635,8.50625,124.648,161,127,62,1,1,1,2,1,1
8.49083,124.634,8.44415,124.621,143,207,109,1,1,1,2,4,6
8.51224,124.624,8.47283,124.619,144,176,114,1,1,1,2,5,3
8.48465,124.639,8.48452,124.639,116,47,49,1,1,1,1,1,1
8.48144,124.637,8.48155,124.644,174,54,50,1,1,1,2,1,1
8.50439,124.62,8.50354,124.643,116,76,61,1,1,1,2,4,2
8.49327,124.641,8.46189,124.613,102,254,244,1,1,1,2,2,4
8.50387,124.608,8.49876,124.624,117,50,50,1,1,1,2,2,2
8.48061,124.658,8.30137,124.537,103,337,387,1,1,1,2,6,7
8.48214,124.63,8.46132,124.626,139,158,90,1,1,1,2,2,2
8.47103,124.643,8.48727,124.63,139,104,82,1,1,1,2,3,3
8.50024,124.623,8.50962,124.649,127,188,129,1,1,1,2,4,3
8.48891,124.64,8.51321,124.638,109,114,55,1,1,1,2,1,1
8.4916,124.651,8.48502,124.646,112,47,44,1,1,1,2,2,2
8.50394,124.609,8.4921,124.633,117,62,53,1,1,1,2,2,2
8.47178,124.629,8.50415,124.633,127,163,110,1,1,1,2,5,6
8.48822,124.642,8.4967,124.63,111,67,50,1,1,1,2,1,1
8.46368,124.569,8.45463,124.641,109,230,193,1,1,1,3,6,8
8.46927,124.628,8.40245,124.576,123,323,223,1,1,1,2,2,2
8.47291,124.637,8.47547,124.647,129,71,59,1,1,1,1,4,4
8.50889,124.649,8.47555,124.647,130,86,56,1,1,1,2,5,4
8.49632,124.614,8.47688,124.635,128,76,54,1,1,1,2,4,4
8.49037,124.64,8.49919,124.649,127,170,115,1,1,1,2,4,3
8.47715,124.627,8.49293,124.632,155,133,99,1,1,1,2,5,5
8.47355,124.638,8.47513,124.611,122,145,89,1,1,1,2,1,1
8.50398,124.61,8.22056,124.541,133,384,390,1,1,1,2,6,8
8.47842,124.656,8.50855,124.637,113,153,59,1,1,1,2,1,1
8.45561,124.584,8.44942,124.632,131,177,98,1,1,1,2,7,6
8.38218,124.515,8.47421,124.631,147,87,94,1,1,1,2,3,3
8.29162,124.522,8.47021,124.645,122,97,84,1,1,1,2,5,6
8.48653,124.659,8.49804,124.631,114,94,59,1,1,1,1,2,2
8.47438,124.613,8.47916,124.638,133,78,79,1,1,1,2,3,2
8.47697,124.651,8.48649,124.61,125,247,218,1,1,1,2,6,6
8.25469,124.567,8.40333,124.578,154,333,253,1,1,1,2,4,3
8.50417,124.625,8.46616,124.585,133,202,67,1,1,1,2,1,1
8.46277,124.612,8.47261,124.619,104,52,54,1,1,1,2,2,2
8.47296,124.62,8.47274,124.63,128,68,66,1,1,1,2,3,2
8.48099,124.637,8.47695,124.651,121,72,50,1,1,1,2,2,1
8.39714,124.557,8.48469,124.656,165,197,152,1,1,1,2,8,8
8.39956,124.611,8.37769,124.514,144,283,88,1,1,1,2,1,1
8.5015,124.593,8.48549,124.636,122,62,54,1,1,1,2,4,4
8.50428,124.615,8.39143,124.557,114,346,392,1,1,1,2,6,6
8.5121,124.637,8.47154,124.64,117,119,74,1,1,1,2,4,3
8.47736,124.629,8.47693,124.629,129,50,52,1,1,1,1,1,1
8.49721,124.631,8.47631,124.638,135,68,55,1,1,1,2,2,3
8.44351,124.59,8.50052,124.636,112,178,139,1,1,1,2,5,5
8.44563,124.622,8.47129,124.641,124,77,60,1,1,1,1,4,4
8.48282,124.644,8.45424,124.624,144,166,91,1,1,1,2,1,1
8.48419,124.596,8.46699,124.607,149,309,318,1,1,1,2,8,8
8.3975,124.533,8.48719,124.63,151,161,151,1,1,1,2,4,5
8.49109,124.64,8.44355,124.595,104,301,318,1,1,1,2,2,2
8.47703,124.638,8.48553,124.648,129,91,59,1,1,1,2,2,2
8.44402,124.636,8.47263,124.63,116,50,51,1,1,1,2,2,2
8.47726,124.65,8.47299,124.637,128,65,59,1,1,1,2,3,3
8.50424,124.625,8.47949,124.632,125,99,77,1,1,1,2,4,4
8.49356,124.641,8.48469,124.639,123,49,51,1,1,1,2,2,2
8.51073,124.634,8.41607,124.609,108,297,224,1,1,1,2,10,7
8.47916,124.638,8.23375,124.552,108,390,309,1,1,1,2,2,2
8.44443,124.621,8.47849,124.646,132,127,73,1,1,1,2,4,6
8.39817,124.596,8.49961,124.649,163,259,218,1,1,1,2,7,9
8.48888,124.65,8.48491,124.647,114,45,44,1,1,1,1,1,1
8.50367,124.606,8.48099,124.637,129,84,64,1,1,1,2,5,3
8.42991,124.615,8.48761,124.63,189,204,176,1,1,1,2,4,4
8.48364,124.595,8.4706,124.644,156,112,85,1,1,1,2,5,5
8.47051,124.646,8.49994,124.632,146,150,105,1,1,1,2,5,4
8.42767,124.612,8.47621,124.629,148,61,59,1,1,1,2,3,3
8.48244,124.644,8.45525,124.632,136,138,66,1,1,1,3,2,2
8.49037,124.64,8.29532,124.579,115,367,242,1,1,1,2,3,4
8.40139,124.587,8.50299,124.629,144,225,146,1,1,1,2,9,10
8.48582,124.651,8.40396,124.611,165,286,209,1,1,1,2,4,4
8.47824,124.656,8.47295,124.645,110,52,47,1,1,1,2,2,2
8.50457,124.624,8.47933,124.638,118,72,58,1,1,1,2,2,2
8.44924,124.632,8.4942,124.652,118,154,161,1,1,1,2,7,7
8.47285,124.638,8.43205,124.617,127,244,78,1,1,1,2,1,1
8.48687,124.633,8.48274,124.638,114,50,57,1,1,1,2,1,1
8.47471,124.624,8.50375,124.607,184,221,153,1,1,1,2,8,6
8.48329,124.594,8.44585,124.622,137,241,151,1,1,1,2,6,7
8.48671,124.647,8.47123,124.643,120,65,53,1,1,1,2,3,3
8.24921,124.557,8.50427,124.614,160,235,223,1,1,1,2,9,8
8.46843,124.609,8.47767,124.648,127,120,108,1,1,1,2,8,8
8.41634,124.609,8.49187,124.633,122,148,126,1,1,1,3,7,7
8.47471,124.625,8.48461,124.656,186,158,110,1,1,1,2,7,7
8.48639,124.648,8.47301,124.635,132,81,59,1,1,1,2,2,2
8.39689,124.556,8.46099,124.626,152,83,70,1,1,1,2,6,5
8.47265,124.619,8.43243,124.617,132,151,62,1,1,1,2,2,2
8.49359,124.604,8.47463,124.579,109,268,291,1,1,1,2,6,5
8.49617,124.604,8.44019,124.571,111,289,272,1,1,1,2,6,6
8.45623,124.633,8.39714,124.557,113,322,271,1,1,1,2,3,3
8.50172,124.647,8.47398,124.645,120,83,50,1,1,1,2,4,4
8.44745,124.631,8.48737,124.645,120,105,76,1,1,1,2,6,6
8.2966,124.532,8.50507,124.634,125,205,171,1,1,1,2,9,9
8.3083,124.546,8.44539,124.643,108,95,80,1,1,1,2,4,4
8.49502,124.612,8.44883,124.641,123,285,178,1,1,1,3,7,6
8.50332,124.595,8.44081,124.567,118,314,283,1,1,1,3,7,5
8.48463,124.647,8.49095,124.655,118,81,55,1,1,1,1,1,1
8.49779,124.615,8.4987,124.632,137,55,52,1,1,1,2,2,2
8.48691,124.631,8.47582,124.612,131,169,111,1,1,1,2,4,4
8.48891,124.64,8.495,124.652,111,147,91,1,1,1,2,3,4
8.48725,124.639,8.45242,124.632,114,161,72,1,1,1,2,2,2
8.50341,124.603,8.47726,124.646,135,105,66,1,1,1,2,4,7
8.49472,124.652,8.50235,124.6,121,202,76,1,1,1,2,3,4
8.51228,124.623,8.47162,124.617,145,181,120,1,1,1,2,3,5
8.47841,124.647,8.37586,124.513,144,343,445,1,1,1,2,5,4
8.50968,124.636,8.49243,124.633,118,59,50,1,1,1,2,3,3
8.48049,124.637,8.48313,124.657,131,126,68,1,1,1,2,3,3
8.48362,124.595,8.47303,124.637,158,86,77,1,1,1,2,6,5
8.37045,124.609,8.40044,124.563,166,369,303,1,1,1,2,3,4
8.47934,124.628,8.48434,124.658,132,147,98,1,1,1,2,4,3
8.50298,124.641,8.46959,124.647,120,155,75,1,1,1,2,4,5
8.37224,124.561,8.50302,124.643,125,214,133,1,1,1,3,8,8
8.46057,124.626,8.50434,124.618,136,175,102,1,1,1,2,3,4
8.4896,124.611,8.48933,124.658,133,176,80,1,1,1,2,3,3
8.48965,124.629,8.48825,124.642,121,52,52,1,1,1,2,1,1
8.16352,124.553,8.49417,124.593,110,306,253,1,1,1,3,8,7
8.50285,124.644,8.50445,124.624,117,77,56,1,1,1,2,1,2
8.5011,124.6,8.48126,124.637,124,78,68,1,1,1,2,4,3
8.50265,124.643,8.48454,124.599,116,211,151,1,1,1,2,2,2
8.39339,124.557,8.49044,124.635,118,150,143,1,1,1,2,8,10
8.48141,124.637,8.47285,124.638,141,64,54,1,1,1,2,1,1
8.48748,124.639,8.48688,124.631,111,57,50,1,1,1,2,2,2
8.50103,124.645,8.37903,124.563,112,356,413,1,1,1,2,5,7
8.51088,124.637,8.47456,124.579,111,262,264,1,1,1,2,4,3
8.47585,124.611,8.49936,124.632,147,159,122,1,1,1,2,8,6
8.47928,124.637,8.47421,124.577,104,252,193,1,1,1,2,2,2
8.472,124.639,8.48678,124.647,131,111,92,1,1,1,2,2,2
8.47301,124.635,8.42826,124.614,124,210,73,1,1,1,2,1,1
8.47154,124.64,8.50899,124.648,121,181,113,1,1,1,2,5,3
8.39962,124.531,8.50422,124.613,175,277,259,1,1,1,2,10,8
8.5033,124.627,8.50931,124.636,123,54,51,1,1,1,2,1,1
8.47549,124.647,8.40324,124.578,137,328,304,1,1,1,2,5,6
8.38698,124.545,8.48318,124.657,154,193,148,1,1,1,2,6,8
8.47252,124.616,8.47285,124.63,133,68,69,1,1,1,2,3,3
8.50429,124.615,8.47455,124.622,154,161,99,1,1,1,2,6,5
8.38033,124.516,8.48458,124.657,155,192,156,1,1,1,2,8,5
8.47296,124.635,8.51261,124.624,143,193,107,1,1,1,2,6,6
8.50953,124.637,8.50364,124.626,112,55,51,1,1,1,2,1,1
8.48552,124.632,8.48481,124.638,118,46,48,1,1,1,2,1,1
8.44622,124.631,8.31455,124.564,101,368,261,1,1,1,2,3,4
8.49637,124.641,8.47296,124.633,117,83,63,1,1,1,2,2,1
8.42857,124.614,8.4848,124.656,139,166,114,1,1,1,2,8,5
8.48614,124.65,8.4813,124.645,125,50,48,1,1,1,2,1,1
8.48693,124.659,8.45124,124.623,142,193,128,1,1,1,2,6,5
8.47495,124.623,8.50434,124.616,154,216,151,1,1,1,2,6,6
8.42212,124.609,8.40161,124.586,145,318,224,1,1,1,2,3,3
8.47663,124.629,8.50476,124.639,122,179,109,1,1,1,2,7,6
8.49716,124.642,8.47544,124.631,150,106,85,1,1,1,2,2,2
8.44956,124.632,8.47776,124.601,124,176,117,1,1,1,2,2,2
8.4889,124.64,8.46164,124.619,157,188,119,1,1,1,2,3,3
8.50333,124.6,8.20035,124.531,120,394,386,1,1,1,2,7,8
8.42124,124.632,8.37757,124.562,102,310,378,1,1,1,2,6,6
8.48366,124.597,8.50338,124.595,121,146,79,1,1,1,2,3,4
8.50132,124.6,8.50386,124.62,121,56,48,1,1,1,2,2,2
8.4744,124.65,8.4779,124.648,131,45,47,1,1,1,2,1,1
8.44376,124.59,8.48432,124.658,115,182,129,1,1,1,2,11,9
8.45546,124.624,8.49166,124.633,138,147,118,1,1,1,2,5,5
8.50407,124.611,8.47532,124.643,128,103,74,1,1,1,2,4,4
8.50305,124.642,8.48477,124.638,117,59,53,1,1,1,2,2,2
8.48877,124.66,8.29936,124.593,113,353,385,1,1,1,2,5,6
8.45376,124.584,8.50379,124.594,133,199,91,1,1,1,2,2,2
8.37882,124.563,8.50451,124.621,115,197,145,1,1,1,2,8,8
8.48756,124.63,8.49135,124.634,120,111,82,1,1,1,2,4,5
8.49331,124.641,8.46467,124.625,122,174,92,1,1,1,2,5,4
8.50622,124.643,8.50298,124.641,111,45,45,1,1,1,2,1,1
8.50885,124.643,8.5071,124.648,109,66,49,1,1,1,2,1,1
8.51232,124.624,8.48789,124.643,123,77,58,1,1,1,2,2,2
8.509,124.637,8.51264,124.617,120,60,52,1,1,1,2,1,2
8.48677,124.602,8.50766,124.637,139,84,72,1,1,1,2,4,4
8.4764,124.639,8.4261,124.616,116,266,169,1,1,1,2,3,3
8.47263,124.63,8.43283,124.617,129,165,57,1,1,1,2,1,1
8.48335,124.638,8.50383,124.608,111,170,87,1,1,1,2,4,5
8.47842,124.656,8.45361,124.64,102,140,74,1,1,1,2,3,3
8.38779,124.546,8.47827,124.656,149,188,116,1,1,1,2,6,6
8.50071,124.635,8.48156,124.637,120,57,54,1,1,1,1,2,5
8.39842,124.612,8.50305,124.642,173,168,98,1,1,1,2,7,6
8.4905,124.64,8.4962,124.604,120,208,115,1,1,1,2,2,2
8.50289,124.633,8.47847,124.628,159,108,71,1,1,1,2,1,1
8.50416,124.612,8.46189,124.625,152,193,119,1,1,1,2,5,5
8.51043,124.637,8.47209,124.618,131,170,110,1,1,1,2,4,6
8.50237,124.593,8.48286,124.598,125,158,68,1,1,1,2,4,4
8.29742,124.537,8.47619,124.644,124,123,93,1,1,1,2,6,6
8.46289,124.609,8.48687,124.631,139,124,116,1,1,1,2,2,3
8.50378,124.594,8.48796,124.643,114,67,58,1,1,1,2,5,4
8.47841,124.647,8.50398,124.61,115,205,99,1,1,1,2,5,4
8.49037,124.64,8.48842,124.641,117,46,53,1,1,1,2,1,1
8.49044,124.635,8.485,124.638,125,48,51,1,1,1,2,1,2
8.50762,124.643,8.46808,124.607,110,306,279,1,1,1,2,9,8
8.48687,124.603,8.47763,124.649,133,134,78,1,1,1,2,7,7
8.45805,124.633,8.47195,124.618,113,96,64,1,1,1,2,3,3
8.51276,124.628,8.50373,124.606,119,66,49,1,1,1,2,1,1
8.50178,124.642,8.50748,124.653,110,56,51,1,1,1,2,1,1
8.46787,124.633,8.48095,124.629,113,57,53,1,1,1,2,1,2
8.47738,124.65,8.4513,124.623,124,195,97,1,1,1,2,1,1
8.49034,124.611,8.51276,124.628,117,59,53,1,1,1,2,2,3
8.47518,124.646,8.45316,124.633,127,136,68,1,1,1,2,3,3
8.47303,124.635,8.46405,124.625,118,85,58,1,1,1,2,1,1
8.46066,124.626,8.47963,124.638,137,123,93,1,1,1,2,1,1
8.50181,124.647,8.47413,124.613,127,209,159,1,1,1,2,3,3
8.44855,124.622,8.50496,124.646,122,184,112,1,1,1,2,7,6
8.50354,124.621,8.4513,124.623,127,212,128,1,1,1,2,3,4
8.39692,124.594,8.47912,124.588,107,278,161,1,1,1,2,5,5
8.48783,124.628,8.47479,124.625,114,108,73,1,1,1,2,3,4
8.46235,124.625,8.49892,124.632,134,162,107,1,1,1,2,5,4
8.47743,124.634,8.48979,124.637,121,95,68,1,1,1,2,5,5
8.47847,124.628,8.47302,124.635,138,59,52,1,1,1,1,1,1
8.397,124.595,8.50507,124.639,147,212,132,1,1,1,2,7,7
8.36901,124.561,8.48941,124.638,117,134,102,1,1,1,2,6,6
8.48789,124.643,8.48515,124.637,119,49,51,1,1,1,2,2,2
8.22878,124.546,8.47082,124.629,129,125,76,1,1,1,2,3,3
8.51012,124.637,8.45991,124.626,137,202,180,1,1,1,2,6,6
8.50448,124.624,8.47249,124.63,140,144,100,1,1,1,2,4,3
8.48611,124.647,8.48209,124.644,127,48,53,1,1,1,1,1,1
8.48789,124.643,8.50448,124.624,119,102,54,1,1,1,2,2,2
8.46484,124.612,8.47632,124.628,107,58,56,1,1,1,2,3,3
8.49747,124.63,8.4902,124.628,121,80,62,1,1,1,1,2,2
8.48665,124.602,8.50125,124.635,126,103,78,1,1,1,2,6,5
8.47224,124.635,8.47594,124.642,122,72,56,1,1,1,2,2,2
8.49797,124.602,8.47832,124.647,130,113,72,1,1,1,2,5,6
8.47175,124.627,8.48077,124.658,119,134,92,1,1,1,2,3,4
8.37958,124.61,8.48708,124.63,161,136,120,1,1,1,2,4,4
8.48653,124.659,8.47701,124.65,133,52,52,1,1,1,2,1,1
8.47792,124.638,8.48066,124.637,123,46,48,1,1,1,2,1,1
8.50873,124.637,8.46393,124.625,117,176,116,1,1,1,2,6,6
8.45856,124.607,8.4708,124.642,123,77,85,1,1,1,1,5,4
8.48126,124.637,8.38755,124.544,126,341,378,1,1,1,2,2,2
8.45999,124.626,8.50298,124.643,121,161,88,1,1,1,2,3,3
8.50864,124.636,8.50844,124.637,111,45,47,1,1,1,1,1,1
8.40246,124.572,8.4848,124.656,156,187,123,1,1,1,2,9,7
8.47532,124.611,8.42654,124.627,116,304,269,1,1,1,2,6,6
8.47602,124.626,8.47079,124.643,161,82,62,1,1,1,2,3,2
8.48144,124.637,8.49044,124.635,167,72,63,1,1,1,2,2,2
8.16355,124.553,8.29157,124.522,112,383,398,1,1,1,2,4,4
8.51189,124.623,8.47271,124.638,130,107,69,1,1,1,2,2,4
8.50475,124.639,8.47296,124.62,137,161,93,1,1,1,2,3,3
8.51271,124.626,8.42803,124.621,110,288,312,1,1,1,2,6,6
8.50164,124.622,8.39712,124.594,134,303,201,1,1,1,2,5,7
8.49314,124.593,8.47125,124.641,104,123,74,1,1,1,2,6,6
8.502,124.642,8.48996,124.628,125,151,103,1,1,1,2,5,5
8.49805,124.624,8.17691,124.531,109,433,424,1,1,1,2,5,6
8.26155,124.574,8.47849,124.654,133,164,97,1,1,1,2,6,6
8.45847,124.607,8.46386,124.584,138,249,123,1,1,1,2,7,7
8.50952,124.65,8.48472,124.659,121,69,52,1,1,1,2,3,4
8.47343,124.638,8.44674,124.631,115,133,59,1,1,1,1,1,1
8.38188,124.515,8.47559,124.646,148,131,107,1,1,1,2,5,5
8.39219,124.521,8.3983,124.529,125,48,48,1,1,1,1,1,1
8.49099,124.634,8.47867,124.627,170,81,60,1,1,1,2,2,2
8.4457,124.622,8.48891,124.64,123,120,74,1,1,1,2,5,4
8.48703,124.646,8.49444,124.652,109,55,48,1,1,1,2,1,1
8.50358,124.621,8.48346,124.639,123,66,54,1,1,1,2,1,2
8.4921,124.651,8.48635,124.634,114,75,58,1,1,1,2,3,3
8.40566,124.567,8.47318,124.634,147,90,81,1,1,1,2,4,4
8.43023,124.616,8.48196,124.638,137,101,72,1,1,1,2,4,6
8.47792,124.638,8.47796,124.627,124,83,62,1,1,1,2,2,4
8.47239,124.647,8.4723,124.618,127,140,77,1,1,1,2,1,1
8.47413,124.598,8.49356,124.641,149,144,93,1,1,1,2,5,5
8.47519,124.631,8.47359,124.633,172,47,49,1,1,1,1,1,1
8.49517,124.641,8.51166,124.637,113,72,54,1,1,1,2,1,1
8.47471,124.625,8.50202,124.616,188,217,150,1,1,1,2,7,6
8.4571,124.606,8.50359,124.604,119,216,139,1,1,1,3,8,10
8.47219,124.617,8.48148,124.591,136,118,69,1,1,1,2,1,1
8.4792,124.589,8.44329,124.621,107,252,151,1,1,1,2,6,5
8.32374,124.596,8.48959,124.658,189,215,179,1,1,1,2,7,9
8.47547,124.647,8.47863,124.628,141,106,71,1,1,1,2,5,5
8.46769,124.587,8.49717,124.631,147,121,85,1,1,1,2,2,2
8.46359,124.611,8.45636,124.633,106,119,72,1,1,1,2,3,2
8.50432,124.637,8.43308,124.617,117,235,131,1,1,1,2,6,6
8.5039,124.609,8.46891,124.628,149,170,118,1,1,1,2,5,5
8.50133,124.634,8.42991,124.615,120,247,126,1,1,1,2,6,7
8.4345,124.619,8.22995,124.548,114,383,82,1,1,1,2,1,1
8.48487,124.639,8.47661,124.638,116,54,48,1,1,1,1,1,1
8.47163,124.573,8.39339,124.557,100,340,404,1,1,1,2,7,6
8.49015,124.64,8.50422,124.613,113,140,55,1,1,1,2,4,1
8.47827,124.655,8.37516,124.611,122,308,216,1,1,1,2,6,6
8.51375,124.639,8.4887,124.629,122,97,83,1,1,1,2,4,4
8.3969,124.594,8.50117,124.635,133,211,153,1,1,1,2,7,8
8.50766,124.637,8.47006,124.629,126,161,114,1,1,1,2,6,8
8.39221,124.521,8.47107,124.643,146,119,104,1,1,1,2,4,4
8.47281,124.604,8.47548,124.648,149,103,82,1,1,1,2,6,9
8.48362,124.598,8.37402,124.611,138,430,269,1,1,1,2,8,8
8.40895,124.613,8.48611,124.647,172,173,138,1,1,1,3,5,5
8.39539,124.524,8.5049,124.624,148,220,187,1,1,1,2,8,8
8.47827,124.628,8.47082,124.629,166,57,50,1,1,1,2,1,1
8.4723,124.647,8.48583,124.6,151,264,261,1,1,1,2,5,6
8.40556,124.57,8.51058,124.634,162,250,162,1,1,1,2,6,6
8.47407,124.645,8.48214,124.635,147,63,51,1,1,1,2,3,3
8.48472,124.659,8.48657,124.634,123,75,61,1,1,1,2,3,2
8.47724,124.65,8.4647,124.584,133,250,171,1,1,1,2,6,5
8.48448,124.645,8.47928,124.637,139,66,51,1,1,1,2,4,4
8.50939,124.637,8.48385,124.657,112,99,63,1,1,1,2,2,2
8.49695,124.642,8.50305,124.642,114,48,46,1,1,1,2,1,1
8.49329,124.639,8.35596,124.601,167,325,236,1,1,1,2,3,3
8.49413,124.604,8.4811,124.638,127,85,66,1,1,1,2,6,6
8.48324,124.638,8.47462,124.632,118,80,66,1,1,1,2,1,1
8.45193,124.583,8.40715,124.568,160,318,349,1,1,1,2,7,7
8.49352,124.632,8.50015,124.6,123,149,57,1,1,1,2,1,1
8.42429,124.609,8.49385,124.632,165,154,128,1,1,1,2,8,8
8.41596,124.609,8.49957,124.623,117,208,120,1,1,1,3,6,8
8.48446,124.638,8.49314,124.632,120,69,61,1,1,1,2,2,2
8.48002,124.657,8.49314,124.639,115,105,67,1,1,1,2,4,4
8.47082,124.629,8.49786,124.593,112,272,184,1,1,1,2,5,4
8.47434,124.65,8.47816,124.644,132,57,48,1,1,1,2,1,1
8.50198,124.632,8.30917,124.574,121,357,320,1,1,1,2,7,6
8.48552,124.652,8.47578,124.612,144,181,133,1,1,1,2,5,3
8.45935,124.606,8.47301,124.638,123,65,67,1,1,1,2,4,3
8.51013,124.635,8.3899,124.538,151,359,423,1,1,1,2,7,6
8.4825,124.634,8.48233,124.638,166,45,47,1,1,1,2,1,1
8.4772,124.652,8.4718,124.64,112,62,59,1,1,1,2,1,1
8.4762,124.626,8.49731,124.651,148,211,172,1,1,1,2,7,7
8.48703,124.646,8.29329,124.517,111,385,438,1,1,1,2,6,5
8.50415,124.633,8.49644,124.635,101,50,45,1,1,1,1,1,1
8.48498,124.638,8.47695,124.651,136,78,53,1,1,1,2,3,3
8.47466,124.625,8.4825,124.634,175,57,56,1,1,1,1,3,2
8.501,124.647,8.47767,124.648,108,90,61,1,1,1,1,3,3
8.47839,124.628,8.47285,124.62,121,60,58,1,1,1,2,1,1
8.48671,124.647,8.50908,124.647,117,123,60,1,1,1,2,1,1
8.48607,124.635,8.48374,124.657,111,100,55,1,1,1,2,3,2
8.47657,124.638,8.19568,124.532,103,524,511,1,1,1,2,3,3
8.50446,124.623,8.48095,124.629,128,70,59,1,1,1,2,3,5
8.49876,124.624,8.47544,124.631,122,68,53,1,1,1,2,3,3
8.50755,124.637,8.40606,124.57,156,334,356,1,1,1,2,7,6
8.4592,124.615,8.50936,124.649,111,189,114,1,1,1,2,3,4
8.44359,124.593,8.49894,124.642,113,165,110,1,1,1,2,8,6
8.48681,124.639,8.40138,124.586,118,317,261,1,1,1,2,4,4
8.40164,124.588,8.48066,124.658,147,191,111,1,1,1,2,5,7
8.48792,124.603,8.50432,124.625,125,60,55,1,1,1,1,2,2
8.50983,124.637,8.48726,124.649,118,74,61,1,1,1,2,1,1
8.50304,124.642,8.40408,124.571,157,338,362,1,1,1,2,5,6
8.5022,124.632,8.46843,124.609,151,268,300,1,1,1,2,8,9
8.4256,124.61,8.48235,124.63,153,81,63,1,1,1,2,5,5
8.40292,124.565,8.47363,124.609,150,198,127,1,1,1,2,5,5
8.47827,124.628,8.50371,124.607,177,241,147,1,1,1,2,6,6
8.48391,124.595,8.47204,124.618,134,58,57,1,1,1,1,2,2
8.47466,124.625,8.30444,124.544,126,391,268,1,1,1,2,2,2
8.50331,124.6,8.38123,124.61,180,279,256,1,1,1,2,6,4
8.49015,124.64,8.48434,124.658,116,70,47,1,1,1,2,1,1
8.50686,124.654,8.47101,124.643,124,120,82,1,1,1,2,6,6
8.49818,124.602,8.47778,124.646,147,111,69,1,1,1,2,6,6
8.45484,124.584,8.46036,124.626,148,194,138,1,1,1,2,4,7
8.47798,124.628,8.49329,124.604,186,251,250,1,1,1,2,8,8
8.46029,124.619,8.50917,124.643,135,212,173,1,1,1,3,5,5
8.51372,124.638,8.50457,124.624,112,52,48,1,1,1,2,3,2
8.50913,124.647,8.48549,124.636,125,57,56,1,1,1,2,2,2
8.51058,124.634,8.50298,124.641,114,46,45,1,1,1,1,1,1
8.50434,124.617,8.48485,124.638,126,65,54,1,1,1,2,2,2
8.37335,124.609,8.48687,124.633,166,136,127,1,1,1,2,4,4
8.47285,124.634,8.48608,124.65,138,120,91,1,1,1,2,4,5
8.49894,124.642,8.48415,124.596,127,238,200,1,1,1,2,4,3
8.31109,124.553,8.47761,124.626,123,84,73,1,1,1,2,5,5
8.50256,124.627,8.48925,124.603,121,131,62,1,1,1,2,1,1
8.47727,124.638,8.48876,124.593,105,269,214,1,1,1,2,2,2
8.48719,124.645,8.39762,124.559,137,358,555,1,1,1,2,6,5
8.47949,124.632,8.48447,124.639,116,61,50,1,1,1,2,2,2
8.46051,124.626,8.49331,124.641,130,122,88,1,1,1,2,4,3
8.48529,124.637,8.47494,124.623,119,107,71,1,1,1,2,3,3
8.50458,124.624,8.49637,124.631,125,51,52,1,1,1,2,1,1
8.47996,124.656,8.47292,124.62,134,149,95,1,1,1,2,5,5
8.49511,124.652,8.44329,124.621,123,212,135,1,1,1,2,5,5
8.48891,124.652,8.47099,124.642,115,66,53,1,1,1,2,5,5
8.46335,124.611,8.47492,124.621,105,58,62,1,1,1,2,2,2
8.48448,124.645,8.4267,124.616,172,269,198,1,1,1,3,5,5
8.3069,124.544,8.47254,124.619,123,79,76,1,1,1,2,5,5
8.47727,124.638,8.4912,124.634,119,96,66,1,1,1,2,2,2
8.49657,124.641,8.44645,124.631,121,212,70,1,1,1,2,4,3
8.4845,124.659,8.47807,124.646,113,54,51,1,1,1,1,1,1
8.48633,124.648,8.51345,124.638,125,140,63,1,1,1,2,1,1
8.48061,124.658,8.48138,124.645,116,49,49,1,1,1,2,2,2
8.47302,124.633,8.37459,124.611,133,326,163,1,1,1,2,3,3
8.4931,124.627,8.47663,124.629,152,54,50,1,1,1,3,2,3
8.50425,124.614,8.47608,124.63,128,83,61,1,1,1,2,4,4
8.44654,124.631,8.48686,124.631,115,95,75,1,1,1,2,2,2
8.4782,124.627,8.49172,124.641,143,115,74,1,1,1,2,2,2
8.47544,124.631,8.49273,124.627,125,141,104,1,1,1,2,3,5
8.49303,124.639,8.44667,124.637,123,197,109,1,1,1,2,3,3
8.47479,124.625,8.47087,124.617,138,56,56,1,1,1,2,1,1
8.50984,124.636,8.47693,124.629,157,117,84,1,1,1,2,3,3
8.47819,124.642,8.39819,124.602,163,295,216,1,1,1,3,5,5
8.4708,124.642,8.47518,124.646,121,48,49,1,1,1,2,1,1
8.19545,124.531,8.48346,124.597,153,225,151,1,1,1,2,4,5
8.49995,124.645,8.49151,124.628,114,161,104,1,1,1,2,3,4
8.48463,124.647,8.47395,124.633,118,91,61,1,1,1,2,3,2
8.47087,124.617,8.50292,124.636,139,164,115,1,1,1,2,2,3
8.48779,124.63,8.47303,124.635,139,103,79,1,1,1,2,2,3
8.48049,124.637,8.4803,124.637,132,46,56,1,1,1,2,1,1
8.50088,124.6,8.503,124.641,124,108,67,1,1,1,2,4,5
8.47017,124.634,8.4764,124.646,125,72,60,1,1,1,2,2,2
8.29809,124.583,8.47931,124.637,112,101,80,1,1,1,2,5,5
8.50876,124.636,8.49331,124.641,122,67,68,1,1,1,2,2,1
8.21737,124.538,8.47757,124.634,134,110,94,1,1,1,2,5,5
8.47395,124.633,8.49176,124.633,140,126,97,1,1,1,2,5,5
8.48231,124.635,8.49549,124.644,104,90,54,1,1,1,2,1,1
8.4779,124.648,8.51117,124.637,115,170,90,1,1,1,2,1,1
8.41868,124.613,8.47492,124.624,144,80,68,1,1,1,2,3,3
8.47608,124.63,8.47316,124.63,132,46,49,1,1,1,2,1,1
8.48693,124.659,8.42934,124.617,162,255,168,1,1,1,2,4,5
8.49758,124.631,8.50125,124.635,114,44,45,1,1,1,2,1,1
8.49457,124.637,8.47825,124.656,101,102,58,1,1,1,2,3,3
8.50622,124.643,8.50371,124.607,109,137,54,1,1,1,2,3,3
8.47483,124.621,8.50523,124.633,140,192,130,1,1,1,2,3,3
8.50311,124.629,8.49683,124.63,118,46,45,1,1,1,2,1,1
8.5045,124.62,8.49088,124.634,122,60,57,1,1,1,2,1,1
8.48102,124.606,8.44585,124.622,134,236,168,1,1,1,2,5,5
8.48365,124.61,8.46036,124.626,133,212,143,1,1,1,2,5,6
8.4774,124.649,8.50111,124.642,114,124,67,1,1,1,2,1,1
8.31092,124.548,8.48214,124.63,121,89,79,1,1,1,2,5,6
8.512,124.623,8.509,124.637,117,48,49,1,1,1,2,1,1
8.50294,124.627,8.47667,124.636,122,83,63,1,1,1,2,2,3
8.49273,124.627,8.48553,124.648,126,72,79,1,1,1,2,3,3
8.4749,124.631,8.45561,124.584,131,242,110,1,1,1,2,1,1
8.47557,124.651,8.48414,124.596,150,249,218,1,1,1,2,5,5
8.51012,124.637,8.47008,124.645,115,132,85,1,1,1,2,2,5
8.47136,124.643,8.36221,124.502,113,377,479,1,1,1,2,5,5
8.42604,124.616,8.50086,124.635,143,191,144,1,1,1,2,5,6
8.50298,124.641,8.49957,124.632,117,54,50,1,1,1,2,2,1
8.48655,124.648,8.48502,124.654,109,48,47,1,1,1,1,1,1
8.47482,124.623,8.35282,124.492,112,393,437,1,1,1,2,1,1
8.44883,124.641,8.4797,124.604,122,269,200,1,1,1,3,3,4
8.37385,124.611,8.46467,124.625,165,60,60,1,1,1,2,3,3
8.48692,124.633,8.38744,124.545,114,304,365,1,1,1,2,5,5
8.41057,124.612,8.47881,124.645,158,146,83,1,1,1,2,5,8
8.48653,124.659,8.37545,124.511,152,355,446,1,1,1,2,5,6
8.47608,124.63,8.5121,124.637,132,193,108,1,1,1,2,3,3
8.49603,124.631,8.50905,124.643,101,160,86,1,1,1,2,2,2
8.47288,124.63,8.51043,124.637,130,209,107,1,1,1,2,4,4
8.49238,124.633,8.24607,124.554,124,386,359,1,1,1,2,5,5
8.47045,124.59,8.48673,124.602,142,224,154,1,1,1,2,2,2
8.49256,124.64,8.48281,124.658,115,77,53,1,1,1,2,2,2
8.47782,124.652,8.49945,124.642,122,124,67,1,1,1,2,1,1
8.5022,124.622,8.48688,124.631,116,62,48,1,1,1,1,1,1
8.49568,124.631,8.50386,124.62,126,51,51,1,1,1,2,2,2
8.40606,124.57,8.47419,124.613,148,162,115,1,1,1,2,5,5
8.49873,124.642,8.5042,124.612,116,151,62,1,1,1,2,5,5
8.45306,124.633,8.49156,124.628,109,114,80,1,1,1,2,3,3
8.50321,124.64,8.49065,124.64,119,53,48,1,1,1,2,2,1
8.4729,124.635,8.49323,124.639,132,119,98,1,1,1,2,4,3
8.47817,124.646,8.50794,124.637,125,166,69,1,1,1,2,1,1
8.40215,124.59,8.49484,124.652,153,235,212,1,1,1,2,10,9
8.48425,124.658,8.47311,124.615,139,168,118,1,1,1,2,4,4
8.47873,124.638,8.46909,124.589,125,235,126,1,1,1,2,2,2
8.47327,124.606,8.40281,124.577,134,322,275,1,1,1,2,6,6
8.49546,124.645,8.48214,124.635,123,56,59,1,1,1,2,3,4
8.4317,124.617,8.49484,124.652,139,217,193,1,1,1,2,10,9
8.48633,124.648,8.50755,124.637,119,113,58,1,1,1,2,1,1
8.40462,124.571,8.47304,124.638,152,99,78,1,1,1,2,5,5
8.50305,124.642,8.50881,124.648,131,52,60,1,1,1,2,1,1
8.50934,124.637,8.48603,124.65,116,78,62,1,1,1,2,1,1
8.50265,124.646,8.46024,124.626,133,192,124,1,1,1,2,6,6
8.48138,124.645,8.39781,124.6,150,307,231,1,1,1,2,5,5
8.47548,124.643,8.48109,124.645,111,47,46,1,1,1,2,1,1
8.48319,124.638,8.4611,124.626,119,140,89,1,1,1,2,1,1
8.50383,124.608,8.48612,124.65,119,87,58,1,1,1,2,1,3
8.39699,124.556,8.4965,124.617,164,239,175,1,1,1,2,7,5
8.49147,124.612,8.47547,124.647,138,112,59,1,1,1,2,7,5
8.47924,124.637,8.48358,124.645,120,64,60,1,1,1,2,2,2
8.48217,124.61,8.4688,124.633,123,141,108,1,1,1,2,4,5
8.49818,124.602,8.48587,124.648,127,88,62,1,1,1,2,2,1
8.44955,124.623,8.48385,124.595,128,201,119,1,1,1,2,2,2
8.42999,124.614,8.4679,124.616,138,63,59,1,1,1,2,3,3
8.47015,124.629,8.22331,124.543,113,393,282,1,1,1,2,3,3
8.47125,124.641,8.50004,124.642,123,139,90,1,1,1,2,4,4
8.48111,124.609,8.49172,124.641,133,150,126,1,1,1,2,5,7
8.50659,124.624,8.47807,124.646,140,102,61,1,1,1,2,3,4
8.35264,124.493,8.47969,124.643,125,135,108,1,1,1,2,3,4
8.48467,124.639,8.47282,124.635,135,73,62,1,1,1,2,1,1
8.50148,124.633,8.49914,124.632,111,46,45,1,1,1,1,1,1
8.44944,124.632,8.50383,124.608,133,264,137,1,1,1,2,4,4
8.31067,124.567,8.49922,124.601,143,280,257,1,1,1,2,10,8
8.49163,124.654,8.48068,124.658,114,50,49,1,1,1,2,3,3
8.47094,124.634,8.49402,124.652,125,187,164,1,1,1,2,7,7
8.4799,124.656,8.48046,124.644,114,48,49,1,1,1,2,1,1
8.50164,124.622,8.47434,124.62,132,146,78,1,1,1,2,3,4
8.47424,124.62,8.47303,124.616,127,51,52,1,1,1,2,1,1
8.48126,124.637,8.48077,124.658,112,113,64,1,1,1,2,1,1
8.48277,124.63,8.50239,124.645,149,123,75,1,1,1,2,4,3
8.49263,124.633,8.48498,124.638,124,48,50,1,1,1,2,2,1
8.47759,124.654,8.29271,124.518,104,367,448,1,1,1,2,7,7
8.50447,124.624,8.40211,124.565,130,294,352,1,1,1,2,6,5
8.30708,124.591,8.4743,124.613,106,122,89,1,1,1,2,5,6
8.47518,124.646,8.49878,124.635,132,154,111,1,1,1,2,5,5
8.47421,124.647,8.49109,124.64,144,95,61,1,1,1,2,3,4
8.40829,124.613,8.39741,124.557,147,68,64,1,1,1,2,1,1
8.50437,124.62,8.21074,124.534,138,395,392,1,1,1,3,7,5
8.23302,124.551,8.50391,124.62,127,221,138,1,1,1,2,5,5
8.40216,124.573,8.47621,124.629,149,92,81,1,1,1,2,4,3
8.48395,124.657,8.49385,124.632,115,77,57,1,1,1,2,1,1
8.48445,124.639,8.46881,124.588,127,224,138,1,1,1,2,2,3
8.37917,124.61,8.49327,124.641,175,144,100,1,1,1,2,8,6
8.48487,124.655,8.47549,124.647,121,58,53,1,1,1,2,1,1
8.45349,124.632,8.16842,124.538,102,426,437,1,1,1,2,3,4
8.42281,124.609,8.47287,124.634,131,66,60,1,1,1,1,3,3
8.48432,124.658,8.50454,124.621,127,130,59,1,1,1,2,2,3
8.49088,124.634,8.48556,124.646,120,51,50,1,1,1,2,1,2
8.47494,124.623,8.46305,124.625,132,113,79,1,1,1,2,3,2
8.47554,124.65,8.46643,124.626,132,121,69,1,1,1,2,1,1
8.47424,124.62,8.47193,124.639,129,92,72,1,1,1,1,3,2
8.4115,124.612,8.47305,124.636,150,74,67,1,1,1,2,4,4
8.47154,124.64,8.22061,124.54,109,381,339,1,1,1,2,6,6
8.48643,124.602,8.48274,124.638,129,89,64,1,1,1,2,2,3
8.2909,124.589,8.48682,124.633,110,125,111,1,1,1,2,5,5
8.48163,124.607,8.47322,124.634,128,96,85,1,1,1,2,6,4
8.38674,124.542,8.49315,124.632,150,188,161,1,1,1,2,8,9
8.46199,124.632,8.49211,124.641,120,112,68,1,1,1,2,3,3
8.47928,124.656,8.50434,124.618,127,195,97,1,1,1,2,5,3
8.47091,124.629,8.48276,124.638,145,103,90,1,1,1,2,1,2
8.47503,124.597,8.48856,124.66,172,208,139,1,1,1,2,10,8
8.46826,124.609,8.4694,124.589,132,225,107,1,1,1,2,3,3
8.50448,124.624,8.51106,124.637,120,63,53,1,1,1,2,2,2
8.49777,124.602,8.43004,124.614,155,364,250,1,1,1,2,4,6
8.49966,124.593,8.48639,124.648,105,80,62,1,1,1,2,6,4
8.47467,124.623,8.48484,124.638,139,93,75,1,1,1,2,4,5
8.45849,124.585,8.45551,124.632,142,167,108,1,1,1,2,6,8
8.50164,124.647,8.49044,124.635,120,63,56,1,1,1,2,3,2
8.47065,124.643,8.4731,124.603,128,205,143,1,1,1,2,5,5
8.49044,124.635,8.41894,124.613,151,468,263,1,1,1,2,5,5
8.47796,124.627,8.49377,124.641,194,177,116,1,1,1,2,4,4
8.44683,124.631,8.47697,124.651,148,119,98,1,1,1,2,4,4
8.48458,124.632,8.48531,124.637,127,61,59,1,1,1,2,1,1
8.47455,124.622,8.50451,124.625,148,223,132,1,1,1,2,7,7
8.48759,124.639,8.48196,124.638,129,55,53,1,1,1,1,1,1
8.49263,124.604,8.48573,124.651,142,122,65,1,1,1,2,2,3
8.50807,124.615,8.5045,124.621,146,58,60,1,1,1,2,3,3
8.47315,124.634,8.47294,124.62,122,108,77,1,1,1,2,2,2
8.5009,124.632,8.4905,124.64,117,55,50,1,1,1,1,1,2
8.22826,124.545,8.50448,124.62,140,208,160,1,1,1,3,7,6
8.48061,124.637,8.5121,124.637,124,142,71,1,1,1,2,1,1
8.47255,124.606,8.47302,124.628,124,139,111,1,1,1,2,4,4
8.3972,124.557,8.47693,124.644,173,130,93,1,1,1,3,5,6
8.49091,124.628,8.40116,124.611,120,309,171,1,1,1,2,4,4
8.40228,124.572,8.48297,124.644,162,157,117,1,1,1,3,5,4
8.51052,124.615,8.4921,124.633,117,57,49,1,1,1,2,2,2
8.47844,124.643,8.3083,124.545,108,367,377,1,1,1,2,5,5
8.48743,124.645,8.485,124.639,108,49,48,1,1,1,1,2,2
8.47061,124.643,8.48446,124.657,130,92,63,1,1,1,2,4,3
8.48352,124.597,8.47913,124.588,106,48,49,1,1,1,2,1,1
8.46197,124.613,8.47544,124.631,104,51,53,1,1,1,2,2,2
8.48719,124.63,8.50895,124.648,121,164,90,1,1,1,2,5,6
8.47302,124.63,8.3143,124.559,106,352,294,1,1,1,2,2,2
8.48112,124.629,8.48083,124.629,125,52,57,1,1,1,2,1,1
8.48623,124.602,8.46778,124.627,137,194,146,1,1,1,2,5,6
8.47477,124.645,8.42376,124.607,123,249,113,1,1,1,2,1,1
8.43609,124.642,8.38771,124.546,104,332,380,1,1,1,2,6,7
8.42832,124.613,8.47555,124.647,127,106,73,1,1,1,2,5,5
8.49795,124.593,8.47277,124.619,112,166,100,1,1,1,2,6,9
8.47296,124.633,8.39786,124.528,122,346,408,1,1,1,2,2,2
8.21787,124.538,8.42837,124.617,129,66,59,1,1,1,2,2,2
8.40884,124.613,8.47518,124.611,137,151,89,1,1,1,2,4,5
8.40221,124.572,8.49919,124.649,164,248,218,1,1,1,3,9,11
8.48412,124.657,8.50298,124.643,111,83,57,1,1,1,2,1,1
8.48616,124.65,8.50438,124.62,110,135,59,1,1,1,2,1,3
8.43047,124.617,8.47306,124.62,141,70,62,1,1,1,2,5,5
8.47304,124.638,8.48618,124.649,130,108,77,1,1,1,2,2,2
8.37681,124.61,8.48768,124.625,137,158,129,1,1,1,2,5,5
8.50378,124.594,8.47916,124.638,122,74,63,1,1,1,2,5,6
8.48759,124.639,8.46142,124.619,117,187,107,1,1,1,2,3,3
8.47823,124.656,8.50475,124.639,111,135,67,1,1,1,2,1,1
8.43185,124.617,8.50181,124.647,134,197,117,1,1,1,2,7,10
8.47597,124.642,8.47182,124.64,108,51,48,1,1,1,2,1,1
8.46157,124.619,8.48722,124.63,136,118,105,1,1,1,2,5,4
8.49356,124.641,8.48691,124.631,115,60,52,1,1,1,2,2,1
8.48366,124.597,8.48719,124.645,127,140,111,1,1,1,2,4,3
8.46912,124.606,8.44403,124.636,111,183,111,1,1,1,2,7,5
8.47323,124.615,8.50444,124.639,134,176,106,1,1,1,2,5,4
8.47849,124.654,8.49383,124.641,109,102,67,1,1,1,2,5,5
8.47823,124.656,8.47294,124.62,113,145,94,1,1,1,2,5,5
8.47766,124.643,8.49245,124.604,115,247,232,1,1,1,2,4,3
8.45814,124.621,8.5046,124.624,140,179,125,1,1,1,2,8,6
8.47106,124.643,8.47301,124.637,118,52,50,1,1,1,1,1,1
8.47963,124.638,8.50359,124.604,123,183,94,1,1,1,2,2,2
8.50507,124.639,8.50103,124.635,112,45,47,1,1,1,2,1,1
8.50245,124.643,8.48949,124.658,111,67,50,1,1,1,2,1,1
8.48641,124.648,8.47336,124.607,144,198,147,1,1,1,2,4,4
8.49472,124.626,8.48156,124.648,124,84,60,1,1,1,2,4,5
8.50786,124.637,8.50302,124.646,112,52,54,1,1,1,2,1,1
8.37821,124.61,8.48756,124.63,160,142,122,1,1,1,2,5,6
8.47835,124.646,8.40686,124.57,156,317,337,1,1,1,2,4,4
8.47213,124.629,8.45184,124.583,127,249,101,1,1,1,2,2,2
8.44505,124.577,8.42797,124.624,105,319,292,1,1,1,3,10,6
8.47322,124.634,8.49079,124.628,132,123,91,1,1,1,2,5,5
8.498,124.65,8.50786,124.637,110,51,47,1,1,1,2,1,3
8.50962,124.649,8.48101,124.637,120,66,57,1,1,1,2,4,4
8.40278,124.582,8.48322,124.638,139,122,84,1,1,1,2,4,5
8.50835,124.637,8.48732,124.645,113,70,61,1,1,1,2,1,3
8.50285,124.644,8.4708,124.642,113,115,67,1,1,1,2,5,3
8.49044,124.635,8.47209,124.618,143,148,75,1,1,1,2,4,5
8.50308,124.641,8.48075,124.611,119,185,114,1,1,1,2,3,4
8.483,124.598,8.48137,124.629,128,76,76,1,1,1,2,4,5
8.3098,124.546,8.40329,124.579,119,338,249,1,1,1,2,4,4
8.46978,124.589,8.48452,124.639,137,101,85,1,1,1,2,6,7
8.48837,124.603,8.44081,124.567,108,303,285,1,1,1,2,5,4
8.47291,124.637,8.40013,124.562,133,328,303,1,1,1,2,2,2
8.47288,124.638,8.49102,124.64,133,91,52,1,1,1,2,1,1
8.48527,124.659,8.5125,124.637,117,124,61,1,1,1,2,1,2
8.45942,124.615,8.49507,124.652,103,193,177,1,1,1,2,5,6
8.24292,124.554,8.50895,124.649,132,217,135,1,1,1,2,7,5
8.476,124.611,8.48142,124.629,131,64,66,1,1,1,2,2,3
8.47213,124.629,8.5009,124.632,129,164,114,1,1,1,2,4,4
8.51375,124.639,8.4794,124.604,125,195,97,1,1,1,2,5,5
8.47997,124.643,8.49726,124.631,122,165,104,1,1,1,2,3,3
8.47355,124.638,8.40148,124.587,137,333,318,1,1,1,2,2,2
8.49741,124.631,8.30457,124.593,122,385,443,1,1,1,2,3,3
8.29086,124.589,8.49994,124.632,117,182,143,1,1,1,2,9,9
8.50439,124.621,8.47036,124.644,153,131,80,1,1,1,3,3,4
8.43813,124.563,8.50343,124.603,113,152,85,1,1,1,2,3,3
8.50057,124.636,8.45776,124.633,107,160,69,1,1,1,2,4,3
8.49376,124.638,8.46689,124.649,100,137,95,1,1,1,3,6,5
8.48224,124.635,8.46289,124.609,165,258,223,1,1,1,2,2,2
8.48617,124.65,8.51084,124.623,123,145,60,1,1,1,2,2,2
8.47473,124.611,8.4793,124.637,135,77,76,1,1,1,2,4,3
8.474,124.62,8.50376,124.608,144,234,162,1,1,1,2,7,5
8.49404,124.638,8.48489,124.655,101,68,50,1,1,1,2,4,3
8.4662,124.572,8.4779,124.648,110,133,102,1,1,1,2,7,10
8.50429,124.615,8.44766,124.631,125,208,100,1,1,1,2,4,4
8.49597,124.613,8.47828,124.633,127,69,52,1,1,1,2,4,4
8.47507,124.631,8.50321,124.64,117,170,119,1,1,1,2,4,3
8.4549,124.632,8.48462,124.639,109,70,54,1,1,1,2,3,4
8.47293,124.637,8.29723,124.535,106,376,370,1,1,1,2,3,3
8.48641,124.648,8.47303,124.635,141,85,58,1,1,1,2,2,2
8.48148,124.629,8.48722,124.63,124,53,51,1,1,1,2,1,1
8.40687,124.57,8.50467,124.633,156,254,164,1,1,1,2,9,9
8.47695,124.651,8.40438,124.571,156,368,335,1,1,1,2,5,5
8.43195,124.617,8.35278,124.492,115,385,151,1,1,1,2,1,1
8.48407,124.657,8.41935,124.613,117,295,207,1,1,1,2,5,4
8.47789,124.646,8.50429,124.615,123,172,94,1,1,1,2,5,3
8.23574,124.553,8.48163,124.607,123,262,213,1,1,1,2,6,6
8.48112,124.629,8.50343,124.603,133,227,124,1,1,1,2,6,5
8.51158,124.623,8.5121,124.637,118,55,53,1,1,1,2,1,1
8.47918,124.588,8.50358,124.621,112,71,58,1,1,1,2,3,3
8.48318,124.657,8.47873,124.638,123,79,70,1,1,1,2,2,4
8.51345,124.638,8.2934,124.525,112,476,467,1,1,1,2,7,6
8.25293,124.57,8.44876,124.64,117,122,108,1,1,1,2,3,3
8.49726,124.631,8.49053,124.611,138,109,69,1,1,1,2,3,3
8.4852,124.654,8.47246,124.63,132,137,93,1,1,1,2,7,7
8.47572,124.613,8.47274,124.619,139,55,63,1,1,1,1,1,1
8.47423,124.577,8.48224,124.635,120,137,114,1,1,1,2,3,6
8.38785,124.548,8.51144,124.632,160,283,244,1,1,1,2,9,9
8.47291,124.635,8.49543,124.645,109,174,88,1,1,1,2,5,5
8.40252,124.565,8.47664,124.637,149,146,92,1,1,1,2,6,6
8.50912,124.647,8.50451,124.625,130,77,59,1,1,1,2,3,3
8.49197,124.652,8.4888,124.66,120,47,48,1,1,1,2,1,1
8.47865,124.627,8.39675,124.555,170,369,329,1,1,1,2,2,2
8.50181,124.647,8.49461,124.604,125,195,106,1,1,1,2,2,2
8.40384,124.611,8.49995,124.623,140,219,131,1,1,1,2,8,6
8.47133,124.634,8.46963,124.606,123,183,106,1,1,1,2,1,1
8.49045,124.64,8.4785,124.627,127,116,59,1,1,1,2,1,1
8.4733,124.63,8.47544,124.631,132,46,51,1,1,1,2,1,1
8.4659,124.607,8.48489,124.655,132,153,126,1,1,1,2,10,6
8.42449,124.609,8.1963,124.528,110,424,358,1,1,1,2,4,4
8.50371,124.606,8.47425,124.631,152,94,65,1,1,1,2,6,5
8.48743,124.645,8.50947,124.649,112,128,59,1,1,1,2,1,1
8.47233,124.627,8.4245,124.609,123,174,57,1,1,1,2,1,1
8.47993,124.647,8.51126,124.637,122,148,66,1,1,1,2,1,1
8.46609,124.572,8.49187,124.633,111,94,92,1,1,1,2,4,5
8.47171,124.64,8.44353,124.592,107,290,237,1,1,1,2,3,2
8.46426,124.625,8.47719,124.629,121,55,51,1,1,1,2,2,2
8.4774,124.646,8.48732,124.645,116,60,54,1,1,1,2,1,1
8.42832,124.613,8.47608,124.63,148,61,58,1,1,1,2,3,3
8.30918,124.572,8.38956,124.52,112,382,451,1,1,1,2,4,5
8.47596,124.645,8.48008,124.637,121,56,51,1,1,1,2,1,1
8.48527,124.659,8.48137,124.629,129,100,71,1,1,1,2,3,3
8.47294,124.605,8.48366,124.657,142,162,127,1,1,1,2,9,8
8.42389,124.626,8.48081,124.61,115,268,257,1,1,1,3,4,4
8.48327,124.644,8.47839,124.628,131,110,74,1,1,1,2,4,3
8.37445,124.511,8.45346,124.621,147,79,86,1,1,1,2,4,5
8.35348,124.492,8.485,124.638,122,128,115,1,1,1,2,4,4
8.3535,124.492,8.50147,124.6,126,274,216,1,1,1,2,8,9
8.45463,124.624,8.48242,124.634,125,84,64,1,1,1,2,4,4
8.37467,124.611,8.47959,124.604,150,240,176,1,1,1,2,6,6
8.48743,124.645,8.39651,124.559,135,350,378,1,1,1,2,5,6
8.47091,124.629,8.47221,124.629,116,48,47,1,1,1,1,1,1
8.48321,124.638,8.47339,124.638,113,64,53,1,1,1,2,1,1
8.47328,124.606,8.49049,124.611,124,72,65,1,1,1,2,1,1
8.51088,124.637,8.47067,124.634,124,121,79,1,1,1,2,2,4
8.18128,124.531,8.44152,124.594,108,297,230,1,1,1,2,4,5
8.49134,124.634,8.45834,124.585,135,272,190,1,1,1,2,4,3
8.28605,124.581,8.48491,124.655,132,177,121,1,1,1,2,8,7
8.5039,124.636,8.47907,124.645,116,89,63,1,1,1,1,6,5
8.46061,124.626,8.44585,124.622,119,49,48,1,1,1,2,1,1
8.50392,124.626,8.4638,124.625,139,179,112,1,1,1,2,5,5
8.49731,124.651,8.38131,124.515,161,354,443,1,1,1,3,6,7
8.48088,124.63,8.50288,124.643,121,126,73,1,1,1,2,4,4
8.47719,124.643,8.47065,124.643,114,49,48,1,1,1,2,1,1
8.48743,124.645,8.49511,124.641,109,53,48,1,1,1,2,1,1
8.49523,124.604,8.50899,124.648,120,216,147,1,1,1,2,3,4
8.50302,124.643,8.38768,124.547,159,336,400,1,1,1,3,5,5
8.47311,124.62,8.46959,124.616,131,51,52,1,1,1,2,1,1
8.48315,124.638,8.49741,124.631,108,92,63,1,1,1,2,2,2
8.472,124.618,8.44194,124.573,106,204,77,1,1,1,2,1,1
8.48825,124.642,8.49804,124.631,108,61,52,1,1,1,2,1,1
8.50434,124.616,8.50873,124.637,110,62,54,1,1,1,2,2,2
8.1997,124.527,8.47198,124.639,129,91,81,1,1,1,2,4,4
8.44878,124.64,8.47785,124.628,120,93,65,1,1,1,2,5,6
8.50235,124.6,8.51111,124.637,121,70,62,1,1,1,2,4,3
8.50298,124.641,8.40318,124.565,154,321,371,1,1,1,2,5,5
8.48902,124.64,8.4274,124.626,103,270,221,1,1,1,2,4,3
8.50007,124.635,8.47476,124.646,109,97,59,1,1,1,2,6,5
8.48478,124.638,8.48737,124.645,120,59,54,1,1,1,2,2,2
8.47303,124.637,8.47988,124.656,117,119,75,1,1,1,2,3,3
8.46811,124.588,8.49032,124.635,138,148,115,1,1,1,2,2,8
8.48419,124.596,8.4985,124.624,126,76,61,1,1,1,2,3,3
8.47785,124.628,8.49747,124.63,147,148,102,1,1,1,2,7,6
8.50801,124.637,8.5081,124.637,109,46,45,1,1,1,2,1,1
8.44866,124.584,8.51326,124.638,147,179,95,1,1,1,2,2,3
8.5093,124.643,8.43022,124.617,144,232,123,1,1,1,3,4,6
8.47358,124.628,8.40612,124.57,122,316,249,1,1,1,2,1,1
8.50939,124.645,8.47731,124.626,146,106,63,1,1,1,2,2,3
8.46415,124.57,8.47367,124.628,114,70,71,1,1,1,2,3,4
8.50686,124.654,8.48693,124.631,114,77,58,1,1,1,2,4,2
8.48583,124.639,8.47435,124.615,113,165,110,1,1,1,2,2,2
8.47434,124.62,8.50428,124.615,144,205,145,1,1,1,2,8,7
8.47553,124.613,8.50432,124.616,135,155,79,1,1,1,2,1,1
8.50807,124.615,8.50327,124.633,122,57,52,1,1,1,2,3,3
8.45765,124.625,8.49383,124.641,125,140,89,1,1,1,2,3,3
8.5094,124.645,8.49685,124.64,106,47,47,1,1,1,2,1,2
8.50801,124.637,8.49187,124.633,112,59,51,1,1,1,2,3,3
8.48447,124.639,8.48274,124.638,115,46,48,1,1,1,1,1,1
8.47478,124.625,8.48825,124.642,175,116,83,1,1,1,2,8,8
8.49234,124.604,8.49127,124.64,121,76,61,1,1,1,2,2,3
8.43059,124.617,8.49511,124.641,138,160,97,1,1,1,2,7,6
8.47305,124.636,8.50076,124.635,120,164,124,1,1,1,2,5,6
8.50398,124.61,8.49717,124.651,116,120,72,1,1,1,2,4,4
8.47251,124.626,8.45843,124.625,153,105,80,1,1,1,2,2,2
8.47277,124.616,8.512,124.623,139,209,130,1,1,1,2,7,6
8.50964,124.637,8.47306,124.635,112,104,76,1,1,1,2,3,3
8.48399,124.657,8.47198,124.639,141,87,69,1,1,1,2,6,6
8.47183,124.639,8.47424,124.62,127,108,71,1,1,1,2,2,3
8.49693,124.634,8.48133,124.637,103,51,49,1,1,1,2,2,2
8.50292,124.643,8.47471,124.625,176,149,81,1,1,1,2,4,5
8.37907,124.61,8.50335,124.601,170,258,175,1,1,1,2,9,6
8.44441,124.595,8.47424,124.631,107,66,72,1,1,1,2,7,6
8.47311,124.62,8.46533,124.626,128,96,83,1,1,1,2,3,3
8.48141,124.591,8.47865,124.644,128,126,104,1,1,1,2,7,7
8.47352,124.608,8.48727,124.63,133,117,99,1,1,1,2,4,4
8.47296,124.62,8.50323,124.596,130,264,182,1,1,1,2,6,6
8.4803,124.637,8.4664,124.572,106,295,241,1,1,1,2,3,3
8.47082,124.629,8.4784,124.627,127,50,49,1,1,1,2,1,1
8.48699,124.632,8.39728,124.596,126,302,165,1,1,1,2,3,4
8.47305,124.636,8.49151,124.628,133,125,89,1,1,1,2,4,4
8.4735,124.644,8.47359,124.633,121,58,53,1,1,1,2,1,1
8.50598,124.647,8.51399,124.638,111,52,49,1,1,1,2,2,2
8.48741,124.63,8.45984,124.633,107,123,80,1,1,1,2,2,3
8.48965,124.629,8.5125,124.637,118,150,66,1,1,1,2,1,1
8.4981,124.642,8.48192,124.637,110,53,52,1,1,1,2,1,2
8.45664,124.625,8.40139,124.587,124,240,68,1,1,1,2,1,1
8.47839,124.628,8.4756,124.611,120,87,66,1,1,1,2,1,1
8.48748,124.639,8.4456,124.578,100,285,189,1,1,1,2,3,2
8.48638,124.632,8.50378,124.64,127,120,63,1,1,1,2,1,1
8.48563,124.636,8.4457,124.622,122,189,108,1,1,1,2,5,5
8.42577,124.615,8.47535,124.626,146,78,62,1,1,1,1,3,4
8.47302,124.637,8.48123,124.645,116,82,62,1,1,1,2,2,1
8.48768,124.63,8.47327,124.63,133,64,64,1,1,1,2,3,3
8.47355,124.638,8.4811,124.638,119,54,50,1,1,1,2,1,2
8.48491,124.655,8.4759,124.611,142,193,148,1,1,1,2,7,6
8.48789,124.643,8.50873,124.637,109,104,52,1,1,1,2,1,1
8.47767,124.648,8.43224,124.617,154,234,116,1,1,1,2,1,1
8.29809,124.588,8.31107,124.553,99,360,299,1,1,1,2,5,6
8.47571,124.626,8.50299,124.641,183,158,86,1,1,1,2,6,5
8.49521,124.637,8.48652,124.648,99,51,49,1,1,1,2,3,2
8.47759,124.649,8.4779,124.648,108,44,47,1,1,1,1,1,1
8.48085,124.658,8.47494,124.623,135,135,84,1,1,1,2,6,6
8.47737,124.601,8.47219,124.617,136,52,54,1,1,1,1,1,1
8.5121,124.637,8.48688,124.631,111,78,67,1,1,1,2,4,3
8.48204,124.646,8.48068,124.658,107,65,54,1,1,1,2,3,3
8.5092,124.646,8.4921,124.633,112,61,55,1,1,1,2,3,3
8.50417,124.62,8.49026,124.611,111,56,50,1,1,1,2,1,1
8.48837,124.603,8.39003,124.521,134,352,429,1,1,1,2,6,6
8.48868,124.641,8.43002,124.614,127,234,120,1,1,1,2,5,4
8.4932,124.627,8.4897,124.652,125,168,139,1,1,1,2,5,5
8.46742,124.573,8.47125,124.641,109,100,83,1,1,1,2,5,8
8.45463,124.641,8.49392,124.638,103,136,101,1,1,1,3,6,6
8.49974,124.593,8.48062,124.657,101,129,69,1,1,1,2,3,2
8.49385,124.652,8.48405,124.657,111,50,49,1,1,1,2,2,2
8.39622,124.612,8.48133,124.637,161,89,71,1,1,1,2,4,5
8.46132,124.626,8.4774,124.649,120,102,71,1,1,1,2,3,4
8.46645,124.607,8.4825,124.634,128,73,72,1,1,1,2,4,4
8.47963,124.638,8.51372,124.638,118,149,67,1,1,1,2,1,1
8.48446,124.657,8.41212,124.605,106,291,200,1,1,1,2,4,3
8.4849,124.638,8.44843,124.622,119,185,100,1,1,1,2,4,4
8.48607,124.635,8.45545,124.632,103,125,71,1,1,1,2,3,3
8.47863,124.628,8.51219,124.63,166,215,139,1,1,1,2,9,10
8.50447,124.624,8.49296,124.632,118,53,49,1,1,1,1,1,1
8.47566,124.643,8.47359,124.633,112,60,49,1,1,1,2,1,1
8.49044,124.635,8.44118,124.572,109,297,222,1,1,1,2,3,3
8.46827,124.607,8.48461,124.656,129,153,127,1,1,1,2,7,8
8.48144,124.637,8.44472,124.645,127,203,138,1,1,1,2,2,2
8.48144,124.637,8.44821,124.631,139,148,65,1,1,1,2,1,1
8.46467,124.625,8.49166,124.633,129,122,96,1,1,1,2,6,5
8.47924,124.637,8.47763,124.649,117,67,50,1,1,1,2,1,1
8.49546,124.645,8.49242,124.64,101,45,47,1,1,1,2,2,2
8.48324,124.638,8.47767,124.648,115,68,51,1,1,1,2,1,1
8.46523,124.632,8.48242,124.634,109,68,57,1,1,1,2,5,5
8.42269,124.609,8.50052,124.636,135,184,148,1,1,1,2,5,5
8.4752,124.611,8.50919,124.65,136,185,109,1,1,1,2,5,6
8.50379,124.607,8.48531,124.637,116,67,53,1,1,1,2,4,3
8.51089,124.624,8.46621,124.612,102,273,317,1,1,1,2,4,5
8.48732,124.645,8.48877,124.66,108,67,51,1,1,1,1,2,2
8.38773,124.546,8.47486,124.625,146,111,96,1,1,1,2,5,4
8.48696,124.632,8.472,124.617,123,130,80,1,1,1,2,3,3
8.40687,124.57,8.47719,124.627,145,91,76,1,1,1,2,5,5
8.49887,124.649,8.42999,124.617,132,254,162,1,1,1,2,8,7
8.48274,124.638,8.49726,124.631,124,97,70,1,1,1,2,2,2
8.44554,124.577,8.48159,124.61,105,53,51,1,1,1,2,2,2
8.16355,124.553,8.488,124.63,131,154,142,1,1,1,2,5,7
8.41954,124.613,8.49015,124.64,138,135,79,1,1,1,2,5,6
8.39149,124.536,8.30679,124.544,112,383,353,1,1,1,2,5,5
8.47847,124.628,8.48657,124.634,131,121,81,1,1,1,2,4,3
8.44463,124.622,8.50492,124.634,145,196,137,1,1,1,2,6,7
8.47123,124.643,8.50968,124.636,125,173,106,1,1,1,2,4,5
8.47661,124.638,8.4813,124.658,118,113,65,1,1,1,2,3,3
8.39861,124.53,8.48687,124.633,143,151,137,1,1,1,2,6,5
8.48783,124.651,8.47284,124.638,111,81,56,1,1,1,2,4,4
8.49546,124.645,8.50311,124.64,103,129,70,1,1,1,2,3,3
8.46959,124.647,8.4839,124.657,126,82,60,1,1,1,2,3,3
8.45627,124.624,8.47233,124.639,123,66,56,1,1,1,2,2,2
8.47302,124.635,8.48571,124.636,120,81,64,1,1,1,2,1,1
8.48553,124.648,8.4862,124.648,109,45,48,1,1,1,1,1,1
8.48384,124.657,8.42433,124.609,117,266,173,1,1,1,2,7,5
8.40216,124.573,8.48829,124.652,163,183,121,1,1,1,3,7,8
8.47873,124.638,8.4759,124.612,117,155,101,1,1,1,2,2,1
8.48724,124.63,8.46753,124.609,133,258,255,1,1,1,2,7,7
8.50395,124.62,8.46427,124.607,150,273,305,1,1,1,3,7,6
8.4825,124.634,8.4768,124.6,172,208,127,1,1,1,2,2,2
8.47818,124.587,8.47863,124.654,110,166,113,1,1,1,2,9,9
8.49623,124.616,8.51084,124.623,122,54,53,1,1,1,2,2,2
8.47312,124.63,8.50061,124.636,125,176,126,1,1,1,2,3,3
8.45793,124.584,8.47229,124.629,144,100,87,1,1,1,2,7,8
8.48653,124.659,8.48902,124.64,112,55,49,1,1,1,1,1,1
8.47312,124.63,8.47782,124.652,127,115,76,1,1,1,2,4,3
8.48592,124.659,8.47313,124.602,148,216,160,1,1,1,2,7,7
8.49025,124.628,8.48365,124.595,119,260,190,1,1,1,2,3,4
8.50777,124.624,8.30438,124.544,105,363,408,1,1,1,2,7,7
8.37187,124.609,8.48678,124.647,166,152,111,1,1,1,2,4,4
8.48137,124.629,8.39048,124.61,125,281,117,1,1,1,2,1,1
8.48141,124.637,8.47503,124.597,123,205,122,1,1,1,2,1,2
8.47779,124.646,8.45533,124.641,101,133,69,1,1,1,2,2,2
8.47426,124.647,8.47832,124.644,124,48,49,1,1,1,2,1,1
8.49663,124.63,8.44323,124.595,109,300,324,1,1,1,2,3,4
8.47865,124.627,8.50323,124.596,152,246,160,1,1,1,2,7,6
8.48402,124.657,8.47941,124.656,107,47,47,1,1,1,2,1,1
8.50912,124.647,8.47311,124.606,147,207,168,1,1,1,2,4,5
8.47236,124.639,8.47754,124.649,121,80,60,1,1,1,2,2,3
8.48347,124.644,8.47835,124.628,157,110,72,1,1,1,3,4,4
8.31025,124.546,8.487,124.639,119,123,112,1,1,1,2,5,5
8.50322,124.596,8.50297,124.593,103,44,45,1,1,1,2,1,1
8.50378,124.64,8.50794,124.637,110,47,46,1,1,1,2,1,1
8.47963,124.638,8.47411,124.62,118,115,70,1,1,1,2,1,1
8.48689,124.649,8.3751,124.611,188,309,216,1,1,1,3,5,5
8.44956,124.632,8.47303,124.635,108,48,47,1,1,1,2,1,1
8.51326,124.638,8.50342,124.603,112,94,57,1,1,1,2,3,3
8.45407,124.64,8.50512,124.643,109,147,78,1,1,1,2,6,4
8.46946,124.606,8.47285,124.638,121,74,73,1,1,1,1,4,3
8.47753,124.638,8.44559,124.578,102,267,159,1,1,1,2,2,3
8.49454,124.652,8.47471,124.624,147,150,97,1,1,1,2,6,5
8.47469,124.629,8.46584,124.626,134,61,48,1,1,1,2,1,1
8.47424,124.631,8.47311,124.635,124,49,49,1,1,1,2,1,1
8.47461,124.623,8.31766,124.591,138,364,102,1,1,1,2,2,2
8.16961,124.563,8.48313,124.638,130,110,98,1,1,1,2,5,5
8.51047,124.635,8.47285,124.638,127,98,66,1,1,1,2,4,3
8.49773,124.642,8.47043,124.643,113,96,62,1,1,1,2,3,3
8.47304,124.638,8.46029,124.619,122,139,82,1,1,1,2,1,1
8.46995,124.606,8.49197,124.652,133,195,181,1,1,1,2,12,8
8.46874,124.646,8.47291,124.637,129,48,49,1,1,1,2,1,1
8.45222,124.583,8.48231,124.635,144,78,81,1,1,1,2,6,4
8.38223,124.515,8.47439,124.65,146,149,114,1,1,1,2,5,6
8.49327,124.641,8.4985,124.624,123,148,82,1,1,1,2,6,3
8.49331,124.641,8.42437,124.637,104,260,167,1,1,1,2,5,4
8.48768,124.63,8.4848,124.638,112,48,47,1,1,1,1,1,1
8.49588,124.636,8.48487,124.655,101,69,51,1,1,1,2,3,4
8.4811,124.638,8.48105,124.658,117,114,68,1,1,1,2,1,1
8.40329,124.579,8.47727,124.638,143,108,77,1,1,1,2,5,5
8.50797,124.643,8.38421,124.56,109,350,382,1,1,1,3,5,6
8.49091,124.628,8.485,124.638,114,47,48,1,1,1,1,1,2
8.48485,124.638,8.48277,124.63,119,59,55,1,1,1,2,1,1
8.48111,124.609,8.47404,124.631,140,95,80,1,1,1,2,5,5
8.43527,124.619,8.47292,124.62,129,70,60,1,1,1,1,3,2
8.48214,124.635,8.48669,124.647,161,85,61,1,1,1,2,3,3
8.40641,124.612,8.49025,124.628,139,171,122,1,1,1,2,5,5
8.47229,124.639,8.47602,124.626,132,83,69,1,1,1,2,2,1
8.46365,124.584,8.42371,124.606,139,298,176,1,1,1,2,7,6
8.47011,124.645,8.47343,124.638,125,54,54,1,1,1,2,1,1
8.471,124.642,8.48148,124.629,142,82,74,1,1,1,2,3,3
8.4749,124.621,8.47119,124.643,127,91,69,1,1,1,1,4,5
8.47697,124.651,8.48674,124.647,119,59,52,1,1,1,2,2,1
8.47661,124.638,8.39755,124.559,122,344,343,1,1,1,2,3,2
8.45572,124.633,8.44717,124.586,104,279,145,1,1,1,2,3,3
8.47314,124.602,8.48393,124.657,139,171,122,1,1,1,2,8,9
8.47811,124.654,8.48472,124.659,116,58,56,1,1,1,2,2,2
8.51196,124.624,8.48901,124.658,120,167,85,1,1,1,2,1,1
8.48166,124.645,8.48301,124.631,148,93,59,1,1,1,2,2,2
8.49107,124.651,8.48677,124.602,120,255,240,1,1,1,2,4,4
8.42292,124.635,8.47865,124.627,120,111,73,1,1,1,2,5,6
8.51196,124.624,8.4915,124.633,121,59,53,1,1,1,2,2,2
8.44821,124.631,8.48462,124.639,112,72,56,1,1,1,2,4,3
8.44814,124.586,8.50372,124.608,118,80,63,1,1,1,2,4,3
8.4351,124.619,8.48194,124.592,143,263,149,1,1,1,2,3,4
8.44536,124.587,8.31178,124.587,114,413,269,1,1,1,2,9,9
8.39973,124.608,8.48618,124.649,161,174,109,1,1,1,2,4,4
8.38963,124.517,8.47455,124.622,154,99,107,1,1,1,2,2,2
8.45065,124.583,8.44301,124.643,128,312,194,1,1,1,3,7,8
8.38686,124.541,8.50777,124.624,152,257,178,1,1,1,2,10,11
8.17158,124.566,8.4942,124.652,139,227,228,1,1,1,2,10,11
8.48486,124.6,8.46508,124.632,142,137,110,1,1,1,2,7,7
8.47979,124.638,8.48236,124.635,125,51,53,1,1,1,2,1,1
8.3714,124.609,8.46338,124.611,121,307,274,1,1,1,2,5,5
8.47046,124.643,8.48722,124.63,133,108,90,1,1,1,2,4,3
8.48902,124.64,8.476,124.611,117,198,128,1,1,1,2,2,2
8.47303,124.635,8.47841,124.647,123,93,68,1,1,1,2,4,5
8.48447,124.639,8.38348,124.56,117,353,396,1,1,1,2,4,4
8.476,124.611,8.47443,124.649,139,112,84,1,1,1,1,7,6
8.5057,124.647,8.50047,124.636,115,51,54,1,1,1,2,3,3
8.47928,124.637,8.49226,124.633,122,94,69,1,1,1,2,2,2
8.48415,124.658,8.48472,124.659,109,49,47,1,1,1,1,1,1
8.47284,124.638,8.37467,124.611,134,344,197,1,1,1,2,3,3
8.48831,124.642,8.48074,124.658,127,76,53,1,1,1,2,1,1
8.45556,124.633,8.44493,124.577,109,277,150,1,1,1,2,2,3
8.48371,124.61,8.48335,124.638,131,76,60,1,1,1,2,4,4
8.48482,124.638,8.29704,124.59,110,462,353,1,1,1,2,3,3
8.48447,124.639,8.48792,124.643,127,59,57,1,1,1,2,2,2
8.43883,124.644,8.3828,124.515,111,403,479,1,1,1,2,6,6
8.48777,124.61,8.4729,124.635,135,108,68,1,1,1,2,5,5
8.47116,124.643,8.47525,124.611,124,152,72,1,1,1,2,1,1
8.47661,124.638,8.47931,124.637,123,46,52,1,1,1,2,1,1
8.49044,124.635,8.47979,124.637,140,57,58,1,1,1,2,2,2
8.47681,124.638,8.32748,124.597,130,401,222,1,1,1,2,3,4
8.48608,124.65,8.48679,124.647,122,49,55,1,1,1,2,1,1
8.4848,124.656,8.50844,124.637,126,136,70,1,1,1,2,3,3
8.46305,124.632,8.49222,124.633,122,121,94,1,1,1,2,3,4
8.48026,124.657,8.40149,124.586,120,348,327,1,1,1,2,6,6
8.49726,124.631,8.47092,124.642,176,109,76,1,1,1,2,3,4
8.48825,124.642,8.51013,124.635,120,119,60,1,1,1,2,1,1
8.49015,124.64,8.50161,124.622,120,137,75,1,1,1,1,4,3
8.48979,124.637,8.46994,124.629,145,237,98,1,1,1,2,6,4
8.41954,124.613,8.48002,124.657,167,203,136,1,1,1,2,7,7
8.46348,124.611,8.48141,124.637,112,123,92,1,1,1,2,3,1
8.31557,124.561,8.49959,124.637,143,232,212,1,1,1,2,6,6
8.49716,124.642,8.4994,124.601,122,205,89,1,1,1,2,3,3
8.47247,124.63,8.44547,124.634,123,155,82,1,1,1,2,2,2
8.47933,124.656,8.50292,124.643,114,113,60,1,1,1,2,1,1
8.512,124.623,8.47328,124.606,139,205,115,1,1,1,2,4,3
8.48779,124.63,8.48764,124.66,132,126,68,1,1,1,2,3,3
8.483,124.657,8.47302,124.635,143,112,94,1,1,1,2,5,5
8.49293,124.632,8.49309,124.632,126,62,70,1,1,1,2,1,1
8.48321,124.638,8.50983,124.643,113,186,116,1,1,1,2,3,3
8.4813,124.645,8.48156,124.637,126,62,55,1,1,1,2,1,1
8.46194,124.613,8.49162,124.651,109,246,241,1,1,1,2,6,6
8.49135,124.634,8.4865,124.647,144,78,71,1,1,1,2,1,2
8.47761,124.626,8.47873,124.638,185,79,72,1,1,1,2,2,2
8.50794,124.637,8.46994,124.629,153,172,115,1,1,1,2,6,8
8.50962,124.649,8.47323,124.615,143,191,110,1,1,1,2,7,6
8.47827,124.628,8.47434,124.62,172,58,57,1,1,1,2,1,1
8.48445,124.639,8.47307,124.636,135,64,55,1,1,1,2,1,1
8.48412,124.657,8.47503,124.597,136,251,178,1,1,1,2,7,5
8.22028,124.54,8.48767,124.626,135,194,163,1,1,1,2,5,4
8.46204,124.613,8.49617,124.646,105,159,107,1,1,1,2,5,6
8.39414,124.521,8.47866,124.628,149,102,109,1,1,1,2,4,4
8.40829,124.613,8.48457,124.639,164,143,104,1,1,1,2,3,3
8.47796,124.642,8.3015,124.54,138,454,509,1,1,1,3,5,5
8.47015,124.645,8.40408,124.566,129,356,353,1,1,1,2,5,5
8.49073,124.634,8.48626,124.602,118,211,129,1,1,1,2,1,1
8.50369,124.594,8.51388,124.638,112,74,62,1,1,1,2,6,5
8.47798,124.628,8.47204,124.618,170,67,61,1,1,1,2,1,1
8.4782,124.627,8.49725,124.619,110,187,140,1,1,1,2,3,3
8.47112,124.629,8.49603,124.631,134,156,114,1,1,1,2,6,5
8.40257,124.599,8.47198,124.617,132,74,76,1,1,1,2,4,5
8.46314,124.632,8.47763,124.649,126,91,66,1,1,1,2,5,3
8.39515,124.534,8.49315,124.652,168,271,251,1,1,1,2,12,10
8.49798,124.63,8.48484,124.638,127,57,52,1,1,1,2,2,2
8.50184,124.593,8.48727,124.63,124,59,55,1,1,1,2,3,3
8.47301,124.635,8.40765,124.569,123,353,314,1,1,1,2,2,2
8.51012,124.637,8.51248,124.629,114,54,49,1,1,1,2,1,1
8.49986,124.623,8.49358,124.627,115,47,47,1,1,1,1,1,1
8.50111,124.635,8.47928,124.656,112,127,66,1,1,1,1,2,3
8.51089,124.624,8.47284,124.638,150,109,62,1,1,1,2,2,4
8.48313,124.657,8.47137,124.629,145,143,114,1,1,1,2,6,4
8.50912,124.647,8.42998,124.615,128,254,143,1,1,1,2,5,5
8.46616,124.612,8.31559,124.562,99,374,82,1,1,1,2,2,2
8.47437,124.645,8.50947,124.637,147,176,107,1,1,1,2,3,3
8.4732,124.63,8.48515,124.637,132,88,79,1,1,1,1,1,1
8.47182,124.64,8.48322,124.639,136,61,55,1,1,1,2,1,2
8.5078,124.643,8.50874,124.651,105,199,132,1,1,1,2,3,4
8.2523,124.561,8.48434,124.658,132,251,133,1,1,1,2,7,6
8.44563,124.622,8.50342,124.603,144,262,177,1,1,1,2,8,7
8.48224,124.635,8.47411,124.615,169,148,100,1,1,1,2,2,2
8.46808,124.607,8.50357,124.621,155,184,124,1,1,1,3,8,8
8.46142,124.619,8.48144,124.637,149,78,78,1,1,1,2,3,2
8.50832,124.652,8.48175,124.636,117,69,59,1,1,1,2,4,3
8.40248,124.576,8.50507,124.634,155,228,159,1,1,1,2,10,8
8.46142,124.619,8.47753,124.632,142,65,71,1,1,1,1,3,3
8.46967,124.628,8.39624,124.558,130,347,290,1,1,1,2,2,2
8.49205,124.654,8.48764,124.66,110,50,47,1,1,1,2,1,1
8.48458,124.632,8.50539,124.625,122,115,55,1,1,1,2,1,1
8.48161,124.645,8.47288,124.638,125,73,69,1,1,1,2,2,2
8.4774,124.646,8.48436,124.647,115,54,49,1,1,1,1,1,1
8.48013,124.657,8.45592,124.624,128,182,103,1,1,1,2,2,2
8.40084,124.61,8.47395,124.598,145,218,117,1,1,1,2,4,5
8.46393,124.625,8.48743,124.645,126,124,92,1,1,1,2,3,3
8.48315,124.638,8.46523,124.632,107,106,64,1,1,1,2,2,2
8.49378,124.632,8.42543,124.615,138,282,188,1,1,1,2,3,3
8.51033,124.635,8.4928,124.633,118,60,53,1,1,1,2,4,4
8.4738,124.628,8.49723,124.634,103,157,120,1,1,1,2,3,3
8.47753,124.638,8.48099,124.637,125,48,56,1,1,1,2,1,1
8.48652,124.647,8.47831,124.656,112,68,56,1,1,1,2,3,2
8.47486,124.625,8.47555,124.643,175,86,63,1,1,1,2,3,3
8.49088,124.634,8.47471,124.625,159,125,75,1,1,1,2,4,4
8.46624,124.626,8.48732,124.645,128,117,92,1,1,1,2,3,3
8.50418,124.626,8.50414,124.62,118,50,57,1,1,1,2,1,1
8.48236,124.657,8.50905,124.643,110,119,67,1,1,1,2,3,3
8.47127,124.629,8.47402,124.647,121,98,92,1,1,1,2,1,2
8.4813,124.591,8.47507,124.631,135,82,79,1,1,1,2,6,6
8.47594,124.642,8.47191,124.639,113,53,49,1,1,1,2,1,1
8.48478,124.638,8.48612,124.648,129,67,58,1,1,1,2,2,2
8.48089,124.6,8.51375,124.639,113,152,73,1,1,1,2,4,3
8.47942,124.643,8.46894,124.646,112,56,51,1,1,1,2,1,1
8.50835,124.637,8.37413,124.611,195,345,259,1,1,1,3,5,5
8.48539,124.637,8.47941,124.656,129,143,77,1,1,1,2,3,3
8.49185,124.633,8.48671,124.647,119,56,53,1,1,1,1,2,2
8.51166,124.637,8.48498,124.638,123,89,64,1,1,1,2,3,4
8.47293,124.636,8.47513,124.611,131,154,102,1,1,1,2,2,2
8.48653,124.602,8.47266,124.647,153,172,112,1,1,1,2,5,6
8.47073,124.643,8.48365,124.61,126,327,273,1,1,1,2,8,8
8.50766,124.637,8.48856,124.66,119,86,66,1,1,1,2,1,1
8.50435,124.619,8.47283,124.635,156,104,72,1,1,1,2,5,3
8.47782,124.652,8.50953,124.637,135,181,84,1,1,1,2,1,1
8.49327,124.641,8.49052,124.635,127,63,68,1,1,1,2,2,1
8.47663,124.629,8.46699,124.607,123,147,88,1,1,1,2,1,1
8.48026,124.657,8.3172,124.592,121,369,272,1,1,1,2,7,6
8.3796,124.562,8.47296,124.635,115,76,78,1,1,1,2,4,5
8.50606,124.625,8.39616,124.526,124,408,476,1,1,1,2,5,5
8.47602,124.626,8.44064,124.569,117,269,95,1,1,1,2,1,1
8.37341,124.561,8.50052,124.636,110,213,171,1,1,1,2,6,7
8.44094,124.566,8.48292,124.639,117,80,85,1,1,1,2,7,5
8.48164,124.658,8.47307,124.636,114,73,55,1,1,1,2,3,3
8.50219,124.627,8.29353,124.517,120,394,503,1,1,1,2,4,5
8.48266,124.646,8.49246,124.652,114,55,47,1,1,1,2,1,1
8.47792,124.638,8.5057,124.647,111,148,71,1,1,1,2,1,1
8.45762,124.625,8.38484,124.514,129,374,255,1,1,1,2,1,1
8.48877,124.66,8.39203,124.521,150,402,529,1,1,1,2,6,4
8.50873,124.637,8.49762,124.645,100,62,57,1,1,1,2,2,2
8.50887,124.648,8.48347,124.644,137,85,116,1,1,1,1,2,3
8.4756,124.652,8.4705,124.643,125,53,54,1,1,1,2,1,1
8.48822,124.642,8.40812,124.569,162,355,438,1,1,1,2,4,5
8.46189,124.625,8.48759,124.639,123,97,85,1,1,1,2,2,2
8.50939,124.637,8.5049,124.624,114,58,62,1,1,1,2,2,2
8.4811,124.638,8.4534,124.633,116,153,77,1,1,1,2,1,1
8.47754,124.649,8.50298,124.641,119,136,69,1,1,1,2,3,3
8.48487,124.639,8.49805,124.624,118,109,55,1,1,1,2,1,1
8.49861,124.638,8.48192,124.637,120,54,56,1,1,1,2,1,2
8.47053,124.643,8.48587,124.648,124,68,57,1,1,1,2,2,3
8.49135,124.634,8.46692,124.626,141,160,92,1,1,1,2,5,5
8.47126,124.643,8.48649,124.648,119,75,57,1,1,1,2,3,3
8.4611,124.626,8.47617,124.632,122,64,61,1,1,1,2,1,1
8.49495,124.631,8.49032,124.635,119,52,47,1,1,1,1,1,1
8.47693,124.629,8.51274,124.627,177,218,133,1,1,1,2,10,10
8.48693,124.659,8.4671,124.586,149,255,197,1,1,1,2,6,8
8.50447,124.619,8.42838,124.613,152,273,148,1,1,1,2,3,5
8.49598,124.652,8.47719,124.65,113,65,52,1,1,1,1,3,4
8.49232,124.641,8.47404,124.631,125,100,71,1,1,1,2,2,1
8.37406,124.611,8.47413,124.613,167,138,91,1,1,1,2,4,5
8.47592,124.612,8.50364,124.626,146,181,123,1,1,1,2,8,9
8.50476,124.639,8.49232,124.641,112,60,50,1,1,1,1,1,2
8.47863,124.628,8.49894,124.642,165,139,84,1,1,1,2,5,6
8.49488,124.631,8.43205,124.617,142,247,120,1,1,1,2,4,5
8.48233,124.638,8.45002,124.632,112,151,69,1,1,1,2,2,2
8.46306,124.612,8.31105,124.553,100,369,89,1,1,1,2,2,2
8.50855,124.637,8.43001,124.614,135,268,154,1,1,1,2,6,6
8.47467,124.623,8.33756,124.598,146,338,98,1,1,1,2,2,2
8.47084,124.643,8.4848,124.638,123,67,55,1,1,1,2,1,1
8.48343,124.597,8.51035,124.637,130,113,71,1,1,1,2,4,5
8.47482,124.623,8.47907,124.645,130,107,84,1,1,1,2,7,6
8.48773,124.627,8.47826,124.656,103,101,54,1,1,1,2,4,5
8.45801,124.625,8.49657,124.641,124,148,91,1,1,1,2,3,5
8.50539,124.625,8.50905,124.648,125,133,77,1,1,1,2,1,1
8.47701,124.65,8.47412,124.614,144,165,115,1,1,1,2,5,6
8.48707,124.639,8.48338,124.649,117,73,67,1,1,1,2,1,1
8.3883,124.558,8.46051,124.626,109,65,64,1,1,1,2,4,5
8.50905,124.615,8.48944,124.603,121,57,50,1,1,1,2,1,1
8.50507,124.639,8.47467,124.611,131,199,162,1,1,1,2,4,7
8.46984,124.629,8.47318,124.634,117,49,49,1,1,1,2,1,1
8.47719,124.629,8.5122,124.623,143,204,132,1,1,1,2,10,8
8.47434,124.65,8.51248,124.629,138,202,137,1,1,1,2,5,5
8.39818,124.601,8.47288,124.638,131,78,63,1,1,1,2,4,4
8.48727,124.63,8.48159,124.629,116,47,47,1,1,1,2,1,1
8.4538,124.632,8.48583,124.639,108,75,55,1,1,1,2,4,4
8.50387,124.594,8.48626,124.602,111,134,66,1,1,1,2,3,4
8.47997,124.643,8.47931,124.637,165,71,52,1,1,1,3,1,1
8.47094,124.642,8.37427,124.512,137,402,516,1,1,1,2,5,6
8.47301,124.637,8.48485,124.638,130,69,55,1,1,1,2,1,1
8.48058,124.643,8.47525,124.598,154,253,145,1,1,1,2,4,2
8.47471,124.624,8.48413,124.65,190,137,95,1,1,1,3,6,6
8.30593,124.541,8.47318,124.634,119,77,77,1,1,1,2,4,4
8.47979,124.604,8.45527,124.632,118,169,87,1,1,1,2,8,6
8.49209,124.654,8.47617,124.643,111,61,49,1,1,1,2,2,3
8.37663,124.61,8.50983,124.643,153,245,223,1,1,1,3,7,7
8.47498,124.613,8.48461,124.638,144,95,86,1,1,1,2,7,5
8.39933,124.561,8.48085,124.658,144,205,132,1,1,1,2,8,7
8.47287,124.634,8.47486,124.625,139,71,63,1,1,1,2,2,2
8.45311,124.633,8.50329,124.599,123,241,150,1,1,1,2,4,4
8.47498,124.613,8.5022,124.622,141,189,124,1,1,1,2,7,6
8.47816,124.628,8.4783,124.656,159,139,104,1,1,1,2,3,4
8.48678,124.647,8.49205,124.654,121,53,50,1,1,1,2,1,1
8.4548,124.632,8.48161,124.645,123,95,74,1,1,1,2,3,5
8.48693,124.659,8.47257,124.63,144,124,93,1,1,1,2,6,5
8.47825,124.656,8.40084,124.61,120,316,225,1,1,1,2,7,7
8.34565,124.601,8.47352,124.608,171,210,110,1,1,1,2,4,5
8.50911,124.647,8.4905,124.64,134,59,55,1,1,1,2,2,3
8.50431,124.62,8.44245,124.621,132,254,163,1,1,1,2,4,5
8.48415,124.658,8.40474,124.571,189,452,485,1,1,1,2,6,7
8.45521,124.632,8.48681,124.639,115,81,58,1,1,1,2,3,4
8.49211,124.641,8.50431,124.62,128,125,62,1,1,1,2,3,2
8.30522,124.544,8.41616,124.609,108,327,259,1,1,1,2,8,8
8.48366,124.597,8.43022,124.617,139,280,167,1,1,1,2,4,6
8.49162,124.651,8.42984,124.613,135,266,182,1,1,1,2,6,7
8.50428,124.615,8.47295,124.636,165,109,72,1,1,1,3,3,3
8.51196,124.624,8.47252,124.639,151,108,66,1,1,1,2,2,3
8.42621,124.61,8.49495,124.631,159,166,132,1,1,1,2,8,6
8.48473,124.638,8.48741,124.63,121,58,51,1,1,1,2,1,1
8.41623,124.609,8.47853,124.628,112,67,62,1,1,1,2,4,5
8.47311,124.62,8.36673,124.501,110,396,419,1,1,1,2,2,2
8.47667,124.646,8.50927,124.649,126,171,101,1,1,1,2,1,1
8.42619,124.627,8.48404,124.645,109,75,64,1,1,1,2,4,2
8.51375,124.639,8.50429,124.615,114,69,55,1,1,1,2,3,4
8.39964,124.531,8.48674,124.647,150,183,139,1,1,1,2,5,5
8.49668,124.617,8.51258,124.637,144,101,63,1,1,1,2,3,3
8.16586,124.544,8.50373,124.608,145,261,203,1,1,1,2,10,8
8.49023,124.636,8.45526,124.605,119,293,299,1,1,1,3,8,7
8.50043,124.642,8.48525,124.654,116,77,57,1,1,1,2,2,3
8.4811,124.638,8.50298,124.643,125,110,62,1,1,1,1,1,1
8.45877,124.633,8.44436,124.595,103,281,247,1,1,1,2,3,2
8.39729,124.528,8.38937,124.516,126,51,53,1,1,1,2,1,1
8.47503,124.58,8.47431,124.645,114,117,97,1,1,1,2,6,8
8.37217,124.609,8.47172,124.617,165,68,64,1,1,1,2,2,3
8.49805,124.624,8.44955,124.623,129,206,107,1,1,1,2,4,5
8.49648,124.593,8.47506,124.597,109,95,57,1,1,1,2,4,4
8.49429,124.632,8.51228,124.623,125,60,52,1,1,1,2,1,1
8.49156,124.628,8.42071,124.609,148,275,141,1,1,1,2,4,5
8.47061,124.643,8.48346,124.639,127,63,55,1,1,1,2,1,1
8.45991,124.626,8.38456,124.61,130,238,59,1,1,1,2,1,1
8.50093,124.616,8.49688,124.604,118,83,62,1,1,1,2,2,2
8.44801,124.631,8.21312,124.535,104,440,307,1,1,1,2,3,3
8.4285,124.62,8.48812,124.642,119,149,78,1,1,1,2,4,4
8.40447,124.566,8.16614,124.544,121,429,504,1,1,1,2,6,6
8.48469,124.639,8.4655,124.626,123,142,92,1,1,1,2,4,4
8.4706,124.643,8.47407,124.614,122,140,71,1,1,1,2,1,1
8.47288,124.63,8.47558,124.65,127,104,72,1,1,1,1,4,3
8.48077,124.658,8.29979,124.538,109,390,424,1,1,1,2,6,6
8.49314,124.632,8.47334,124.615,145,172,86,1,1,1,2,4,4
8.49903,124.616,8.47251,124.626,141,164,107,1,1,1,2,5,6
8.48376,124.645,8.47284,124.638,114,76,60,1,1,1,2,2,2
8.49226,124.633,8.50428,124.615,123,74,55,1,1,1,2,1,2
8.4714,124.643,8.487,124.639,133,77,67,1,1,1,2,1,1
8.47129,124.641,8.48732,124.645,123,88,69,1,1,1,2,2,3
8.48236,124.658,8.49495,124.604,115,229,177,1,1,1,2,3,3
8.42429,124.609,8.48301,124.631,157,81,68,1,1,1,2,5,6
8.47428,124.578,8.50912,124.647,118,232,184,1,1,1,2,7,8
8.47395,124.598,8.48462,124.639,136,110,88,1,1,1,2,7,4
8.48957,124.658,8.38792,124.539,137,360,433,1,1,1,2,6,6
8.20966,124.536,8.48708,124.63,137,157,138,1,1,1,2,5,5
8.48017,124.657,8.51084,124.623,111,200,83,1,1,1,2,1,1
8.48101,124.637,8.4846,124.639,127,53,51,1,1,1,2,1,1
8.48976,124.652,8.42429,124.609,138,272,178,1,1,1,2,7,6
8.50068,124.632,8.50057,124.636,112,49,48,1,1,1,2,1,1
8.48236,124.635,8.512,124.623,137,166,88,1,1,1,2,5,5
8.50953,124.637,8.47126,124.641,115,117,80,1,1,1,2,4,3
8.47949,124.632,8.50305,124.642,118,141,86,1,1,1,2,4,5
8.48696,124.632,8.48658,124.647,118,71,57,1,1,1,1,2,2
8.50428,124.615,8.48789,124.643,117,73,58,1,1,1,2,1,2
8.48282,124.644,8.47759,124.649,111,50,49,1,1,1,1,2,2
8.50449,124.62,8.5133,124.615,121,55,53,1,1,1,2,2,2
8.50507,124.639,8.48236,124.658,114,105,60,1,1,1,2,2,1
8.4526,124.632,8.51321,124.638,115,222,96,1,1,1,2,3,3
8.48722,124.63,8.50625,124.648,122,164,93,1,1,1,2,5,5
8.50311,124.643,8.47403,124.648,118,124,75,1,1,1,2,7,5
8.44586,124.637,8.49915,124.637,109,172,126,1,1,1,2,5,5
8.49731,124.651,8.46508,124.632,133,148,67,1,1,1,3,4,4
8.47263,124.573,8.48724,124.649,124,159,132,1,1,1,3,4,4
8.5045,124.621,8.50443,124.622,115,48,47,1,1,1,1,1,1
8.47088,124.642,8.46695,124.632,112,92,71,1,1,1,2,3,3
8.50851,124.624,8.42951,124.617,125,271,154,1,1,1,2,6,6
8.51233,124.619,8.49247,124.633,123,62,63,1,1,1,2,1,2
8.49936,124.632,8.42529,124.61,168,290,155,1,1,1,2,6,5
8.49211,124.641,8.47907,124.656,114,106,62,1,1,1,2,2,2
8.49063,124.593,8.44702,124.581,112,308,288,1,1,1,3,6,9
8.4756,124.652,8.47354,124.63,128,95,61,1,1,1,2,1,1
8.51166,124.624,8.49472,124.652,118,83,57,1,1,1,1,1,1
8.43022,124.617,8.47681,124.638,141,93,71,1,1,1,2,4,4
8.42742,124.612,8.4544,124.632,129,147,90,1,1,1,2,5,5
8.47735,124.649,8.2948,124.591,117,392,346,1,1,1,2,6,6
8.49044,124.635,8.48681,124.639,120,50,50,1,1,1,2,1,1
8.48699,124.632,8.47822,124.656,116,109,63,1,1,1,2,4,3
8.47549,124.647,8.47494,124.623,147,134,96,1,1,1,2,5,5
8.48151,124.645,8.4825,124.634,168,80,66,1,1,1,2,4,4
8.50305,124.642,8.48787,124.643,113,63,55,1,1,1,2,2,1
8.48764,124.66,8.46274,124.612,107,251,234,1,1,1,2,5,4
8.48961,124.658,8.44042,124.571,120,322,289,1,1,1,2,6,5
8.47782,124.652,8.38943,124.517,138,382,484,1,1,1,2,5,6
8.50345,124.603,8.48077,124.658,128,144,72,1,1,1,2,2,2
8.47928,124.637,8.48787,124.643,128,72,65,1,1,1,2,1,1
8.48366,124.657,8.47043,124.643,161,74,78,1,1,1,2,5,6
8.49842,124.616,8.48856,124.66,135,162,73,1,1,1,2,4,4
8.50301,124.643,8.47252,124.639,115,93,58,1,1,1,2,2,4
8.45499,124.584,8.47288,124.63,148,72,75,1,1,1,2,7,5
8.50539,124.625,8.45979,124.619,123,210,142,1,1,1,2,4,4
8.51021,124.637,8.47283,124.619,124,176,109,1,1,1,2,5,6
8.48587,124.648,8.47753,124.638,123,72,58,1,1,1,1,1,1
8.48696,124.632,8.47865,124.627,129,53,48,1,1,1,2,1,1
8.50327,124.633,8.47288,124.638,144,98,61,1,1,1,2,2,3
8.48068,124.638,8.51001,124.635,124,142,68,1,1,1,2,1,1
8.51089,124.624,8.50434,124.617,117,52,52,1,1,1,2,1,2
8.5018,124.6,8.46692,124.626,133,191,161,1,1,1,2,4,6
8.49495,124.631,8.42443,124.61,155,269,129,1,1,1,2,6,4
8.48063,124.606,8.47409,124.614,121,52,51,1,1,1,1,1,4
8.45664,124.625,8.50371,124.606,137,260,162,1,1,1,2,7,4
8.48856,124.66,8.47548,124.648,124,58,50,1,1,1,2,1,1
8.46157,124.619,8.3139,124.555,110,361,94,1,1,1,2,2,2
8.45995,124.626,8.46066,124.626,116,44,46,1,1,1,1,1,1
8.23898,124.553,8.48286,124.657,133,189,129,1,1,1,2,7,7
8.39707,124.557,8.44559,124.633,134,201,120,1,1,1,2,6,6
8.38941,124.538,8.48233,124.638,144,124,97,1,1,1,2,4,5
8.48812,124.642,8.50484,124.643,110,67,49,1,1,1,2,1,1
8.48364,124.595,8.48051,124.606,118,49,49,1,1,1,2,2,2
8.31858,124.592,8.40829,124.613,163,58,54,1,1,1,2,2,2
8.4748,124.622,8.48354,124.594,136,145,77,1,1,1,2,1,1
8.50441,124.618,8.48635,124.634,123,62,52,1,1,1,2,1,2
8.49892,124.632,8.48335,124.644,116,70,57,1,1,1,2,2,2
8.47082,124.629,8.42027,124.613,128,262,125,1,1,1,2,3,3
8.47755,124.586,8.4764,124.639,112,102,85,1,1,1,2,7,6
8.49856,124.638,8.48891,124.64,115,50,48,1,1,1,2,2,2
8.50507,124.634,8.40097,124.611,159,299,225,1,1,1,2,6,5
8.50807,124.652,8.39932,124.607,114,298,225,1,1,1,2,5,10
8.42991,124.613,8.47655,124.643,131,92,70,1,1,1,2,5,5
8.4192,124.613,8.50606,124.625,138,210,131,1,1,1,2,9,9
8.4842,124.645,8.35675,124.602,189,327,232,1,1,1,3,5,5
8.47724,124.65,8.50961,124.644,106,150,72,1,1,1,2,1,1
8.49906,124.642,8.48743,124.645,112,51,52,1,1,1,2,2,3
8.47331,124.634,8.50659,124.624,135,180,116,1,1,1,2,5,6
8.47235,124.593,8.46732,124.633,128,102,83,1,1,1,2,6,6
8.47299,124.62,8.47315,124.62,126,47,49,1,1,1,1,1,1
8.48276,124.646,8.38188,124.515,143,360,440,1,1,1,2,4,4
8.4553,124.632,8.49464,124.652,113,163,150,1,1,1,2,6,5
8.501,124.647,8.48214,124.63,124,95,60,1,1,1,2,3,3
8.47754,124.649,8.48315,124.638,113,71,59,1,1,1,2,3,4
8.48434,124.658,8.47979,124.638,113,73,66,1,1,1,1,3,3
8.47341,124.63,8.47916,124.656,125,130,80,1,1,1,2,4,4
8.48614,124.65,8.39048,124.558,111,335,379,1,1,1,2,6,5
8.49035,124.636,8.48484,124.638,122,47,46,1,1,1,2,1,2
8.48577,124.636,8.48856,124.66,117,116,60,1,1,1,2,3,2
8.39784,124.528,8.48616,124.65,156,172,137,1,1,1,3,7,4
8.37958,124.61,8.49056,124.635,166,152,125,1,1,1,2,5,8
8.48178,124.592,8.48671,124.647,130,152,118,1,1,1,2,3,3
8.47597,124.642,8.47195,124.618,125,139,87,1,1,1,2,2,5
8.47738,124.643,8.47421,124.615,126,150,93,1,1,1,2,2,4
8.47669,124.6,8.48796,124.61,124,53,55,1,1,1,1,1,1
8.4764,124.639,8.42282,124.609,110,253,82,1,1,1,2,1,1
8.47719,124.629,8.44586,124.637,121,179,92,1,1,1,2,3,3
8.42504,124.61,8.4958,124.641,142,158,102,1,1,1,2,6,7
8.49991,124.6,8.4731,124.603,134,84,63,1,1,1,2,3,2
8.50079,124.642,8.48066,124.637,154,65,58,1,1,1,2,1,3
8.50383,124.608,8.44084,124.621,141,248,146,1,1,1,2,6,6
8.51012,124.637,8.48159,124.629,125,101,76,1,1,1,2,3,4
8.47552,124.651,8.49358,124.627,151,144,99,1,1,1,3,3,3
8.50437,124.618,8.47311,124.62,157,180,107,1,1,1,2,4,5
8.50797,124.643,8.48344,124.597,120,225,159,1,1,1,2,3,3
8.50338,124.595,8.21024,124.535,134,441,562,1,1,1,3,6,8
8.48498,124.638,8.50916,124.649,141,173,73,1,1,1,2,1,1
8.48159,124.629,8.51091,124.633,156,199,158,1,1,1,2,2,2
8.47288,124.638,8.48573,124.632,133,92,77,1,1,1,1,1,2
8.44818,124.631,8.471,124.642,113,52,53,1,1,1,2,2,2
8.49232,124.641,8.37846,124.563,113,348,405,1,1,1,2,4,4
8.47471,124.625,8.50794,124.637,187,209,105,1,1,1,2,5,4
8.47859,124.628,8.47343,124.638,172,63,56,1,1,1,2,1,1
8.48366,124.647,8.51399,124.638,122,147,68,1,1,1,2,1,1
8.48159,124.629,8.47093,124.646,136,84,56,1,1,1,2,3,3
8.49912,124.601,8.48346,124.597,128,49,50,1,1,1,2,1,1
8.47339,124.638,8.50321,124.636,120,164,117,1,1,1,2,3,3
8.39424,124.557,8.48019,124.637,144,122,95,1,1,1,2,4,4
8.47307,124.636,8.38784,124.546,115,345,374,1,1,1,2,2,2
8.47549,124.647,8.47759,124.649,128,45,47,1,1,1,1,1,1
8.4764,124.639,8.32726,124.597,115,335,210,1,1,1,2,3,3
8.48233,124.638,8.51126,124.637,122,141,63,1,1,1,2,1,1
8.48315,124.638,8.47777,124.652,117,82,51,1,1,1,2,2,1
8.50606,124.625,8.47979,124.638,131,77,56,1,1,1,2,2,2
8.47559,124.646,8.40281,124.577,142,329,298,1,1,1,2,5,5
8.48592,124.659,8.48391,124.595,136,251,241,1,1,1,2,3,3
8.50335,124.601,8.48358,124.645,126,98,74,1,1,1,2,3,3
8.47558,124.626,8.47788,124.634,171,63,58,1,1,1,2,3,3
8.48693,124.659,8.50051,124.648,110,55,50,1,1,1,2,1,1
8.47754,124.649,8.49777,124.602,121,243,201,1,1,1,2,3,3
8.49517,124.641,8.47124,124.643,113,94,66,1,1,1,2,2,3
8.48822,124.642,8.49739,124.64,113,55,50,1,1,1,2,1,1
8.49309,124.632,8.50305,124.642,117,64,53,1,1,1,2,1,1
8.46022,124.584,8.48669,124.647,146,150,116,1,1,1,2,9,9
8.48693,124.659,8.47934,124.636,137,79,67,1,1,1,2,1,1
8.33947,124.599,8.48095,124.629,164,88,76,1,1,1,2,4,4
8.48825,124.642,8.48669,124.647,116,50,59,1,1,1,2,1,1
8.4928,124.633,8.49352,124.632,119,57,50,1,1,1,1,1,1
8.47594,124.642,8.47073,124.643,113,48,49,1,1,1,2,1,1
8.48266,124.658,8.47354,124.574,102,292,274,1,1,1,2,5,5
8.45548,124.584,8.48095,124.629,145,69,70,1,1,1,2,3,5
8.47424,124.631,8.48696,124.633,134,110,93,1,1,1,2,1,1
8.4722,124.618,8.48332,124.657,142,169,124,1,1,1,2,5,6
8.49788,124.624,8.5046,124.624,115,46,46,1,1,1,2,1,1
8.48175,124.636,8.47617,124.599,173,213,134,1,1,1,2,2,2
8.48137,124.629,8.47586,124.612,120,115,69,1,1,1,2,1,1
8.48719,124.63,8.47839,124.587,102,267,212,1,1,1,2,5,4
8.4785,124.627,8.50111,124.642,144,148,92,1,1,1,2,6,6
8.40245,124.574,8.43482,124.619,149,70,56,1,1,1,2,4,2
8.50954,124.649,8.4815,124.611,121,187,115,1,1,1,2,4,6
8.48669,124.647,8.47831,124.656,109,64,53,1,1,1,2,2,2
8.48693,124.631,8.49568,124.652,113,167,124,1,1,1,2,4,5
8.50259,124.599,8.47703,124.638,128,90,67,1,1,1,2,4,5
8.5122,124.623,8.47316,124.602,132,188,90,1,1,1,2,2,4
8.37681,124.61,8.48822,124.642,174,137,103,1,1,1,2,5,5
8.48151,124.645,8.49586,124.631,123,108,56,1,1,1,2,3,3
8.47384,124.633,8.47832,124.647,127,94,70,1,1,1,2,4,5
8.4811,124.638,8.50347,124.621,115,137,64,1,1,1,2,1,1
8.48822,124.642,8.40216,124.59,156,319,236,1,1,1,2,6,5
8.48231,124.635,8.49378,124.632,120,90,63,1,1,1,2,2,1
8.30629,124.544,8.49029,124.653,119,218,205,1,1,1,2,10,8
8.50379,124.607,8.48319,124.638,116,69,55,1,1,1,2,3,2
8.46865,124.588,8.48644,124.648,154,156,109,1,1,1,2,8,10
8.50977,124.643,8.49663,124.602,109,181,77,1,1,1,2,3,3
8.49044,124.635,8.51106,124.637,120,162,67,1,1,1,2,3,3
8.48891,124.64,8.50301,124.643,113,64,51,1,1,1,2,1,1
8.49525,124.652,8.49872,124.616,117,172,85,1,1,1,2,5,6
8.44849,124.582,8.4916,124.651,149,231,204,1,1,1,2,8,11
8.38727,124.546,8.48825,124.642,149,166,122,1,1,1,2,6,6
8.48606,124.6,8.47504,124.646,143,140,98,1,1,1,2,6,7
8.48051,124.606,8.47045,124.643,132,117,81,1,1,1,2,7,6
8.48699,124.632,8.47498,124.613,137,182,121,1,1,1,2,3,4
8.49293,124.632,8.51041,124.615,125,94,65,1,1,1,2,3,3
8.47003,124.645,8.47171,124.64,126,51,52,1,1,1,2,1,1
8.49741,124.631,8.47732,124.649,130,99,60,1,1,1,2,4,4
8.4842,124.596,8.45213,124.632,136,200,176,1,1,1,2,7,6
8.47703,124.638,8.49124,124.634,125,108,76,1,1,1,2,2,2
8.49991,124.6,8.47462,124.632,139,100,71,1,1,1,2,6,6
8.48812,124.642,8.37433,124.512,129,411,481,1,1,1,2,6,6
8.40101,124.593,8.50321,124.596,148,309,208,1,1,1,2,10,9
8.50811,124.649,8.50984,124.643,109,48,51,1,1,1,1,1,1
8.46349,124.644,8.50424,124.625,123,164,91,1,1,1,3,7,5
8.47048,124.643,8.50447,124.624,136,189,113,1,1,1,2,4,6
8.45534,124.605,8.49798,124.63,123,145,116,1,1,1,3,8,7
8.50435,124.619,8.51345,124.638,114,81,66,1,1,1,2,1,1
8.39064,124.61,8.48346,124.639,165,105,76,1,1,1,2,4,4
8.44631,124.581,8.502,124.642,132,188,116,1,1,1,2,8,5
8.49961,124.6,8.48909,124.658,123,168,81,1,1,1,2,5,3
8.38763,124.546,8.47741,124.649,161,163,108,1,1,1,2,5,8
8.46732,124.633,8.47498,124.631,110,50,46,1,1,1,2,2,2
8.38758,124.546,8.29127,124.52,113,442,431,1,1,1,2,5,5
8.47352,124.608,8.50004,124.642,141,156,100,1,1,1,2,4,6
8.50766,124.653,8.39626,124.558,116,350,392,1,1,1,2,5,5
8.49037,124.64,8.49197,124.652,121,138,82,1,1,1,2,3,3
8.48891,124.652,8.48831,124.642,115,51,47,1,1,1,2,2,2
8.48224,124.635,8.48842,124.641,164,63,53,1,1,1,2,1,1
8.45821,124.633,8.4757,124.611,114,128,70,1,1,1,2,3,2
8.20001,124.528,8.48107,124.591,135,308,163,1,1,1,2,4,4
8.46305,124.632,8.48359,124.598,112,206,117,1,1,1,2,2,3
8.4886,124.641,8.47384,124.633,124,86,69,1,1,1,2,1,3
8.50444,124.616,8.487,124.639,132,68,57,1,1,1,2,2,1
8.47304,124.638,8.47129,124.643,121,61,60,1,1,1,2,1,1
8.50024,124.623,8.48419,124.596,121,214,110,1,1,1,2,3,4
8.48344,124.597,8.48792,124.643,130,141,110,1,1,1,2,2,5
8.49176,124.651,8.47437,124.615,127,199,142,1,1,1,2,4,3
8.51388,124.638,8.40236,124.599,104,315,229,1,1,1,2,7,10
8.4842,124.657,8.47293,124.637,140,85,63,1,1,1,2,5,5
8.49314,124.632,8.48446,124.657,124,77,55,1,1,1,1,2,1
8.49102,124.64,8.47269,124.619,122,153,78,1,1,1,2,4,4
8.47841,124.628,8.46484,124.612,120,282,259,1,1,1,2,4,4
8.50454,124.621,8.4774,124.649,117,119,71,1,1,1,2,5,4
8.48274,124.638,8.44472,124.622,124,210,98,1,1,1,2,1,1
8.50467,124.633,8.46849,124.588,148,258,179,1,1,1,2,3,3
8.45014,124.582,8.47282,124.635,154,79,87,1,1,1,2,6,3
8.47849,124.646,8.17178,124.565,127,428,506,1,1,1,2,5,5
8.48166,124.645,8.4598,124.626,132,159,100,1,1,1,2,1,1
8.48105,124.609,8.39973,124.608,140,317,270,1,1,1,2,8,8
8.5122,124.623,8.49668,124.617,120,59,57,1,1,1,2,2,2
8.47498,124.631,8.49708,124.63,128,160,114,1,1,1,2,5,5
8.50439,124.621,8.47631,124.638,130,88,64,1,1,1,2,3,1
8.47719,124.643,8.44358,124.595,129,301,272,1,1,1,3,4,4
8.47703,124.638,8.49543,124.645,105,116,70,1,1,1,2,2,2
8.50303,124.641,8.45886,124.618,137,208,141,1,1,1,2,6,4
8.45373,124.624,8.47455,124.622,122,65,62,1,1,1,1,2,2
8.48461,124.656,8.47219,124.617,144,173,115,1,1,1,2,4,4
8.512,124.623,8.50342,124.593,112,92,53,1,1,1,2,1,1
8.47053,124.643,8.48151,124.645,120,61,58,1,1,1,2,3,4
8.46197,124.613,8.4804,124.61,107,243,201,1,1,1,2,5,4
8.48423,124.658,8.4888,124.66,109,50,48,1,1,1,1,1,1
