from_lat,from_lon,to_lat,to_lon,tftf_ms,dijkstra_ms,astar_ms,found_tftf,found_dijkstra,found_astar,tftf_routes,dijkstra_routes,astar_routes,Avg(Time TFTF),Avg(Time Djikstra),Avg(Time A*),Avg(Routes TFTF),Avg(Routes Djik ),Avg(Routes A*)
8.48367,124.661,8.48571,124.661,43,11,12,1,1,1,1,1,1,38.11133333,19.42733333,16.49,1.466666667,1.194666667,1.176
8.47823,124.649,8.48033,124.648,39,14,16,1,1,1,2,1,1,,,,,,
8.47698,124.651,8.48461,124.656,35,17,16,1,1,1,1,1,1,,,,,,
8.47741,124.649,8.48558,124.652,38,16,14,1,1,1,2,1,1,,,,,,
8.47384,124.652,8.44481,124.654,30,29,18,1,1,1,2,1,1,,,,,,
8.50368,124.663,8.48783,124.651,36,18,20,1,1,1,2,1,1,,,,,,
8.50041,124.754,8.48243,124.758,39,21,21,1,1,1,1,2,2,,,,,,
8.48693,124.659,8.479,124.628,31,38,28,1,1,1,1,1,1,,,,,,
8.48166,124.728,8.49501,124.745,47,15,15,1,1,1,2,1,2,,,,,,
8.47432,124.682,8.47645,124.678,43,14,14,1,1,1,1,1,1,,,,,,
8.48652,124.751,8.4864,124.751,33,15,12,1,1,1,1,1,1,,,,,,
8.44292,124.643,8.45957,124.644,28,14,13,1,1,1,1,1,1,,,,,,
8.47471,124.689,8.49078,124.741,51,48,23,1,1,1,2,1,1,,,,,,
8.48633,124.648,8.48138,124.645,34,21,38,1,1,1,1,1,1,,,,,,
8.46971,124.703,8.4988,124.751,57,30,23,1,1,1,2,1,1,,,,,,
8.49937,124.663,8.48829,124.652,38,19,15,1,1,1,2,1,1,,,,,,
8.45125,124.648,8.43659,124.642,31,16,17,1,1,1,2,1,1,,,,,,
8.50477,124.66,8.50389,124.663,35,13,12,1,1,1,2,1,1,,,,,,
8.45363,124.662,8.45725,124.659,26,11,12,1,1,1,1,1,1,,,,,,
8.49619,124.661,8.50285,124.66,39,28,22,1,1,1,2,1,1,,,,,,
8.48583,124.639,8.47835,124.628,27,12,14,1,1,1,1,1,1,,,,,,
8.49952,124.664,8.50484,124.66,35,14,14,1,1,1,2,1,1,,,,,,
8.50263,124.664,8.47814,124.649,38,28,28,1,1,1,2,1,1,,,,,,
8.49479,124.657,8.49952,124.664,35,13,13,1,1,1,2,1,1,,,,,,
8.46573,124.659,8.47414,124.659,30,11,12,1,1,1,1,1,1,,,,,,
8.49824,124.661,8.47809,124.65,34,28,25,1,1,1,1,1,1,,,,,,
8.503,124.643,8.50497,124.66,32,13,16,1,1,1,2,1,1,,,,,,
8.45989,124.712,8.45829,124.714,26,10,11,1,1,1,1,1,1,,,,,,
8.50155,124.662,8.50495,124.66,35,13,13,1,1,1,2,1,1,,,,,,
8.47464,124.688,8.48377,124.731,48,31,18,1,1,1,2,1,1,,,,,,
8.47673,124.654,8.4752,124.674,38,18,13,1,1,1,2,1,1,,,,,,
8.49537,124.652,8.49568,124.652,35,12,11,1,1,1,1,1,1,,,,,,
8.47252,124.639,8.47583,124.63,26,13,12,1,1,1,1,1,1,,,,,,
8.50496,124.66,8.50218,124.661,35,14,12,1,1,1,1,1,1,,,,,,
8.47288,124.638,8.48133,124.637,27,12,12,1,1,1,1,1,1,,,,,,
8.50105,124.647,8.50794,124.637,31,13,14,1,1,1,1,1,1,,,,,,
8.46463,124.659,8.44484,124.662,28,15,17,1,1,1,1,1,1,,,,,,
8.43883,124.644,8.46472,124.645,28,13,12,1,1,1,1,1,1,,,,,,
8.48092,124.727,8.49095,124.655,49,35,23,1,1,1,2,3,5,,,,,,
8.48553,124.648,8.48623,124.649,34,11,12,1,1,1,2,1,1,,,,,,
8.50424,124.662,8.49641,124.661,35,15,13,1,1,1,1,1,1,,,,,,
8.50344,124.663,8.4774,124.646,37,23,21,1,1,1,2,1,1,,,,,,
8.50474,124.661,8.49209,124.654,39,16,20,1,1,1,2,1,1,,,,,,
8.46669,124.659,8.42306,124.667,29,28,13,1,1,1,2,1,1,,,,,,
8.459,124.719,8.47477,124.691,33,13,13,1,1,1,2,1,1,,,,,,
8.48983,124.65,8.49191,124.651,38,11,11,1,1,1,1,1,1,,,,,,
8.48669,124.75,8.46847,124.779,32,16,13,1,1,1,1,1,1,,,,,,
8.50162,124.662,8.5035,124.663,36,11,12,1,1,1,2,1,1,,,,,,
8.47973,124.646,8.48235,124.666,38,22,19,1,1,1,2,2,1,,,,,,
8.49806,124.748,8.48496,124.655,54,34,26,1,1,1,2,4,2,,,,,,
8.47661,124.646,8.48976,124.652,35,18,19,1,1,1,1,1,1,,,,,,
8.49663,124.656,8.4988,124.662,35,11,12,1,1,1,2,1,1,,,,,,
8.47667,124.646,8.47498,124.675,32,22,15,1,1,1,2,1,1,,,,,,
8.50761,124.754,8.50591,124.754,35,12,10,1,1,1,1,1,1,,,,,,
8.46194,124.643,8.47003,124.649,28,18,15,1,1,1,1,1,1,,,,,,
8.51272,124.626,8.49596,124.655,32,12,12,1,1,1,2,1,1,,,,,,
8.47473,124.681,8.47467,124.687,45,12,13,1,1,1,2,1,1,,,,,,
8.4906,124.653,8.49627,124.661,33,16,13,1,1,1,2,1,1,,,,,,
8.49651,124.747,8.49427,124.745,47,15,11,1,1,1,1,1,1,,,,,,
8.48606,124.752,8.48764,124.744,33,12,11,1,1,1,1,1,1,,,,,,
8.4988,124.662,8.48638,124.648,41,21,16,1,1,1,2,2,1,,,,,,
8.48465,124.639,8.47343,124.638,27,12,12,1,1,1,1,1,1,,,,,,
8.51058,124.634,8.51272,124.626,30,12,12,1,1,1,1,1,1,,,,,,
8.47137,124.71,8.48186,124.729,45,15,15,1,1,1,1,1,1,,,,,,
8.45491,124.659,8.45464,124.659,27,13,12,1,1,1,1,1,1,,,,,,
8.45902,124.659,8.47412,124.659,31,13,13,1,1,1,1,1,1,,,,,,
8.45057,124.648,8.45549,124.645,32,12,14,1,1,1,1,1,1,,,,,,
8.51024,124.635,8.51013,124.635,28,12,11,1,1,1,2,1,1,,,,,,
8.49271,124.654,8.48913,124.652,35,12,12,1,1,1,1,1,1,,,,,,
8.45835,124.716,8.4583,124.713,26,11,12,1,1,1,1,1,1,,,,,,
8.48945,124.74,8.47663,124.783,39,28,25,1,1,1,1,2,2,,,,,,
8.49942,124.663,8.50149,124.662,35,11,12,1,1,1,2,1,1,,,,,,
8.48645,124.648,8.47763,124.649,40,16,14,1,1,1,2,1,1,,,,,,
8.48175,124.636,8.47934,124.628,28,15,10,1,1,1,2,1,1,,,,,,
8.49695,124.657,8.50187,124.662,33,17,13,1,1,1,2,1,1,,,,,,
8.47208,124.639,8.47318,124.634,25,15,8,1,1,1,1,1,1,,,,,,
8.4307,124.641,8.45458,124.645,21,14,18,1,1,1,1,1,1,,,,,,
8.48534,124.754,8.48657,124.754,37,15,7,1,1,1,1,1,1,,,,,,
8.45806,124.659,8.45184,124.662,27,11,12,1,1,1,1,1,1,,,,,,
8.48036,124.671,8.47439,124.682,49,10,13,1,1,1,2,1,1,,,,,,
8.47777,124.652,8.50246,124.664,49,31,21,1,1,1,2,1,1,,,,,,
8.50394,124.659,8.4951,124.658,39,20,14,1,1,1,1,1,1,,,,,,
8.47779,124.643,8.47746,124.652,34,9,12,1,1,1,1,1,1,,,,,,
8.47978,124.672,8.50668,124.764,35,77,22,1,1,1,2,1,1,,,,,,
8.48868,124.641,8.48796,124.643,34,14,10,1,1,1,2,1,1,,,,,,
8.49548,124.653,8.47681,124.638,34,31,15,1,1,1,2,3,2,,,,,,
8.46173,124.709,8.47462,124.687,25,13,20,1,1,1,2,1,1,,,,,,
8.49561,124.654,8.5041,124.659,32,28,17,1,1,1,2,1,1,,,,,,
8.47646,124.657,8.4756,124.666,35,13,15,1,1,1,2,1,1,,,,,,
8.47434,124.65,8.4307,124.641,26,41,20,1,1,1,2,1,1,,,,,,
8.47154,124.681,8.47801,124.646,38,13,14,1,1,1,1,1,1,,,,,,
8.50435,124.662,8.48193,124.649,35,20,20,1,1,1,2,1,1,,,,,,
8.47828,124.633,8.4989,124.662,27,4,13,1,1,1,2,1,1,,,,,,
8.4789,124.764,8.4858,124.753,33,14,8,1,1,1,1,1,1,,,,,,
8.503,124.643,8.50931,124.636,24,13,17,1,1,1,1,1,1,,,,,,
8.48366,124.647,8.49095,124.655,34,13,14,1,1,1,2,1,1,,,,,,
8.48694,124.753,8.49846,124.755,31,19,14,1,1,1,1,1,1,,,,,,
8.48385,124.663,8.48448,124.662,38,12,12,1,1,1,1,1,1,,,,,,
8.47462,124.681,8.47951,124.673,40,14,17,1,1,1,1,1,1,,,,,,
8.50507,124.639,8.50309,124.66,28,16,13,1,1,1,2,1,1,,,,,,
8.48743,124.645,8.48008,124.637,34,14,12,1,1,1,1,1,1,,,,,,
8.48036,124.671,8.50168,124.751,49,66,18,1,1,1,2,1,1,,,,,,
8.47448,124.681,8.49223,124.742,48,53,21,1,1,1,2,1,1,,,,,,
8.46335,124.644,8.44688,124.65,33,14,14,1,1,1,2,1,1,,,,,,
8.48598,124.65,8.50366,124.663,36,23,17,1,1,1,2,1,1,,,,,,
8.47057,124.708,8.4801,124.726,49,17,16,1,1,1,1,1,1,,,,,,
8.48421,124.731,8.49906,124.75,48,16,13,1,1,1,1,1,2,,,,,,
8.47759,124.649,8.47692,124.652,35,12,13,1,1,1,1,1,1,,,,,,
8.49841,124.755,8.48685,124.754,32,22,21,1,1,1,1,2,2,,,,,,
8.49297,124.655,8.49984,124.664,35,16,13,1,1,1,2,1,1,,,,,,
8.50299,124.641,8.49541,124.653,32,12,13,1,1,1,2,1,1,,,,,,
8.47979,124.638,8.47661,124.638,30,11,11,1,1,1,1,1,1,,,,,,
8.47816,124.646,8.47779,124.643,35,12,12,1,1,1,2,1,1,,,,,,
8.47331,124.695,8.45927,124.72,33,20,17,1,1,1,2,1,1,,,,,,
8.48143,124.76,8.49561,124.759,33,21,21,1,1,1,2,1,1,,,,,,
8.44695,124.65,8.44739,124.65,32,11,11,1,1,1,1,1,1,,,,,,
8.49621,124.661,8.50354,124.663,35,14,13,1,1,1,2,1,1,,,,,,
8.51042,124.635,8.49972,124.664,31,14,13,1,1,1,2,1,1,,,,,,
8.46366,124.789,8.50016,124.756,33,15,16,1,1,1,1,1,1,,,,,,
8.48822,124.642,8.47318,124.634,27,12,12,1,1,1,1,1,1,,,,,,
8.47536,124.716,8.48349,124.731,46,13,13,1,1,1,1,1,1,,,,,,
8.4815,124.669,8.47602,124.717,45,37,18,1,1,1,2,1,1,,,,,,
8.51042,124.635,8.50035,124.648,30,12,12,1,1,1,2,1,1,,,,,,
8.49185,124.654,8.49778,124.661,34,14,12,1,1,1,2,1,1,,,,,,
8.49356,124.744,8.50205,124.752,50,18,16,1,1,1,2,1,1,,,,,,
8.4656,124.659,8.45725,124.659,28,13,12,1,1,1,1,1,1,,,,,,
8.47592,124.717,8.47703,124.677,46,21,18,1,1,1,1,2,2,,,,,,
8.45783,124.659,8.47149,124.66,27,15,8,1,1,1,1,1,1,,,,,,
8.49332,124.655,8.4897,124.652,33,9,14,1,1,1,1,1,1,,,,,,
8.45082,124.648,8.43099,124.664,33,14,12,1,1,1,2,1,1,,,,,,
8.45868,124.717,8.4619,124.708,22,13,16,1,1,1,1,1,1,,,,,,
8.48004,124.645,8.49751,124.658,35,25,14,1,1,1,2,1,1,,,,,,
8.49333,124.652,8.49368,124.652,34,10,14,1,1,1,1,1,1,,,,,,
8.49451,124.756,8.48356,124.758,32,21,22,1,1,1,1,2,2,,,,,,
8.47448,124.681,8.48414,124.659,38,23,12,1,1,1,1,1,1,,,,,,
8.47171,124.64,8.47198,124.639,21,13,14,1,1,1,1,1,1,,,,,,
8.47832,124.647,8.47734,124.677,34,33,25,1,1,1,1,1,1,,,,,,
8.48256,124.638,8.48446,124.657,35,15,11,1,1,1,2,1,1,,,,,,
8.48111,124.67,8.47087,124.709,44,28,15,1,1,1,2,1,1,,,,,,
8.50124,124.663,8.48422,124.65,35,24,15,1,1,1,2,1,1,,,,,,
8.50246,124.664,8.49721,124.658,31,13,14,1,1,1,1,1,1,,,,,,
8.49548,124.653,8.48796,124.643,34,19,14,1,1,1,2,2,2,,,,,,
8.47421,124.676,8.47817,124.646,38,16,13,1,1,1,2,1,1,,,,,,
8.4833,124.631,8.49925,124.663,36,19,8,1,1,1,2,1,1,,,,,,
8.47983,124.725,8.48561,124.652,50,35,20,1,1,1,2,3,3,,,,,,
8.50679,124.763,8.48482,124.733,39,20,14,1,1,1,2,1,1,,,,,,
8.47759,124.649,8.48553,124.648,33,16,16,1,1,1,1,1,1,,,,,,
8.49925,124.663,8.49098,124.653,39,14,15,1,1,1,2,1,1,,,,,,
8.43817,124.665,8.47637,124.653,34,19,15,1,1,1,1,1,1,,,,,,
8.48423,124.658,8.48633,124.648,45,14,12,1,1,1,2,1,1,,,,,,
8.49493,124.657,8.49092,124.653,33,14,11,1,1,1,1,1,1,,,,,,
8.46437,124.645,8.44107,124.657,29,19,15,1,1,1,2,1,1,,,,,,
8.48669,124.736,8.48186,124.729,44,16,10,1,1,1,2,1,1,,,,,,
8.47673,124.654,8.47519,124.682,51,27,15,1,1,1,2,1,1,,,,,,
8.47877,124.652,8.48218,124.669,41,29,22,1,1,1,1,1,1,,,,,,
8.48707,124.749,8.48383,124.759,33,12,12,1,1,1,1,1,1,,,,,,
8.48691,124.753,8.48638,124.747,32,11,12,1,1,1,1,1,1,,,,,,
8.48649,124.648,8.50411,124.659,35,30,21,1,1,1,2,1,1,,,,,,
8.46332,124.786,8.47719,124.767,32,12,13,1,1,1,1,1,1,,,,,,
8.45942,124.713,8.4587,124.717,27,12,11,1,1,1,1,1,1,,,,,,
8.47635,124.661,8.47636,124.659,36,11,12,1,1,1,1,1,1,,,,,,
8.46987,124.705,8.48322,124.663,44,24,18,1,1,1,1,2,2,,,,,,
8.49961,124.664,8.48658,124.647,41,20,17,1,1,1,2,1,1,,,,,,
8.4718,124.681,8.47628,124.66,38,13,13,1,1,1,1,1,1,,,,,,
8.45964,124.713,8.45843,124.713,26,11,11,1,1,1,1,1,1,,,,,,
8.42149,124.667,8.42321,124.667,31,11,11,1,1,1,1,1,1,,,,,,
8.47426,124.683,8.47048,124.701,47,16,14,1,1,1,2,1,1,,,,,,
8.49578,124.652,8.50495,124.66,35,17,16,1,1,1,2,1,1,,,,,,
8.46265,124.66,8.43688,124.665,26,17,13,1,1,1,1,1,1,,,,,,
8.47828,124.656,8.48835,124.657,45,16,12,1,1,1,2,1,1,,,,,,
8.45927,124.72,8.47153,124.699,31,13,14,1,1,1,1,2,1,,,,,,
8.50796,124.754,8.47467,124.687,41,25,20,1,1,1,2,2,2,,,,,,
8.50843,124.757,8.46967,124.704,43,22,17,1,1,1,2,2,2,,,,,,
8.47032,124.707,8.50737,124.769,39,51,23,1,1,1,2,1,1,,,,,,
8.50411,124.659,8.47993,124.647,33,20,20,1,1,1,1,1,1,,,,,,
8.49947,124.663,8.47661,124.646,42,25,16,1,1,1,2,1,1,,,,,,
8.49925,124.663,8.51273,124.628,31,30,22,1,1,1,1,1,1,,,,,,
8.49836,124.755,8.46245,124.788,32,23,15,1,1,1,1,1,1,,,,,,
8.46965,124.704,8.48166,124.728,46,18,15,1,1,1,2,1,1,,,,,,
8.44919,124.649,8.44981,124.649,31,10,12,1,1,1,1,1,1,,,,,,
8.50314,124.664,8.48631,124.639,35,30,24,1,1,1,2,2,2,,,,,,
8.47645,124.678,8.46996,124.706,45,20,17,1,1,1,2,1,1,,,,,,
8.48913,124.739,8.47659,124.719,48,17,13,1,1,1,1,1,1,,,,,,
8.48322,124.663,8.4707,124.709,44,36,17,1,1,1,2,1,1,,,,,,
8.48608,124.65,8.48587,124.648,40,11,12,1,1,1,1,1,1,,,,,,
8.48364,124.758,8.50045,124.754,38,17,14,1,1,1,1,1,1,,,,,,
8.4614,124.71,8.48167,124.668,30,17,16,1,1,1,1,2,1,,,,,,
8.49298,124.652,8.48822,124.642,34,17,14,1,1,1,1,2,2,,,,,,
8.47638,124.657,8.47627,124.66,44,11,12,1,1,1,1,1,1,,,,,,
8.48868,124.641,8.4942,124.652,35,12,12,1,1,1,2,1,1,,,,,,
8.47671,124.654,8.47636,124.659,44,12,11,1,1,1,2,1,1,,,,,,
8.45587,124.645,8.47384,124.652,36,16,15,1,1,1,1,1,1,,,,,,
8.4626,124.644,8.44744,124.648,33,13,12,1,1,1,2,1,1,,,,,,
8.46824,124.659,8.45999,124.66,26,12,12,1,1,1,1,1,1,,,,,,
8.49947,124.663,8.47703,124.646,41,25,16,1,1,1,2,1,1,,,,,,
8.50292,124.643,8.49765,124.659,32,12,13,1,1,1,2,1,1,,,,,,
8.47863,124.654,8.5041,124.659,44,35,23,1,1,1,1,1,1,,,,,,
8.49947,124.749,8.47944,124.725,48,18,15,1,1,1,1,1,1,,,,,,
8.44901,124.649,8.43811,124.643,29,14,13,1,1,1,2,1,1,,,,,,
8.47487,124.692,8.4586,124.717,33,21,17,1,1,1,2,1,1,,,,,,
8.50178,124.662,8.49663,124.656,35,15,14,1,1,1,1,1,1,,,,,,
8.47743,124.677,8.46883,124.706,44,17,14,1,1,1,2,1,1,,,,,,
8.45902,124.659,8.45925,124.66,26,11,12,1,1,1,1,1,1,,,,,,
8.47807,124.646,8.48358,124.645,36,14,13,1,1,1,1,1,1,,,,,,
8.47636,124.659,8.49307,124.743,54,59,17,1,1,1,2,1,1,,,,,,
8.47554,124.671,8.47311,124.682,37,11,13,1,1,1,1,1,1,,,,,,
8.46334,124.789,8.49737,124.748,38,16,18,1,1,1,2,3,2,,,,,,
8.50762,124.77,8.50795,124.764,36,12,12,1,1,1,1,1,1,,,,,,
8.49001,124.657,8.47819,124.642,37,19,15,1,1,1,1,2,2,,,,,,
8.48402,124.657,8.47982,124.656,31,13,12,1,1,1,2,1,1,,,,,,
8.47827,124.655,8.49631,124.661,40,25,16,1,1,1,2,1,1,,,,,,
8.47754,124.649,8.48618,124.65,35,15,14,1,1,1,1,1,1,,,,,,
8.50968,124.636,8.49709,124.657,31,14,13,1,1,1,2,1,1,,,,,,
8.47395,124.682,8.47506,124.669,38,15,15,1,1,1,1,1,1,,,,,,
8.50246,124.664,8.47865,124.644,39,23,20,1,1,1,2,1,2,,,,,,
8.50164,124.647,8.49837,124.65,30,11,12,1,1,1,2,1,1,,,,,,
8.50203,124.664,8.48999,124.652,35,18,16,1,1,1,2,1,1,,,,,,
8.47451,124.686,8.48177,124.668,47,15,12,1,1,1,1,1,1,,,,,,
8.49651,124.747,8.49786,124.755,39,16,14,1,1,1,1,2,3,,,,,,
8.48095,124.629,8.48748,124.639,29,12,12,1,1,1,2,1,1,,,,,,
8.47646,124.68,8.47734,124.677,40,10,12,1,1,1,1,1,1,,,,,,
8.49824,124.661,8.49824,124.661,34,10,12,1,1,1,1,1,1,,,,,,
8.4774,124.646,8.47881,124.645,35,11,12,1,1,1,2,1,1,,,,,,
8.45917,124.713,8.48405,124.659,31,19,18,1,1,1,2,2,2,,,,,,
8.47553,124.667,8.47151,124.68,32,11,13,1,1,1,2,1,1,,,,,,
8.5045,124.754,8.50771,124.763,35,12,12,1,1,1,2,1,1,,,,,,
8.47624,124.66,8.47638,124.661,43,12,12,1,1,1,1,1,1,,,,,,
8.47552,124.672,8.47321,124.682,38,11,11,1,1,1,1,1,1,,,,,,
8.47645,124.678,8.47026,124.702,45,15,13,1,1,1,2,1,1,,,,,,
8.4747,124.692,8.47789,124.646,42,28,19,1,1,1,2,2,2,,,,,,
8.48598,124.65,8.48913,124.652,34,11,12,1,1,1,2,1,1,,,,,,
8.47799,124.649,8.49359,124.655,37,22,17,1,1,1,1,1,1,,,,,,
8.47471,124.692,8.47393,124.714,47,18,11,1,1,1,2,1,1,,,,,,
8.50189,124.647,8.50892,124.636,27,14,13,1,1,1,1,1,1,,,,,,
8.47318,124.634,8.47395,124.633,28,9,10,1,1,1,1,1,1,,,,,,
8.49375,124.758,8.48571,124.754,32,15,19,1,1,1,1,2,2,,,,,,
8.44975,124.649,8.47407,124.645,39,16,14,1,1,1,1,1,1,,,,,,
8.49814,124.661,8.47817,124.646,42,25,17,1,1,1,2,1,1,,,,,,
8.48301,124.664,8.48423,124.658,39,13,15,1,1,1,1,1,1,,,,,,
8.44786,124.649,8.45021,124.649,33,11,11,1,1,1,1,1,1,,,,,,
8.50311,124.64,8.49576,124.654,31,11,11,1,1,1,2,1,1,,,,,,
8.47464,124.676,8.47829,124.722,38,30,12,1,1,1,2,1,1,,,,,,
8.48485,124.656,8.48297,124.644,41,8,12,1,1,1,1,3,2,,,,,,
8.47963,124.638,8.48015,124.629,29,15,11,1,1,1,1,1,1,,,,,,
8.45995,124.712,8.46839,124.706,29,10,14,1,1,1,1,1,1,,,,,,
8.50432,124.659,8.50288,124.643,32,14,17,1,1,1,1,1,1,,,,,,
8.47704,124.651,8.47827,124.656,39,14,10,1,1,1,2,1,1,,,,,,
8.44817,124.649,8.43557,124.641,28,14,12,1,1,1,2,1,1,,,,,,
8.46971,124.705,8.48813,124.738,43,19,16,1,1,1,2,1,1,,,,,,
8.49001,124.657,8.47466,124.687,37,30,17,1,1,1,2,1,1,,,,,,
8.47483,124.69,8.47505,124.715,44,19,14,1,1,1,2,1,1,,,,,,
8.47222,124.711,8.49078,124.741,49,14,14,1,1,1,2,1,1,,,,,,
8.42745,124.666,8.47385,124.645,41,14,14,1,1,1,1,2,2,,,,,,
8.48398,124.659,8.48021,124.644,42,14,15,1,1,1,1,3,2,,,,,,
8.50892,124.636,8.49542,124.653,31,9,12,1,1,1,2,1,1,,,,,,
8.5002,124.75,8.47684,124.783,35,20,19,1,1,1,2,1,1,,,,,,
8.45893,124.713,8.47703,124.677,31,15,16,1,1,1,1,2,2,,,,,,
8.48297,124.644,8.48592,124.659,40,14,10,1,1,1,2,1,1,,,,,,
8.48257,124.665,8.48414,124.659,40,10,13,1,1,1,1,1,1,,,,,,
8.47693,124.644,8.49932,124.663,40,31,22,1,1,1,2,1,1,,,,,,
8.49651,124.747,8.49555,124.746,41,7,15,1,1,1,1,1,1,,,,,,
8.4888,124.66,8.5045,124.754,36,70,19,1,1,1,2,1,1,,,,,,
8.50298,124.641,8.50358,124.663,26,12,15,1,1,1,2,1,1,,,,,,
8.47382,124.694,8.4756,124.683,45,10,13,1,1,1,1,1,1,,,,,,
8.50208,124.646,8.498,124.65,27,10,9,1,1,1,2,1,1,,,,,,
8.47146,124.66,8.42723,124.666,21,31,21,1,1,1,2,1,1,,,,,,
8.47841,124.647,8.48246,124.668,36,20,23,1,1,1,2,1,1,,,,,,
8.48601,124.746,8.48109,124.761,30,14,15,1,1,1,1,1,1,,,,,,
8.45077,124.663,8.45728,124.661,26,13,10,1,1,1,1,1,1,,,,,,
8.4758,124.679,8.47687,124.652,43,21,19,1,1,1,2,2,2,,,,,,
8.48058,124.643,8.47698,124.651,30,14,15,1,1,1,1,1,1,,,,,,
8.47695,124.651,8.495,124.652,38,22,16,1,1,1,2,1,1,,,,,,
8.48692,124.753,8.48584,124.753,32,13,10,1,1,1,1,1,1,,,,,,
8.48059,124.658,8.47882,124.656,29,11,13,1,1,1,2,1,1,,,,,,
8.47628,124.661,8.4766,124.68,43,23,14,1,1,1,1,1,1,,,,,,
8.48156,124.648,8.48247,124.649,31,11,13,1,1,1,2,1,1,,,,,,
8.47437,124.645,8.44375,124.644,28,25,14,1,1,1,2,1,1,,,,,,
8.4981,124.66,8.50358,124.663,35,14,15,1,1,1,2,1,1,,,,,,
8.50434,124.659,8.50968,124.636,30,22,19,1,1,1,1,1,1,,,,,,
8.48469,124.656,8.47509,124.68,41,22,15,1,1,1,2,1,1,,,,,,
8.50203,124.646,8.50766,124.637,25,10,15,1,1,1,1,1,1,,,,,,
8.45377,124.662,8.45659,124.659,24,14,11,1,1,1,1,1,1,,,,,,
8.48556,124.646,8.49022,124.657,30,16,18,1,1,1,1,1,2,,,,,,
8.45402,124.646,8.46114,124.643,29,11,13,1,1,1,1,1,1,,,,,,
8.51276,124.628,8.50358,124.663,32,14,10,1,1,1,1,1,1,,,,,,
8.47789,124.646,8.4868,124.651,33,15,15,1,1,1,1,1,1,,,,,,
8.48669,124.647,8.48037,124.644,37,15,13,1,1,1,1,1,1,,,,,,
8.45829,124.715,8.45854,124.717,26,12,13,1,1,1,1,1,1,,,,,,
8.48151,124.645,8.50432,124.659,44,28,17,1,1,1,2,1,1,,,,,,
8.47554,124.671,8.47513,124.674,32,12,11,1,1,1,1,1,1,,,,,,
8.48349,124.731,8.49136,124.741,49,13,13,1,1,1,2,1,1,,,,,,
8.49719,124.756,8.48643,124.747,32,17,18,1,1,1,1,2,2,,,,,,
8.50354,124.663,8.50239,124.664,34,12,13,1,1,1,2,1,1,,,,,,
8.45377,124.646,8.47217,124.646,32,14,13,1,1,1,1,1,1,,,,,,
8.42402,124.636,8.43394,124.64,25,11,12,1,1,1,1,1,1,,,,,,
8.47754,124.649,8.48193,124.649,36,14,14,1,1,1,2,1,1,,,,,,
8.4539,124.646,8.46899,124.646,32,15,13,1,1,1,1,1,1,,,,,,
8.47432,124.682,8.49903,124.749,51,59,23,1,1,1,2,1,1,,,,,,
8.47875,124.723,8.48345,124.662,46,30,19,1,1,1,2,3,3,,,,,,
8.46269,124.66,8.43546,124.666,26,18,14,1,1,1,1,1,1,,,,,,
8.48651,124.651,8.48156,124.648,33,13,12,1,1,1,1,1,1,,,,,,
8.48941,124.658,8.48213,124.669,37,14,13,1,1,1,1,1,1,,,,,,
8.4951,124.658,8.50411,124.659,35,18,16,1,1,1,2,1,1,,,,,,
8.49185,124.654,8.47687,124.652,35,24,20,1,1,1,2,1,1,,,,,,
8.48641,124.746,8.49264,124.76,32,19,20,1,1,1,1,1,1,,,,,,
8.48472,124.659,8.48949,124.652,41,15,15,1,1,1,1,1,1,,,,,,
8.47724,124.651,8.50428,124.659,35,32,24,1,1,1,1,1,1,,,,,,
8.47099,124.709,8.50142,124.751,47,23,17,1,1,1,2,1,1,,,,,,
8.49544,124.653,8.50417,124.659,36,18,16,1,1,1,2,1,1,,,,,,
8.48891,124.652,8.50417,124.659,36,22,18,1,1,1,2,1,1,,,,,,
8.49972,124.664,8.50263,124.664,36,15,15,1,1,1,2,1,1,,,,,,
8.49524,124.746,8.49307,124.743,46,11,11,1,1,1,1,1,1,,,,,,
8.44839,124.649,8.42461,124.637,29,13,13,1,1,1,2,1,1,,,,,,
8.48123,124.761,8.48729,124.75,35,13,11,1,1,1,1,1,1,,,,,,
8.503,124.641,8.50968,124.636,28,7,11,1,1,1,1,1,1,,,,,,
8.49194,124.652,8.47475,124.692,43,41,20,1,1,1,2,2,2,,,,,,
8.43218,124.641,8.46874,124.646,30,13,16,1,1,1,1,1,1,,,,,,
8.51015,124.77,8.48111,124.67,41,30,28,1,1,1,2,3,3,,,,,,
8.51268,124.626,8.51086,124.624,28,11,11,1,1,1,1,1,1,,,,,,
8.49098,124.653,8.49623,124.661,30,12,14,1,1,1,2,1,1,,,,,,
8.48316,124.644,8.48612,124.65,35,6,8,1,1,1,2,1,1,,,,,,
8.50844,124.757,8.48968,124.74,39,16,14,1,1,1,1,2,2,,,,,,
8.45895,124.719,8.47417,124.684,35,14,15,1,1,1,2,1,1,,,,,,
8.4951,124.658,8.49479,124.657,33,10,11,1,1,1,1,1,1,,,,,,
8.4744,124.693,8.47418,124.684,45,14,11,1,1,1,1,1,1,,,,,,
8.4921,124.651,8.48842,124.641,29,16,15,1,1,1,1,3,2,,,,,,
8.5026,124.644,8.50755,124.637,27,11,12,1,1,1,1,1,1,,,,,,
8.48622,124.748,8.49795,124.755,30,15,15,1,1,1,1,1,1,,,,,,
8.48161,124.645,8.49484,124.652,34,19,10,1,1,1,2,1,1,,,,,,
8.48108,124.648,8.49627,124.661,34,16,12,1,1,1,2,1,1,,,,,,
8.47548,124.648,8.47561,124.652,40,10,14,1,1,1,1,1,1,,,,,,
8.4721,124.711,8.47485,124.715,43,13,11,1,1,1,1,1,1,,,,,,
8.50305,124.642,8.50474,124.661,30,10,14,1,1,1,2,1,1,,,,,,
8.47803,124.634,8.49263,124.652,29,14,8,1,1,1,2,1,1,,,,,,
8.46653,124.659,8.46011,124.66,25,9,10,1,1,1,1,1,1,,,,,,
8.48112,124.629,8.47933,124.638,28,10,12,1,1,1,2,1,1,,,,,,
8.4813,124.645,8.49814,124.66,39,21,12,1,1,1,2,1,1,,,,,,
8.49347,124.655,8.48322,124.658,31,15,15,1,1,1,1,1,2,,,,,,
8.49567,124.654,8.47782,124.652,37,26,20,1,1,1,2,1,1,,,,,,
8.49887,124.662,8.47773,124.644,32,20,20,1,1,1,2,1,1,,,,,,
8.48614,124.65,8.48681,124.639,30,19,9,1,1,1,1,1,1,,,,,,
8.50311,124.64,8.49781,124.659,31,10,12,1,1,1,2,1,1,,,,,,
8.46432,124.659,8.45889,124.659,26,10,11,1,1,1,1,1,1,,,,,,
8.48946,124.74,8.49496,124.756,38,19,17,1,1,1,1,3,2,,,,,,
8.47703,124.677,8.47418,124.683,45,11,11,1,1,1,2,1,1,,,,,,
8.49942,124.663,8.4897,124.652,35,18,15,1,1,1,2,1,1,,,,,,
8.48196,124.638,8.47979,124.638,28,11,11,1,1,1,1,1,1,,,,,,
8.48298,124.664,8.48522,124.659,43,10,12,1,1,1,1,1,1,,,,,,
8.4489,124.649,8.44615,124.647,28,10,11,1,1,1,2,1,1,,,,,,
8.49286,124.743,8.47244,124.697,48,23,17,1,1,1,1,2,2,,,,,,
8.49944,124.756,8.49846,124.755,32,11,12,1,1,1,1,1,1,,,,,,
8.4945,124.756,8.48186,124.778,32,16,13,1,1,1,1,1,1,,,,,,
8.49367,124.652,8.47979,124.638,33,25,19,1,1,1,1,2,3,,,,,,
8.49898,124.751,8.4744,124.693,45,26,19,1,1,1,2,2,2,,,,,,
8.4747,124.692,8.47471,124.692,43,10,13,1,1,1,1,1,1,,,,,,
8.48178,124.728,8.4968,124.747,46,15,13,1,1,1,2,2,1,,,,,,
8.50424,124.662,8.49942,124.663,34,12,13,1,1,1,1,1,1,,,,,,
8.48235,124.666,8.48645,124.648,44,14,14,1,1,1,2,2,1,,,,,,
8.45001,124.662,8.44951,124.662,26,11,11,1,1,1,1,1,1,,,,,,
8.48523,124.733,8.46985,124.705,46,19,14,1,1,1,1,1,1,,,,,,
8.47933,124.638,8.48464,124.639,30,11,12,1,1,1,1,1,1,,,,,,
8.49614,124.661,8.49641,124.661,34,11,12,1,1,1,2,1,1,,,,,,
8.50844,124.637,8.49646,124.656,31,13,12,1,1,1,2,1,1,,,,,,
8.43326,124.666,8.45686,124.66,26,11,12,1,1,1,1,1,1,,,,,,
8.48625,124.651,8.50417,124.659,36,26,20,1,1,1,2,1,1,,,,,,
8.49562,124.659,8.50474,124.661,35,17,15,1,1,1,2,1,1,,,,,,
8.48027,124.631,8.48235,124.63,29,11,11,1,1,1,1,1,1,,,,,,
8.48405,124.659,8.4783,124.675,43,17,13,1,1,1,2,1,1,,,,,,
8.47231,124.712,8.50233,124.752,49,27,21,1,1,1,2,1,2,,,,,,
8.46631,124.644,8.46911,124.646,33,13,13,1,1,1,1,1,1,,,,,,
8.48377,124.731,8.50666,124.761,39,23,19,1,1,1,2,1,1,,,,,,
8.50405,124.663,8.50304,124.642,31,19,19,1,1,1,1,1,1,,,,,,
8.50872,124.636,8.5115,124.631,28,11,11,1,1,1,1,1,1,,,,,,
8.48103,124.727,8.4968,124.747,47,16,14,1,1,1,2,1,1,,,,,,
8.46993,124.702,8.4747,124.692,46,13,12,1,1,1,2,1,1,,,,,,
8.46876,124.659,8.46692,124.659,27,10,11,1,1,1,1,1,1,,,,,,
8.48134,124.669,8.48067,124.671,43,11,12,1,1,1,2,1,1,,,,,,
8.50749,124.77,8.5068,124.754,36,12,13,1,1,1,2,1,1,,,,,,
8.4593,124.721,8.48412,124.659,31,19,18,1,1,1,2,2,2,,,,,,
8.48518,124.659,8.47982,124.656,36,14,12,1,1,1,1,1,1,,,,,,
8.47822,124.656,8.48933,124.658,42,16,12,1,1,1,2,1,1,,,,,,
8.46464,124.79,8.47022,124.777,33,12,12,1,1,1,1,1,1,,,,,,
8.4795,124.646,8.49368,124.652,37,18,14,1,1,1,1,1,1,,,,,,
8.4839,124.65,8.47741,124.649,35,20,16,1,1,1,2,3,3,,,,,,
8.47618,124.661,8.47741,124.649,37,14,13,1,1,1,1,1,1,,,,,,
8.49935,124.75,8.47189,124.711,44,22,17,1,1,1,2,1,1,,,,,,
8.49972,124.664,8.50144,124.662,35,11,13,1,1,1,2,1,1,,,,,,
8.50354,124.663,8.49153,124.651,40,17,19,1,1,1,2,1,1,,,,,,
8.49641,124.661,8.50497,124.66,36,16,15,1,1,1,2,1,1,,,,,,
8.47631,124.659,8.4756,124.663,37,11,13,1,1,1,1,1,1,,,,,,
8.47517,124.674,8.4755,124.672,33,11,11,1,1,1,1,1,1,,,,,,
8.47698,124.651,8.50497,124.66,39,32,23,1,1,1,2,1,1,,,,,,
8.47403,124.694,8.49949,124.749,48,42,20,1,1,1,2,1,1,,,,,,
8.50565,124.638,8.50251,124.645,29,13,13,1,1,1,2,1,1,,,,,,
8.50454,124.661,8.50432,124.659,34,12,12,1,1,1,1,1,1,,,,,,
8.47627,124.66,8.47156,124.681,37,17,13,1,1,1,1,1,1,,,,,,
8.47079,124.709,8.50019,124.75,47,21,17,1,1,1,2,1,1,,,,,,
8.47862,124.781,8.46383,124.782,29,17,12,1,1,1,1,1,1,,,,,,
8.44488,124.654,8.44489,124.654,26,7,12,1,1,1,1,1,1,,,,,,
8.45669,124.659,8.45742,124.66,27,8,14,1,1,1,1,1,1,,,,,,
8.48156,124.648,8.47993,124.647,31,9,13,1,1,1,1,1,1,,,,,,
8.49479,124.657,8.49623,124.661,35,13,9,1,1,1,2,1,1,,,,,,
8.49547,124.653,8.49836,124.661,38,10,11,1,1,1,2,1,1,,,,,,
8.48491,124.647,8.4862,124.648,35,8,14,1,1,1,2,1,1,,,,,,
8.45342,124.646,8.44822,124.649,33,15,11,1,1,1,2,1,1,,,,,,
8.47432,124.714,8.47485,124.715,44,12,9,1,1,1,1,1,1,,,,,,
8.45664,124.659,8.45711,124.661,25,9,13,1,1,1,1,1,1,,,,,,
8.50416,124.662,8.49616,124.661,34,12,15,1,1,1,1,1,1,,,,,,
8.48618,124.65,8.48118,124.644,41,12,15,1,1,1,1,1,1,,,,,,
8.50399,124.663,8.48829,124.652,39,19,18,1,1,1,2,2,1,,,,,,
8.49958,124.75,8.48123,124.67,46,36,20,1,1,1,2,2,3,,,,,,
8.47489,124.675,8.47741,124.649,42,15,15,1,1,1,1,1,1,,,,,,
8.48527,124.659,8.49207,124.654,45,19,10,1,1,1,2,1,1,,,,,,
8.49466,124.657,8.50398,124.659,32,17,22,1,1,1,2,1,1,,,,,,
8.50051,124.648,8.4987,124.662,31,7,13,1,1,1,2,1,1,,,,,,
8.50792,124.755,8.47483,124.692,40,25,20,1,1,1,2,2,3,,,,,,
8.47727,124.638,8.48655,124.647,34,10,14,1,1,1,1,1,1,,,,,,
8.43376,124.64,8.45162,124.648,28,12,16,1,1,1,1,1,1,,,,,,
8.46231,124.66,8.45725,124.659,28,14,10,1,1,1,1,1,1,,,,,,
8.47504,124.669,8.50387,124.754,30,59,19,1,1,1,2,1,1,,,,,,
8.50766,124.637,8.50835,124.637,27,9,13,1,1,1,1,1,1,,,,,,
8.51271,124.626,8.50565,124.638,27,15,9,1,1,1,2,1,1,,,,,,
8.47695,124.651,8.48586,124.662,33,28,10,1,1,1,1,1,1,,,,,,
8.42321,124.667,8.44739,124.65,36,14,7,1,1,1,1,1,1,,,,,,
8.50049,124.75,8.47646,124.656,50,35,27,1,1,1,2,3,3,,,,,,
8.48499,124.774,8.48534,124.754,33,21,21,1,1,1,2,2,2,,,,,,
8.48764,124.66,8.48525,124.654,46,13,13,1,1,1,1,2,2,,,,,,
8.47687,124.652,8.48406,124.65,41,15,14,1,1,1,2,1,1,,,,,,
8.44772,124.65,8.44983,124.648,31,12,11,1,1,1,1,1,1,,,,,,
8.47475,124.676,8.47627,124.659,37,12,12,1,1,1,1,1,1,,,,,,
8.49947,124.749,8.50801,124.763,43,16,17,1,1,1,2,1,1,,,,,,
8.48366,124.65,8.48366,124.65,33,12,12,1,1,1,1,1,1,,,,,,
8.45664,124.659,8.46137,124.659,25,12,13,1,1,1,1,1,1,,,,,,
8.47077,124.643,8.47282,124.635,32,50,41,1,1,1,2,4,5,,,,,,
8.48612,124.648,8.47945,124.645,35,14,13,1,1,1,1,1,1,,,,,,
8.50187,124.662,8.478,124.649,39,23,21,1,1,1,2,1,1,,,,,,
8.48764,124.66,8.47284,124.638,31,30,22,1,1,1,2,1,1,,,,,,
8.42376,124.636,8.45895,124.644,28,12,13,1,1,1,1,1,1,,,,,,
8.48,124.726,8.49793,124.748,48,17,15,1,1,1,2,1,2,,,,,,
8.48022,124.672,8.50927,124.771,41,103,39,1,1,1,2,1,1,,,,,,
8.50852,124.762,8.50702,124.767,40,14,12,1,1,1,2,1,1,,,,,,
8.47829,124.628,8.47507,124.631,27,13,13,1,1,1,1,1,1,,,,,,
8.45978,124.66,8.47511,124.655,31,14,13,1,1,1,1,1,1,,,,,,
8.50892,124.636,8.51266,124.625,29,12,13,1,1,1,1,1,1,,,,,,
8.489,124.767,8.46158,124.789,33,15,13,1,1,1,1,1,1,,,,,,
8.47849,124.654,8.48085,124.658,35,12,12,1,1,1,1,1,1,,,,,,
8.48447,124.639,8.47294,124.636,27,12,12,1,1,1,1,1,1,,,,,,
8.49646,124.656,8.48315,124.646,43,20,15,1,1,1,2,2,1,,,,,,
8.47461,124.693,8.47432,124.682,47,7,14,1,1,1,1,1,1,,,,,,
8.50723,124.769,8.47433,124.714,42,25,14,1,1,1,2,1,1,,,,,,
8.47418,124.683,8.47955,124.725,44,32,22,1,1,1,2,1,1,,,,,,
8.50437,124.659,8.50434,124.662,39,11,13,1,1,1,2,1,1,,,,,,
8.48517,124.659,8.48549,124.66,38,8,15,1,1,1,1,1,1,,,,,,
8.47536,124.716,8.47604,124.662,37,29,21,1,1,1,1,3,3,,,,,,
8.48448,124.662,8.48455,124.657,41,15,14,1,1,1,1,1,1,,,,,,
8.49223,124.742,8.47394,124.694,50,32,10,1,1,1,1,2,2,,,,,,
8.50208,124.646,8.50475,124.639,25,13,17,1,1,1,1,1,1,,,,,,
8.44717,124.648,8.4474,124.648,34,13,12,1,1,1,1,1,1,,,,,,
8.4989,124.662,8.49714,124.657,36,17,12,1,1,1,1,1,1,,,,,,
8.47741,124.649,8.4779,124.648,32,12,19,1,1,1,1,1,1,,,,,,
8.44595,124.652,8.46899,124.646,36,16,20,1,1,1,1,2,2,,,,,,
8.4868,124.651,8.48463,124.647,44,13,18,1,1,1,1,1,1,,,,,,
8.48397,124.659,8.47777,124.652,45,15,13,1,1,1,2,1,1,,,,,,
8.49576,124.759,8.49598,124.746,37,16,12,1,1,1,1,3,2,,,,,,
8.48809,124.743,8.46212,124.789,27,25,18,1,1,1,1,1,1,,,,,,
8.49271,124.654,8.50495,124.66,37,21,17,1,1,1,2,1,1,,,,,,
8.49524,124.652,8.48649,124.648,37,14,13,1,1,1,1,1,1,,,,,,
8.48366,124.647,8.48502,124.646,33,8,12,1,1,1,1,1,1,,,,,,
8.4764,124.646,8.47816,124.646,34,11,12,1,1,1,1,1,1,,,,,,
8.5041,124.662,8.49947,124.663,35,9,13,1,1,1,1,1,1,,,,,,
8.5081,124.637,8.49956,124.664,33,6,12,1,1,1,2,1,1,,,,,,
8.47766,124.643,8.48366,124.647,34,8,13,1,1,1,2,1,1,,,,,,
8.49232,124.654,8.47857,124.648,35,19,10,1,1,1,1,1,1,,,,,,
8.5047,124.66,8.48458,124.657,40,20,20,1,1,1,1,4,1,,,,,,
8.47444,124.657,8.45894,124.659,31,16,13,1,1,1,2,1,1,,,,,,
8.4614,124.789,8.48676,124.75,28,15,18,1,1,1,1,1,1,,,,,,
8.47703,124.646,8.48423,124.658,38,19,17,1,1,1,2,2,2,,,,,,
8.47552,124.651,8.50203,124.664,43,28,20,1,1,1,1,1,1,,,,,,
8.42723,124.666,8.47138,124.66,28,16,16,1,1,1,1,1,1,,,,,,
8.48457,124.657,8.487,124.639,32,19,14,1,1,1,1,1,1,,,,,,
8.49014,124.653,8.50124,124.663,36,17,14,1,1,1,2,1,1,,,,,,
8.48485,124.656,8.45854,124.717,29,58,28,1,1,1,2,2,2,,,,,,
8.49923,124.749,8.5068,124.756,41,13,14,1,1,1,2,1,1,,,,,,
8.50162,124.662,8.51252,124.623,31,33,22,1,1,1,1,1,1,,,,,,
8.47044,124.643,8.479,124.628,30,58,44,1,1,1,2,4,5,,,,,,
8.43414,124.64,8.43414,124.64,26,12,11,1,1,1,1,1,1,,,,,,
8.47432,124.682,8.4764,124.646,43,26,18,1,1,1,1,1,1,,,,,,
8.47504,124.669,8.47631,124.659,37,13,13,1,1,1,1,1,1,,,,,,
8.49544,124.653,8.49578,124.652,35,11,12,1,1,1,1,1,1,,,,,,
8.46078,124.712,8.45864,124.713,26,12,11,1,1,1,1,1,1,,,,,,
8.42216,124.667,8.42597,124.667,32,11,11,1,1,1,1,1,1,,,,,,
8.5026,124.644,8.50203,124.646,29,12,12,1,1,1,2,1,1,,,,,,
8.48246,124.668,8.47824,124.656,41,15,14,1,1,1,1,2,2,,,,,,
8.47914,124.643,8.48589,124.65,36,13,12,1,1,1,2,1,1,,,,,,
8.47645,124.678,8.47402,124.682,45,12,11,1,1,1,2,1,1,,,,,,
8.47965,124.646,8.47849,124.646,37,15,16,1,1,1,2,1,1,,,,,,
8.48244,124.644,8.48612,124.65,35,12,12,1,1,1,2,1,1,,,,,,
8.46228,124.66,8.47244,124.66,26,12,13,1,1,1,1,1,1,,,,,,
8.48603,124.65,8.48004,124.645,36,13,13,1,1,1,2,1,1,,,,,,
8.47796,124.65,8.49162,124.651,39,30,21,1,1,1,2,1,1,,,,,,
8.48641,124.648,8.48383,124.66,39,16,14,1,1,1,2,1,1,,,,,,
8.47451,124.686,8.48423,124.658,50,20,14,1,1,1,1,1,1,,,,,,
8.49561,124.654,8.50263,124.664,37,16,15,1,1,1,2,1,1,,,,,,
8.47799,124.649,8.48312,124.649,37,16,14,1,1,1,2,1,1,,,,,,
8.50088,124.664,8.48789,124.643,35,25,20,1,1,1,2,2,2,,,,,,
8.4926,124.76,8.49825,124.756,37,14,17,1,1,1,1,1,1,,,,,,
8.48764,124.66,8.48096,124.727,55,59,23,1,1,1,2,1,1,,,,,,
8.49956,124.664,8.4989,124.662,38,12,15,1,1,1,1,1,1,,,,,,
8.49602,124.758,8.47623,124.783,34,19,13,1,1,1,1,1,1,,,,,,
8.50668,124.762,8.50812,124.754,37,13,13,1,1,1,1,1,1,,,,,,
8.44399,124.655,8.44414,124.655,31,12,15,1,1,1,1,1,1,,,,,,
8.48806,124.658,8.50666,124.761,45,79,26,1,1,1,2,1,1,,,,,,
8.48872,124.652,8.50495,124.66,41,25,22,1,1,1,2,1,1,,,,,,
8.50124,124.663,8.50302,124.643,35,21,24,1,1,1,1,1,1,,,,,,
8.47906,124.647,8.48419,124.659,46,19,21,1,1,1,2,2,2,,,,,,
8.49717,124.756,8.48728,124.75,36,18,19,1,1,1,1,2,2,,,,,,
8.50242,124.664,8.48056,124.657,34,28,28,1,1,1,1,1,1,,,,,,
8.47473,124.69,8.46993,124.702,50,14,14,1,1,1,1,1,1,,,,,,
8.48561,124.652,8.48877,124.66,46,15,17,1,1,1,2,2,2,,,,,,
8.43985,124.644,8.44329,124.643,27,12,11,1,1,1,1,1,1,,,,,,
8.48561,124.652,8.47996,124.656,42,20,19,1,1,1,2,2,2,,,,,,
8.50844,124.637,8.503,124.641,34,15,12,1,1,1,2,1,1,,,,,,
8.50253,124.664,8.49623,124.661,40,15,17,1,1,1,1,1,1,,,,,,
8.49903,124.749,8.48869,124.738,53,14,14,1,1,1,1,1,1,,,,,,
8.48608,124.65,8.47111,124.702,43,45,19,1,1,1,2,2,1,,,,,,
8.47726,124.646,8.4835,124.65,45,15,15,1,1,1,2,1,1,,,,,,
8.50495,124.66,8.48312,124.649,38,20,18,1,1,1,2,1,1,,,,,,
8.48422,124.65,8.47746,124.649,36,18,22,1,1,1,2,3,3,,,,,,
8.47841,124.647,8.49641,124.661,40,21,14,1,1,1,2,1,1,,,,,,
8.49471,124.657,8.49185,124.654,35,14,14,1,1,1,1,1,1,,,,,,
8.4921,124.651,8.50468,124.66,45,22,20,1,1,1,2,1,1,,,,,,
8.47808,124.65,8.50224,124.664,39,33,21,1,1,1,2,1,1,,,,,,
8.50776,124.637,8.51219,124.63,31,17,10,1,1,1,1,1,1,,,,,,
8.46108,124.711,8.467,124.707,29,13,14,1,1,1,1,1,1,,,,,,
8.4988,124.662,8.47827,124.655,46,29,28,1,1,1,1,1,1,,,,,,
8.47447,124.657,8.47255,124.66,30,12,21,1,1,1,2,1,1,,,,,,
8.47835,124.655,8.49942,124.663,48,30,18,1,1,1,2,1,1,,,,,,
8.48364,124.731,8.47317,124.713,51,23,5,1,1,1,1,1,1,,,,,,
8.46262,124.708,8.45933,124.713,29,16,13,1,1,1,1,1,1,,,,,,
8.47801,124.649,8.50203,124.664,41,26,21,1,1,1,2,1,1,,,,,,
8.47624,124.66,8.47639,124.681,52,21,16,1,1,1,2,1,1,,,,,,
8.50771,124.763,8.47564,124.68,45,30,23,1,1,1,2,3,2,,,,,,
8.4907,124.656,8.48358,124.645,39,21,10,1,1,1,1,3,4,,,,,,
8.47627,124.66,8.4878,124.737,53,63,18,1,1,1,2,1,1,,,,,,
8.46898,124.706,8.49194,124.653,49,37,22,1,1,1,2,4,3,,,,,,
8.4747,124.692,8.4747,124.692,44,12,20,1,1,1,2,1,1,,,,,,
8.4918,124.654,8.48612,124.65,42,12,17,1,1,1,2,1,1,,,,,,
8.49257,124.761,8.5008,124.755,34,14,13,1,1,1,1,1,1,,,,,,
8.48134,124.669,8.47994,124.672,48,11,14,1,1,1,2,1,1,,,,,,
8.47142,124.681,8.47305,124.682,41,12,16,1,1,1,1,1,1,,,,,,
8.45784,124.644,8.46361,124.644,33,13,13,1,1,1,1,1,1,,,,,,
8.4767,124.68,8.47543,124.672,42,16,18,1,1,1,2,1,2,,,,,,
8.48423,124.658,8.47724,124.65,51,18,16,1,1,1,2,1,1,,,,,,
8.49225,124.654,8.48395,124.657,39,22,18,1,1,1,1,2,1,,,,,,
8.48693,124.746,8.48521,124.755,45,13,15,1,1,1,1,1,1,,,,,,
8.50246,124.664,8.50309,124.66,37,14,13,1,1,1,1,1,1,,,,,,
8.50253,124.664,8.50135,124.664,37,13,14,1,1,1,2,1,1,,,,,,
8.48074,124.658,8.49947,124.663,35,25,17,1,1,1,1,1,1,,,,,,
8.47738,124.65,8.48576,124.65,37,17,16,1,1,1,2,1,1,,,,,,
8.45065,124.648,8.44341,124.655,31,13,15,1,1,1,2,1,1,,,,,,
8.50854,124.762,8.50019,124.75,47,13,17,1,1,1,1,1,1,,,,,,
8.48485,124.656,8.47827,124.655,48,12,14,1,1,1,2,1,1,,,,,,
8.49529,124.756,8.49456,124.756,37,12,12,1,1,1,1,1,1,,,,,,
8.44861,124.649,8.45442,124.645,35,13,14,1,1,1,1,1,1,,,,,,
8.47119,124.71,8.47464,124.688,52,19,19,1,1,1,2,2,2,,,,,,
8.48327,124.644,8.47022,124.704,41,46,19,1,1,1,2,2,1,,,,,,
8.47589,124.662,8.47645,124.658,43,11,13,1,1,1,1,1,1,,,,,,
8.50203,124.664,8.49522,124.658,39,18,20,1,1,1,1,1,1,,,,,,
8.48946,124.74,8.49999,124.755,43,22,18,1,1,1,1,3,2,,,,,,
8.47808,124.65,8.50411,124.659,41,39,27,1,1,1,1,1,1,,,,,,
8.47483,124.675,8.47746,124.649,40,14,15,1,1,1,1,1,1,,,,,,
8.48498,124.655,8.47829,124.628,35,39,29,1,1,1,1,1,1,,,,,,
8.45863,124.717,8.47394,124.694,36,16,17,1,1,1,2,1,1,,,,,,
8.48959,124.658,8.47703,124.646,41,18,18,1,1,1,1,2,2,,,,,,
8.48323,124.649,8.49413,124.656,39,17,16,1,1,1,2,1,1,,,,,,
8.47157,124.68,8.47579,124.663,35,14,13,1,1,1,1,1,1,,,,,,
8.4951,124.658,8.50432,124.659,39,20,17,1,1,1,2,1,1,,,,,,
8.47025,124.707,8.484,124.659,51,27,18,1,1,1,2,2,2,,,,,,
8.4989,124.662,8.5041,124.659,38,16,17,1,1,1,2,1,1,,,,,,
8.50468,124.66,8.50495,124.66,39,14,13,1,1,1,2,1,1,,,,,,
8.46029,124.712,8.48257,124.665,39,30,25,1,1,1,1,2,2,,,,,,
8.49623,124.661,8.47749,124.645,41,30,19,1,1,1,1,1,1,,,,,,
8.50309,124.66,8.4989,124.662,38,15,15,1,1,1,1,1,1,,,,,,
8.47759,124.649,8.47719,124.643,39,14,15,1,1,1,1,1,1,,,,,,
8.48617,124.65,8.48476,124.656,42,14,15,1,1,1,1,1,1,,,,,,
8.48528,124.654,8.48324,124.665,44,15,12,1,1,1,2,1,1,,,,,,
8.49646,124.656,8.50494,124.66,37,18,17,1,1,1,2,1,1,,,,,,
8.47869,124.653,8.48059,124.658,36,13,13,1,1,1,1,1,1,,,,,,
8.42745,124.666,8.44848,124.65,37,12,17,1,1,1,1,1,1,,,,,,
8.49919,124.649,8.50208,124.646,30,13,11,1,1,1,1,1,1,,,,,,
8.47673,124.654,8.47142,124.68,46,35,22,1,1,1,1,1,1,,,,,,
8.50405,124.663,8.50263,124.664,40,13,15,1,1,1,2,1,1,,,,,,
8.45919,124.644,8.46304,124.644,36,13,14,1,1,1,1,1,1,,,,,,
8.50378,124.64,8.49801,124.66,36,14,15,1,1,1,2,1,1,,,,,,
8.48335,124.644,8.48612,124.648,38,16,15,1,1,1,1,1,1,,,,,,
8.50376,124.663,8.47695,124.651,46,27,29,1,1,1,2,1,1,,,,,,
8.498,124.661,8.50239,124.664,37,13,15,1,1,1,2,1,1,,,,,,
8.44994,124.648,8.43628,124.66,30,18,11,1,1,1,2,1,1,,,,,,
8.47631,124.659,8.47151,124.68,39,23,16,1,1,1,1,1,1,,,,,,
8.47828,124.649,8.49014,124.653,37,17,15,1,1,1,1,1,1,,,,,,
8.47997,124.643,8.47073,124.701,37,45,23,1,1,1,2,1,1,,,,,,
8.47696,124.651,8.49298,124.652,43,20,18,1,1,1,2,1,1,,,,,,
8.48732,124.645,8.48471,124.638,35,15,11,1,1,1,1,1,1,,,,,,
8.50144,124.662,8.49614,124.661,38,14,14,1,1,1,1,1,1,,,,,,
8.47799,124.649,8.4921,124.651,36,24,21,1,1,1,2,1,1,,,,,,
8.44489,124.653,8.44983,124.648,30,13,15,1,1,1,1,1,1,,,,,,
8.44685,124.647,8.47431,124.645,40,17,18,1,1,1,1,1,1,,,,,,
8.48452,124.639,8.48792,124.643,29,13,17,1,1,1,2,1,1,,,,,,
8.45875,124.659,8.45917,124.66,33,14,15,1,1,1,1,1,1,,,,,,
8.49633,124.655,8.47789,124.646,47,33,11,1,1,1,2,1,1,,,,,,
8.48229,124.649,8.48558,124.65,38,12,12,1,1,1,2,1,1,,,,,,
8.47724,124.65,8.47667,124.646,37,14,14,1,1,1,1,1,1,,,,,,
8.47703,124.651,8.48651,124.651,40,18,15,1,1,1,2,1,1,,,,,,
8.47823,124.649,8.4921,124.651,40,20,16,1,1,1,2,1,1,,,,,,
8.47197,124.711,8.50791,124.756,41,34,20,1,1,1,2,1,1,,,,,,
8.48891,124.652,8.48576,124.65,32,12,15,1,1,1,1,1,1,,,,,,
8.48395,124.657,8.47977,124.656,31,10,15,1,1,1,2,1,1,,,,,,
8.48322,124.658,8.50448,124.661,41,27,20,1,1,1,1,1,1,,,,,,
8.48414,124.659,8.48653,124.659,47,13,12,1,1,1,1,1,1,,,,,,
8.51272,124.626,8.49887,124.649,31,8,15,1,1,1,2,1,1,,,,,,
8.47222,124.679,8.47555,124.664,34,16,13,1,1,1,1,1,1,,,,,,
8.48169,124.668,8.48291,124.664,45,12,13,1,1,1,1,1,1,,,,,,
8.4774,124.646,8.48649,124.648,40,16,14,1,1,1,2,1,1,,,,,,
8.47288,124.638,8.47994,124.638,32,13,15,1,1,1,2,1,1,,,,,,
8.49947,124.749,8.48564,124.734,49,16,16,1,1,1,1,1,1,,,,,,
8.4827,124.73,8.50702,124.767,43,28,21,1,1,1,2,1,1,,,,,,
8.50217,124.752,8.47087,124.709,51,25,17,1,1,1,1,2,2,,,,,,
8.43565,124.666,8.44937,124.662,27,11,13,1,1,1,1,1,1,,,,,,
8.50242,124.664,8.48061,124.637,36,28,27,1,1,1,2,3,2,,,,,,
8.48814,124.649,8.49454,124.652,41,13,14,1,1,1,2,1,1,,,,,,
8.45388,124.646,8.44722,124.648,36,14,14,1,1,1,2,1,1,,,,,,
8.43905,124.644,8.4491,124.649,32,17,17,1,1,1,1,1,1,,,,,,
8.42216,124.667,8.47506,124.655,44,15,19,1,1,1,1,1,1,,,,,,
8.48392,124.657,8.49095,124.655,39,17,15,1,1,1,2,1,2,,,,,,
8.47697,124.651,8.48612,124.65,39,16,16,1,1,1,2,1,1,,,,,,
8.48946,124.74,8.46408,124.789,40,33,20,1,1,1,2,1,1,,,,,,
8.49952,124.664,8.50164,124.647,35,23,22,1,1,1,1,1,1,,,,,,
8.47704,124.651,8.48422,124.65,41,19,18,1,1,1,2,1,1,,,,,,
8.43049,124.666,8.46702,124.659,30,16,15,1,1,1,1,1,1,,,,,,
8.50298,124.643,8.4981,124.65,33,12,12,1,1,1,2,1,1,,,,,,
8.48487,124.655,8.48209,124.644,37,19,18,1,1,1,1,3,2,,,,,,
8.47624,124.66,8.47636,124.66,49,13,14,1,1,1,1,1,1,,,,,,
8.50216,124.646,8.50301,124.643,29,11,13,1,1,1,1,1,1,,,,,,
8.50853,124.759,8.48235,124.729,44,19,15,1,1,1,2,2,1,,,,,,
8.49198,124.742,8.50702,124.767,48,26,21,1,1,1,2,1,1,,,,,,
8.49846,124.756,8.49604,124.758,34,13,14,1,1,1,1,1,1,,,,,,
8.50298,124.643,8.5047,124.66,36,17,18,1,1,1,2,1,1,,,,,,
8.46612,124.707,8.45984,124.712,26,14,19,1,1,1,1,1,1,,,,,,
8.47933,124.638,8.47395,124.633,39,15,16,1,1,1,1,1,1,,,,,,
8.50771,124.754,8.47554,124.672,42,32,30,1,1,1,2,4,3,,,,,,
8.48612,124.648,8.48783,124.651,37,13,14,1,1,1,1,1,1,,,,,,
8.49493,124.657,8.48063,124.658,34,25,24,1,1,1,1,1,1,,,,,,
8.48872,124.652,8.48589,124.65,38,18,11,1,1,1,1,1,1,,,,,,
8.49402,124.652,8.48812,124.642,36,20,19,1,1,1,1,3,2,,,,,,
8.47426,124.683,8.47465,124.687,52,15,15,1,1,1,2,1,1,,,,,,
8.49326,124.743,8.48924,124.766,45,22,22,1,1,1,1,3,2,,,,,,
8.49961,124.664,8.50304,124.642,35,22,20,1,1,1,1,1,1,,,,,,
8.46786,124.659,8.46388,124.659,28,12,13,1,1,1,1,1,1,,,,,,
8.48215,124.669,8.4823,124.668,43,12,12,1,1,1,1,1,1,,,,,,
8.49926,124.749,8.47861,124.723,53,19,16,1,1,1,1,1,1,,,,,,
8.47863,124.654,8.49232,124.654,46,20,16,1,1,1,2,1,1,,,,,,
8.48561,124.661,8.48367,124.661,47,11,15,1,1,1,2,1,1,,,,,,
8.49887,124.649,8.50876,124.636,30,14,16,1,1,1,1,1,1,,,,,,
8.50494,124.66,8.50398,124.659,37,12,14,1,1,1,1,1,1,,,,,,
8.48721,124.745,8.48915,124.77,31,19,25,1,1,1,1,1,1,,,,,,
8.4858,124.662,8.47763,124.649,41,17,17,1,1,1,1,2,2,,,,,,
8.49098,124.653,8.47779,124.643,36,20,18,1,1,1,1,2,1,,,,,,
8.48323,124.649,8.4987,124.662,39,21,9,1,1,1,2,1,1,,,,,,
8.48764,124.66,8.49887,124.662,56,21,17,1,1,1,2,1,1,,,,,,
8.45587,124.645,8.45602,124.645,38,14,16,1,1,1,1,1,1,,,,,,
8.46794,124.659,8.42723,124.666,36,34,20,1,1,1,2,1,1,,,,,,
8.46985,124.703,8.4991,124.75,55,32,19,1,1,1,2,1,1,,,,,,
8.47053,124.643,8.48639,124.648,44,24,19,1,1,1,2,2,2,,,,,,
8.46297,124.707,8.45893,124.713,31,18,16,1,1,1,1,1,1,,,,,,
8.44985,124.648,8.44409,124.655,30,14,14,1,1,1,2,1,1,,,,,,
8.50176,124.662,8.47749,124.645,40,24,20,1,1,1,2,1,1,,,,,,
8.47301,124.637,8.47099,124.642,29,13,14,1,1,1,1,1,1,,,,,,
8.4817,124.759,8.48632,124.748,35,13,13,1,1,1,1,1,1,,,,,,
8.44211,124.656,8.45503,124.645,29,14,14,1,1,1,1,2,2,,,,,,
8.48967,124.764,8.50054,124.751,43,12,15,1,1,1,1,1,1,,,,,,
8.47318,124.634,8.47099,124.642,28,15,14,1,1,1,1,1,1,,,,,,
8.4815,124.669,8.47703,124.677,47,11,13,1,1,1,2,1,1,,,,,,
8.49245,124.652,8.48276,124.646,39,15,15,1,1,1,1,1,1,,,,,,
8.48518,124.659,8.48063,124.658,43,21,24,1,1,1,1,1,1,,,,,,
8.46114,124.643,8.44618,124.652,33,16,19,1,1,1,2,1,1,,,,,,
8.48835,124.771,8.48626,124.748,36,20,22,1,1,1,1,2,2,,,,,,
8.47411,124.658,8.46579,124.659,35,20,17,1,1,1,2,1,1,,,,,,
8.47051,124.646,8.43242,124.641,33,29,16,1,1,1,2,1,1,,,,,,
8.49086,124.656,8.49207,124.654,39,13,15,1,1,1,1,1,1,,,,,,
8.50495,124.66,8.49627,124.661,40,16,16,1,1,1,1,1,1,,,,,,
8.49207,124.654,8.48653,124.659,45,14,14,1,1,1,1,2,2,,,,,,
8.49924,124.756,8.48618,124.746,39,23,26,1,1,1,1,2,2,,,,,,
8.44461,124.662,8.45377,124.662,33,13,17,1,1,1,1,1,1,,,,,,
8.45794,124.644,8.44495,124.653,32,15,15,1,1,1,2,1,1,,,,,,
8.50263,124.664,8.4969,124.661,39,15,14,1,1,1,1,1,1,,,,,,
8.47507,124.655,8.45451,124.66,32,24,17,1,1,1,2,1,1,,,,,,
8.48868,124.641,8.47994,124.638,30,13,13,1,1,1,1,1,1,,,,,,
8.48164,124.658,8.49631,124.661,38,22,15,1,1,1,1,1,1,,,,,,
8.47394,124.694,8.47062,124.708,50,18,14,1,1,1,2,1,1,,,,,,
8.49652,124.661,8.47801,124.646,36,26,14,1,1,1,2,1,1,,,,,,
8.50713,124.754,8.4755,124.667,38,36,32,1,1,1,2,4,2,,,,,,
8.49271,124.654,8.47724,124.65,38,26,22,1,1,1,2,1,1,,,,,,
8.46767,124.659,8.46876,124.659,27,12,13,1,1,1,1,1,1,,,,,,
8.49639,124.747,8.47564,124.68,56,36,26,1,1,1,2,3,3,,,,,,
8.49887,124.662,8.48138,124.645,45,23,22,1,1,1,2,1,1,,,,,,
8.48612,124.648,8.4888,124.66,42,19,15,1,1,1,1,1,2,,,,,,
8.44589,124.647,8.45128,124.648,29,17,9,1,1,1,1,1,1,,,,,,
8.49981,124.749,8.47955,124.725,47,18,17,1,1,1,2,1,1,,,,,,
8.50195,124.646,8.49961,124.649,32,10,12,1,1,1,2,1,1,,,,,,
8.48392,124.731,8.47467,124.687,49,25,17,1,1,1,1,2,2,,,,,,
8.47778,124.646,8.47746,124.649,38,10,15,1,1,1,1,1,1,,,,,,
8.46132,124.643,8.46493,124.645,38,14,14,1,1,1,1,1,1,,,,,,
8.48444,124.758,8.49725,124.756,37,19,22,1,1,1,1,1,1,,,,,,
8.47731,124.651,8.50234,124.664,37,27,21,1,1,1,1,1,1,,,,,,
8.44823,124.65,8.46911,124.646,36,15,21,1,1,1,1,1,1,,,,,,
8.49627,124.661,8.48366,124.65,38,20,15,1,1,1,1,2,1,,,,,,
8.47547,124.647,8.45663,124.645,45,24,19,1,1,1,2,1,1,,,,,,
8.47759,124.649,8.47471,124.692,43,41,25,1,1,1,2,2,2,,,,,,
8.44017,124.644,8.47547,124.648,31,15,22,1,1,1,1,1,1,,,,,,
8.48277,124.665,8.4758,124.679,49,17,16,1,1,1,2,1,1,,,,,,
8.47073,124.701,8.49344,124.744,54,28,21,1,1,1,2,1,1,,,,,,
8.49731,124.651,8.49548,124.653,39,12,14,1,1,1,2,1,1,,,,,,
8.49208,124.654,8.48155,124.644,42,19,16,1,1,1,1,2,2,,,,,,
8.48827,124.743,8.47396,124.785,36,29,23,1,1,1,2,1,1,,,,,,
8.49854,124.756,8.48992,124.764,34,18,17,1,1,1,1,1,1,,,,,,
8.47807,124.646,8.47631,124.658,43,20,18,1,1,1,2,1,1,,,,,,
8.49981,124.749,8.48067,124.671,48,32,25,1,1,1,2,2,3,,,,,,
8.471,124.642,8.4803,124.637,31,13,12,1,1,1,2,1,1,,,,,,
8.48283,124.664,8.47863,124.654,47,15,16,1,1,1,2,2,2,,,,,,
8.47457,124.715,8.47951,124.673,55,31,26,1,1,1,1,3,2,,,,,,
8.47455,124.657,8.46335,124.66,34,20,19,1,1,1,2,1,1,,,,,,
8.47463,124.687,8.48821,124.658,51,23,16,1,1,1,2,2,2,,,,,,
8.5068,124.757,8.50695,124.754,38,10,13,1,1,1,1,1,1,,,,,,
8.49961,124.664,8.48423,124.658,51,22,20,1,1,1,2,1,1,,,,,,
8.50242,124.664,8.50968,124.636,32,26,21,1,1,1,1,1,1,,,,,,
8.46911,124.646,8.45919,124.644,34,13,13,1,1,1,2,1,1,,,,,,
8.48339,124.665,8.47695,124.651,44,21,14,1,1,1,1,2,2,,,,,,
8.46323,124.786,8.4763,124.768,35,16,15,1,1,1,1,1,1,,,,,,
8.47872,124.648,8.47773,124.644,37,14,13,1,1,1,2,1,1,,,,,,
8.48376,124.657,8.48399,124.657,36,11,12,1,1,1,1,1,1,,,,,,
8.50718,124.769,8.47197,124.711,45,27,22,1,1,1,2,1,1,,,,,,
8.49728,124.756,8.48717,124.745,35,17,18,1,1,1,1,2,2,,,,,,
8.50474,124.661,8.49887,124.649,32,19,17,1,1,1,1,1,1,,,,,,
8.47473,124.69,8.50666,124.764,39,71,29,1,1,1,2,1,1,,,,,,
8.48491,124.647,8.5041,124.662,50,24,20,1,1,1,2,1,1,,,,,,
8.45161,124.648,8.46904,124.646,35,17,18,1,1,1,1,1,1,,,,,,
8.46382,124.707,8.46612,124.707,31,15,16,1,1,1,1,1,1,,,,,,
8.4942,124.652,8.48204,124.646,43,16,16,1,1,1,2,2,1,,,,,,
8.48422,124.65,8.48366,124.65,38,13,14,1,1,1,1,1,1,,,,,,
8.45065,124.648,8.47288,124.652,39,21,21,1,1,1,1,2,2,,,,,,
8.50202,124.661,8.48949,124.652,41,17,21,1,1,1,2,2,1,,,,,,
8.47391,124.714,8.47483,124.69,47,20,12,1,1,1,1,2,2,,,,,,
8.49542,124.746,8.49719,124.756,47,19,19,1,1,1,1,2,3,,,,,,
8.50416,124.662,8.49814,124.661,38,17,16,1,1,1,1,1,1,,,,,,
8.4747,124.692,8.50681,124.759,43,77,32,1,1,1,2,1,1,,,,,,
8.49542,124.653,8.49556,124.654,38,12,14,1,1,1,2,1,1,,,,,,
8.48073,124.671,8.50713,124.754,39,75,27,1,1,1,2,1,1,,,,,,
8.4763,124.659,8.4755,124.671,40,22,22,1,1,1,1,1,1,,,,,,
8.48623,124.649,8.45828,124.714,35,91,47,1,1,1,2,2,2,,,,,,
8.47043,124.643,8.48233,124.638,33,18,20,1,1,1,2,1,1,,,,,,
8.49367,124.652,8.48787,124.643,40,27,19,1,1,1,1,2,2,,,,,,
8.50474,124.661,8.49952,124.664,41,20,20,1,1,1,1,1,1,,,,,,
8.44893,124.649,8.44293,124.655,35,20,20,1,1,1,2,1,1,,,,,,
8.49956,124.664,8.50496,124.66,42,22,21,1,1,1,2,1,1,,,,,,
8.4862,124.65,8.47808,124.65,46,29,23,1,1,1,1,1,1,,,,,,
8.50078,124.755,8.49072,124.763,39,22,21,1,1,1,1,1,1,,,,,,
8.48463,124.647,8.4845,124.659,43,23,18,1,1,1,2,1,1,,,,,,
8.45289,124.662,8.45059,124.663,32,17,18,1,1,1,1,1,1,,,,,,
8.44841,124.649,8.46904,124.646,37,21,22,1,1,1,1,1,1,,,,,,
8.50223,124.646,8.51276,124.628,34,19,20,1,1,1,1,1,1,,,,,,
8.50203,124.664,8.50088,124.664,41,21,25,1,1,1,1,1,1,,,,,,
8.50135,124.664,8.48649,124.648,49,29,28,1,1,1,2,1,1,,,,,,
8.49145,124.655,8.49619,124.661,45,21,20,1,1,1,2,1,1,,,,,,
8.47483,124.69,8.47462,124.687,51,12,14,1,1,1,1,1,1,,,,,,
8.50148,124.664,8.50124,124.663,40,19,19,1,1,1,1,1,1,,,,,,
8.48419,124.659,8.47432,124.682,52,32,21,1,1,1,2,1,1,,,,,,
8.48549,124.66,8.48522,124.66,51,19,17,1,1,1,1,1,1,,,,,,
8.46776,124.706,8.471,124.703,53,15,16,1,1,1,1,1,1,,,,,,
8.49567,124.654,8.51047,124.635,35,27,15,1,1,1,1,1,1,,,,,,
8.49952,124.664,8.47799,124.649,42,25,21,1,1,1,2,1,1,,,,,,
8.46162,124.66,8.46781,124.659,26,15,13,1,1,1,1,1,1,,,,,,
8.46006,124.66,8.46653,124.659,30,11,16,1,1,1,1,1,1,,,,,,
8.48843,124.738,8.51017,124.77,46,25,24,1,1,1,2,1,1,,,,,,
8.42461,124.637,8.47428,124.649,36,16,19,1,1,1,2,1,1,,,,,,
8.45925,124.66,8.46614,124.659,27,13,16,1,1,1,1,1,1,,,,,,
8.43401,124.64,8.45683,124.645,32,15,16,1,1,1,1,1,1,,,,,,
8.4895,124.658,8.47728,124.65,40,17,17,1,1,1,1,1,1,,,,,,
8.50224,124.664,8.51273,124.628,34,32,23,1,1,1,1,1,1,,,,,,
8.49193,124.652,8.46664,124.707,31,54,25,1,1,1,2,1,1,,,,,,
8.46994,124.646,8.42402,124.636,36,36,20,1,1,1,2,1,1,,,,,,
8.47974,124.725,8.47695,124.719,50,13,13,1,1,1,1,1,1,,,,,,
8.50088,124.664,8.50368,124.663,36,12,15,1,1,1,2,1,1,,,,,,
8.48204,124.646,8.48046,124.644,36,13,11,1,1,1,1,1,1,,,,,,
8.47529,124.673,8.47604,124.662,34,15,14,1,1,1,1,1,1,,,,,,
8.46717,124.649,8.45549,124.645,31,13,11,1,1,1,2,1,1,,,,,,
8.4893,124.743,8.49823,124.755,41,22,15,1,1,1,1,2,3,,,,,,
8.45171,124.648,8.4444,124.644,33,18,17,1,1,1,2,1,1,,,,,,
8.50088,124.664,8.49814,124.661,39,15,14,1,1,1,1,1,1,,,,,,
8.47556,124.649,8.45063,124.648,40,26,21,1,1,1,2,1,1,,,,,,
8.48965,124.74,8.48729,124.75,40,14,14,1,1,1,1,1,1,,,,,,
8.50208,124.646,8.50351,124.64,29,15,13,1,1,1,1,1,1,,,,,,
8.48552,124.756,8.48305,124.758,36,11,12,1,1,1,1,1,1,,,,,,
8.47741,124.649,8.49984,124.664,42,28,23,1,1,1,2,1,1,,,,,,
8.48822,124.642,8.47949,124.632,28,15,16,1,1,1,1,1,1,,,,,,
8.47732,124.649,8.49201,124.654,38,20,15,1,1,1,1,1,1,,,,,,
8.42745,124.666,8.45433,124.646,36,13,13,1,1,1,1,2,2,,,,,,
8.49268,124.759,8.46139,124.789,36,19,13,1,1,1,1,1,1,,,,,,
8.49553,124.654,8.49403,124.652,40,12,13,1,1,1,1,1,1,,,,,,
8.5041,124.662,8.49663,124.656,38,18,19,1,1,1,1,1,1,,,,,,
8.50183,124.751,8.47101,124.7,50,24,20,1,1,1,1,2,1,,,,,,
8.4557,124.659,8.46003,124.66,27,13,15,1,1,1,1,1,1,,,,,,
8.47394,124.694,8.47152,124.699,51,14,13,1,1,1,2,1,1,,,,,,
8.49846,124.755,8.47799,124.766,35,22,22,1,1,1,1,2,2,,,,,,
8.48618,124.735,8.48843,124.738,48,13,12,1,1,1,1,1,1,,,,,,
8.44375,124.644,8.4536,124.646,31,14,12,1,1,1,1,1,1,,,,,,
8.47693,124.629,8.47866,124.628,27,12,14,1,1,1,1,1,1,,,,,,
8.49585,124.746,8.4713,124.7,51,25,20,1,1,1,1,2,2,,,,,,
8.48177,124.645,8.49537,124.652,43,15,12,1,1,1,2,1,1,,,,,,
8.48398,124.659,8.47462,124.687,48,28,19,1,1,1,1,1,1,,,,,,
8.48502,124.654,8.48612,124.65,41,16,15,1,1,1,1,1,1,,,,,,
8.49656,124.656,8.49107,124.651,44,17,19,1,1,1,1,1,1,,,,,,
8.49466,124.657,8.47886,124.649,37,20,16,1,1,1,1,1,1,,,,,,
8.48119,124.761,8.48731,124.75,35,17,16,1,1,1,1,1,1,,,,,,
8.49781,124.748,8.47137,124.71,53,21,17,1,1,1,1,1,1,,,,,,
8.47898,124.656,8.49466,124.657,43,19,14,1,1,1,1,1,1,,,,,,
8.48605,124.746,8.46334,124.789,36,27,16,1,1,1,1,1,1,,,,,,
8.44866,124.649,8.44981,124.649,34,13,13,1,1,1,1,1,1,,,,,,
8.50444,124.639,8.49534,124.652,32,13,14,1,1,1,2,1,1,,,,,,
8.50187,124.662,8.49984,124.664,36,14,17,1,1,1,1,1,1,,,,,,
8.47916,124.638,8.49567,124.654,37,15,14,1,1,1,2,1,1,,,,,,
8.48235,124.63,8.47827,124.633,32,62,50,1,1,1,2,6,7,,,,,,
8.47754,124.649,8.48423,124.658,40,18,18,1,1,1,2,2,2,,,,,,
8.48013,124.672,8.47493,124.681,47,12,12,1,1,1,2,1,1,,,,,,
8.47465,124.676,8.47638,124.661,38,16,16,1,1,1,1,1,1,,,,,,
8.49092,124.653,8.49461,124.656,31,13,19,1,1,1,2,1,1,,,,,,
8.49937,124.663,8.49522,124.652,30,19,21,1,1,1,1,1,1,,,,,,
8.5041,124.659,8.50308,124.641,34,21,17,1,1,1,1,1,1,,,,,,
8.47464,124.688,8.4702,124.707,46,15,16,1,1,1,2,1,1,,,,,,
8.45073,124.648,8.46887,124.646,32,15,19,1,1,1,1,1,1,,,,,,
8.47207,124.698,8.46965,124.704,52,11,12,1,1,1,2,1,1,,,,,,
8.48493,124.662,8.4822,124.669,40,11,18,1,1,1,1,1,1,,,,,,
8.47822,124.656,8.4779,124.648,43,15,12,1,1,1,2,1,1,,,,,,
8.49522,124.658,8.48399,124.657,34,21,18,1,1,1,1,1,2,,,,,,
8.4988,124.662,8.4833,124.631,33,34,36,1,1,1,2,3,3,,,,,,
8.4868,124.651,8.47796,124.65,35,22,20,1,1,1,1,1,1,,,,,,
8.45795,124.659,8.44988,124.662,28,16,13,1,1,1,1,1,1,,,,,,
8.47779,124.646,8.48138,124.645,35,9,18,1,1,1,1,1,1,,,,,,
8.48652,124.648,8.47963,124.638,35,20,18,1,1,1,1,1,1,,,,,,
8.50141,124.664,8.50088,124.664,38,15,17,1,1,1,1,1,1,,,,,,
8.47463,124.687,8.4583,124.714,38,26,20,1,1,1,2,1,1,,,,,,
8.47257,124.646,8.45881,124.644,36,15,13,1,1,1,2,1,1,,,,,,
8.49631,124.661,8.48999,124.652,38,21,10,1,1,1,1,1,1,,,,,,
8.4718,124.681,8.477,124.678,43,13,14,1,1,1,2,1,1,,,,,,
8.50234,124.664,8.48406,124.65,37,26,17,1,1,1,2,1,1,,,,,,
8.48466,124.657,8.47941,124.656,41,17,17,1,1,1,2,1,1,,,,,,
8.49633,124.655,8.49576,124.654,32,14,18,1,1,1,1,1,1,,,,,,
8.50202,124.661,8.49937,124.663,38,13,11,1,1,1,1,1,1,,,,,,
8.50088,124.664,8.50786,124.637,34,31,22,1,1,1,1,1,1,,,,,,
8.46335,124.644,8.46014,124.644,33,12,13,1,1,1,2,1,1,,,,,,
8.4783,124.675,8.49542,124.746,51,62,20,1,1,1,2,1,1,,,,,,
8.48913,124.77,8.49265,124.76,37,12,12,1,1,1,1,1,1,,,,,,
8.47372,124.713,8.49208,124.654,51,36,23,1,1,1,2,5,5,,,,,,
8.49537,124.652,8.49582,124.654,41,17,14,1,1,1,2,1,1,,,,,,
8.4951,124.658,8.48829,124.652,46,19,18,1,1,1,1,1,1,,,,,,
8.49646,124.656,8.50755,124.637,32,36,18,1,1,1,1,1,1,,,,,,
8.49464,124.652,8.49925,124.663,43,16,16,1,1,1,2,1,1,,,,,,
8.48689,124.649,8.47695,124.651,44,23,20,1,1,1,2,1,1,,,,,,
8.47114,124.643,8.47183,124.639,28,15,16,1,1,1,1,1,1,,,,,,
8.46084,124.783,8.50071,124.755,34,17,17,1,1,1,2,1,1,,,,,,
8.48204,124.646,8.49984,124.664,43,23,16,1,1,1,2,1,1,,,,,,
8.51266,124.625,8.49721,124.658,34,14,15,1,1,1,2,1,1,,,,,,
8.50801,124.637,8.49972,124.664,34,14,16,1,1,1,2,1,1,,,,,,
8.49257,124.654,8.48783,124.651,36,13,14,1,1,1,1,1,1,,,,,,
8.43365,124.64,8.452,124.647,31,16,16,1,1,1,1,1,1,,,,,,
8.47726,124.65,8.47698,124.651,40,16,16,1,1,1,1,1,1,,,,,,
8.48186,124.729,8.47487,124.692,52,27,19,1,1,1,2,2,2,,,,,,
8.44845,124.65,8.46853,124.649,31,23,21,1,1,1,1,2,2,,,,,,
8.47863,124.654,8.49022,124.657,43,17,15,1,1,1,2,1,1,,,,,,
8.49942,124.663,8.49663,124.656,39,15,14,1,1,1,1,1,1,,,,,,
8.47633,124.659,8.47636,124.659,44,13,12,1,1,1,1,1,1,,,,,,
8.49947,124.749,8.49257,124.761,40,18,17,1,1,1,1,1,1,,,,,,
8.49413,124.656,8.50453,124.659,36,21,19,1,1,1,2,1,1,,,,,,
8.47835,124.646,8.50088,124.664,42,25,18,1,1,1,2,1,1,,,,,,
8.49568,124.652,8.49947,124.663,36,14,14,1,1,1,2,1,1,,,,,,
8.50314,124.753,8.47418,124.683,41,28,21,1,1,1,2,3,2,,,,,,
8.46699,124.78,8.47974,124.78,36,13,16,1,1,1,1,1,1,,,,,,
8.4602,124.66,8.45581,124.659,27,12,13,1,1,1,1,1,1,,,,,,
8.50931,124.636,8.50864,124.636,31,12,10,1,1,1,2,1,1,,,,,,
8.5068,124.756,8.47732,124.677,43,30,26,1,1,1,2,2,2,,,,,,
8.47048,124.701,8.47331,124.695,46,13,17,1,1,1,1,1,1,,,,,,
8.47816,124.646,8.47454,124.681,38,46,17,1,1,1,2,1,1,,,,,,
8.47558,124.665,8.47554,124.672,41,21,12,1,1,1,2,1,1,,,,,,
8.48587,124.753,8.48957,124.743,40,16,15,1,1,1,1,1,1,,,,,,
8.49014,124.653,8.4835,124.65,37,14,12,1,1,1,1,1,1,,,,,,
8.47586,124.662,8.47395,124.682,42,28,10,1,1,1,2,1,1,,,,,,
8.47994,124.672,8.47485,124.692,49,16,12,1,1,1,2,1,1,,,,,,
8.47504,124.646,8.43932,124.644,32,31,17,1,1,1,2,1,1,,,,,,
8.48017,124.657,8.47827,124.655,33,11,17,1,1,1,2,1,1,,,,,,
8.49567,124.654,8.4988,124.662,39,16,17,1,1,1,2,1,1,,,,,,
8.47541,124.671,8.47297,124.682,39,17,17,1,1,1,1,1,1,,,,,,
8.47732,124.677,8.48282,124.644,46,22,17,1,1,1,1,2,3,,,,,,
8.47311,124.682,8.47498,124.669,40,19,16,1,1,1,1,1,1,,,,,,
8.50927,124.771,8.47451,124.686,43,31,18,1,1,1,2,2,2,,,,,,
8.47767,124.648,8.50224,124.664,42,26,19,1,1,1,2,1,1,,,,,,
8.48123,124.645,8.48407,124.657,33,17,18,1,1,1,1,1,1,,,,,,
8.50257,124.664,8.503,124.641,33,29,22,1,1,1,1,1,1,,,,,,
8.48367,124.661,8.48225,124.669,47,14,13,1,1,1,2,1,1,,,,,,
8.47875,124.723,8.47231,124.712,50,15,13,1,1,1,1,1,1,,,,,,
8.45978,124.66,8.46313,124.66,29,14,15,1,1,1,1,1,1,,,,,,
8.47064,124.777,8.48707,124.749,34,14,14,1,1,1,1,1,1,,,,,,
8.49598,124.746,8.47417,124.683,52,28,23,1,1,1,2,2,2,,,,,,
8.42667,124.666,8.45904,124.659,29,14,13,1,1,1,1,1,1,,,,,,
8.4612,124.784,8.48965,124.74,39,18,15,1,1,1,2,1,1,,,,,,
8.47759,124.649,8.47143,124.681,39,32,20,1,1,1,1,1,1,,,,,,
8.4916,124.651,8.49437,124.652,40,13,13,1,1,1,2,1,1,,,,,,
8.49947,124.749,8.47558,124.665,46,33,28,1,1,1,2,3,3,,,,,,
8.4852,124.654,8.48008,124.637,36,20,18,1,1,1,2,1,2,,,,,,
8.50232,124.661,8.49515,124.652,37,17,19,1,1,1,1,1,1,,,,,,
8.47294,124.635,8.48842,124.641,30,16,15,1,1,1,2,1,1,,,,,,
8.44973,124.649,8.4449,124.653,30,13,14,1,1,1,2,1,1,,,,,,
8.48407,124.657,8.4839,124.657,37,16,14,1,1,1,1,1,1,,,,,,
8.47806,124.65,8.50416,124.662,43,31,21,1,1,1,2,1,1,,,,,,
8.48511,124.733,8.51025,124.772,40,27,20,1,1,1,2,1,1,,,,,,
8.50477,124.66,8.50358,124.663,37,12,18,1,1,1,2,1,1,,,,,,
8.48638,124.748,8.4982,124.756,37,23,21,1,1,1,1,1,1,,,,,,
8.46367,124.707,8.48383,124.66,36,25,22,1,1,1,1,2,1,,,,,,
8.48455,124.657,8.50432,124.659,46,30,22,1,1,1,2,1,1,,,,,,
8.48693,124.659,8.48612,124.65,46,14,14,1,1,1,1,2,1,,,,,,
8.46139,124.789,8.49344,124.744,43,18,21,1,1,1,2,2,1,,,,,,
8.49162,124.651,8.48292,124.639,38,23,19,1,1,1,1,2,2,,,,,,
8.4987,124.662,8.48422,124.65,43,26,19,1,1,1,2,1,1,,,,,,
8.4779,124.648,8.47638,124.657,42,17,17,1,1,1,1,1,1,,,,,,
8.48633,124.648,8.47435,124.685,40,36,16,1,1,1,2,1,2,,,,,,
8.49245,124.652,8.50495,124.66,46,24,17,1,1,1,2,1,1,,,,,,
8.50854,124.762,8.4747,124.692,46,25,24,1,1,1,2,2,3,,,,,,
8.48653,124.659,8.4774,124.646,51,19,15,1,1,1,2,2,2,,,,,,
8.49208,124.762,8.48659,124.751,33,20,22,1,1,1,1,2,2,,,,,,
8.44671,124.651,8.47267,124.651,37,21,22,1,1,1,1,2,2,,,,,,
8.47,124.705,8.47823,124.649,50,36,23,1,1,1,2,2,2,,,,,,
8.51277,124.628,8.50242,124.664,36,13,16,1,1,1,1,1,1,,,,,,
8.49198,124.742,8.50694,124.766,45,20,21,1,1,1,2,1,1,,,,,,
8.48889,124.739,8.47451,124.686,48,31,23,1,1,1,1,2,2,,,,,,
8.49942,124.663,8.48214,124.635,40,39,39,1,1,1,2,2,2,,,,,,
8.48813,124.738,8.4747,124.692,47,30,21,1,1,1,2,2,2,,,,,,
8.45485,124.659,8.44939,124.662,30,12,16,1,1,1,1,1,1,,,,,,
8.48955,124.74,8.49495,124.756,43,21,24,1,1,1,1,2,2,,,,,,
8.49814,124.66,8.49544,124.653,37,15,13,1,1,1,1,1,1,,,,,,
8.5047,124.66,8.50276,124.664,38,15,13,1,1,1,2,1,1,,,,,,
8.5037,124.659,8.5037,124.659,38,16,15,1,1,1,1,1,1,,,,,,
8.43503,124.666,8.45729,124.659,27,14,15,1,1,1,1,1,1,,,,,,
8.45951,124.644,8.47549,124.647,42,24,24,1,1,1,1,1,1,,,,,,
8.46521,124.707,8.46417,124.707,29,15,15,1,1,1,1,1,1,,,,,,
8.48517,124.662,8.48432,124.658,45,14,16,1,1,1,1,1,1,,,,,,
8.48423,124.658,8.45806,124.715,32,52,23,1,1,1,2,1,1,,,,,,
8.50242,124.664,8.51273,124.628,33,30,23,1,1,1,1,1,1,,,,,,
8.48151,124.645,8.48201,124.669,38,23,14,1,1,1,1,1,1,,,,,,
8.48123,124.761,8.49264,124.761,31,23,26,1,1,1,2,1,1,,,,,,
8.48829,124.652,8.47419,124.693,41,39,19,1,1,1,2,1,2,,,,,,
8.47483,124.692,8.47418,124.683,49,14,13,1,1,1,1,1,1,,,,,,
8.49834,124.748,8.47444,124.682,56,29,29,1,1,1,2,2,2,,,,,,
8.47857,124.648,8.50148,124.664,39,26,17,1,1,1,2,1,1,,,,,,
8.47008,124.706,8.47137,124.71,49,13,13,1,1,1,1,1,1,,,,,,
8.48644,124.648,8.47121,124.642,28,60,68,1,1,1,2,1,1,,,,,,
8.47697,124.651,8.4862,124.65,40,19,18,1,1,1,1,1,1,,,,,,
8.48236,124.666,8.4807,124.727,52,55,20,1,1,1,2,1,1,,,,,,
8.49621,124.661,8.50376,124.663,38,17,18,1,1,1,2,1,1,,,,,,
8.47564,124.717,8.46984,124.705,49,14,13,1,1,1,1,1,1,,,,,,
8.48274,124.638,8.49794,124.66,40,14,14,1,1,1,2,1,1,,,,,,
8.44796,124.65,8.44482,124.654,32,16,11,1,1,1,2,1,1,,,,,,
8.48582,124.662,8.47824,124.656,44,13,14,1,1,1,1,2,2,,,,,,
8.48621,124.746,8.48681,124.753,34,12,14,1,1,1,1,1,1,,,,,,
8.47276,124.638,8.47284,124.638,30,15,16,1,1,1,1,1,1,,,,,,
8.48966,124.742,8.48609,124.773,44,26,27,1,1,1,1,2,3,,,,,,
8.47474,124.771,8.48757,124.772,35,18,14,1,1,1,1,1,1,,,,,,
8.50798,124.764,8.50109,124.751,45,14,16,1,1,1,1,1,1,,,,,,
8.47421,124.676,8.47502,124.675,37,12,15,1,1,1,1,1,1,,,,,,
8.47419,124.683,8.45877,124.718,34,32,22,1,1,1,2,1,1,,,,,,
8.50069,124.756,8.48875,124.768,37,19,14,1,1,1,1,1,1,,,,,,
8.4597,124.644,8.45476,124.645,39,14,16,1,1,1,2,1,1,,,,,,
8.45171,124.648,8.45476,124.645,42,20,16,1,1,1,1,1,1,,,,,,
8.4756,124.664,8.47631,124.659,50,20,19,1,1,1,1,1,1,,,,,,
8.4624,124.643,8.45928,124.644,37,15,16,1,1,1,2,1,1,,,,,,
8.45718,124.645,8.46834,124.645,36,17,16,1,1,1,1,1,1,,,,,,
8.45433,124.646,8.43557,124.641,32,21,18,1,1,1,2,1,1,,,,,,
8.46716,124.649,8.44847,124.65,33,16,16,1,1,1,2,1,1,,,,,,
8.47746,124.649,8.47732,124.677,40,39,29,1,1,1,1,1,1,,,,,,
8.45827,124.714,8.47465,124.687,36,17,19,1,1,1,2,1,1,,,,,,
8.47363,124.695,8.47079,124.709,50,15,15,1,1,1,2,1,1,,,,,,
8.46554,124.659,8.46292,124.66,29,14,12,1,1,1,1,1,1,,,,,,
8.48166,124.645,8.47698,124.651,38,18,16,1,1,1,1,1,1,,,,,,
8.47477,124.689,8.47974,124.673,48,19,17,1,1,1,1,1,1,,,,,,
8.50176,124.662,8.48105,124.658,39,30,29,1,1,1,1,1,1,,,,,,
8.47697,124.651,8.47706,124.652,39,16,16,1,1,1,1,1,1,,,,,,
8.47032,124.707,8.47502,124.675,43,20,19,1,1,1,1,2,2,,,,,,
8.47951,124.673,8.4747,124.692,48,14,15,1,1,1,1,1,1,,,,,,
8.46985,124.705,8.47016,124.705,48,13,13,1,1,1,1,1,1,,,,,,
8.47111,124.702,8.49197,124.653,49,41,28,1,1,1,2,4,4,,,,,,
8.48209,124.644,8.47841,124.647,41,18,24,1,1,1,1,1,1,,,,,,
8.46631,124.644,8.47432,124.652,40,18,22,1,1,1,1,1,1,,,,,,
8.50309,124.66,8.48598,124.65,41,23,24,1,1,1,2,1,1,,,,,,
8.4716,124.681,8.47395,124.682,41,9,12,1,1,1,2,1,1,,,,,,
8.50088,124.664,8.50246,124.664,36,13,15,1,1,1,2,1,1,,,,,,
8.45776,124.644,8.47562,124.652,33,22,23,1,1,1,1,1,1,,,,,,
8.48647,124.747,8.48587,124.753,34,16,13,1,1,1,1,1,1,,,,,,
8.47849,124.646,8.48502,124.654,38,18,21,1,1,1,1,1,1,,,,,,
8.49307,124.743,8.48142,124.728,49,16,15,1,1,1,2,1,1,,,,,,
8.47488,124.692,8.46002,124.712,35,20,15,1,1,1,2,1,1,,,,,,
8.47101,124.7,8.47518,124.716,47,15,16,1,1,1,2,1,1,,,,,,
8.48945,124.658,8.47583,124.63,28,37,29,1,1,1,1,2,2,,,,,,
8.4721,124.711,8.49939,124.75,51,22,19,1,1,1,1,1,1,,,,,,
8.49264,124.76,8.48644,124.753,36,20,23,1,1,1,1,2,2,,,,,,
8.45894,124.719,8.47113,124.702,32,13,15,1,1,1,1,1,1,,,,,,
8.46437,124.645,8.4536,124.646,35,13,12,1,1,1,2,1,1,,,,,,
8.47152,124.699,8.45805,124.715,35,18,16,1,1,1,2,1,1,,,,,,
8.46477,124.645,8.4594,124.644,36,11,12,1,1,1,2,1,1,,,,,,
8.48242,124.729,8.47418,124.684,50,36,13,1,1,1,1,2,2,,,,,,
8.46974,124.703,8.50036,124.75,51,28,22,1,1,1,2,1,1,,,,,,
8.4827,124.73,8.47418,124.684,51,25,18,1,1,1,1,2,2,,,,,,
8.51274,124.627,8.50755,124.637,34,13,16,1,1,1,2,1,1,,,,,,
8.49806,124.748,8.48143,124.759,43,25,22,1,1,1,1,1,1,,,,,,
8.47471,124.689,8.47044,124.708,48,17,16,1,1,1,2,1,1,,,,,,
8.47149,124.699,8.47222,124.711,50,19,18,1,1,1,2,1,1,,,,,,
8.49952,124.664,8.50305,124.642,36,26,22,1,1,1,1,1,1,,,,,,
8.50025,124.756,8.4795,124.763,34,23,22,1,1,1,1,2,2,,,,,,
8.48148,124.778,8.46895,124.778,37,16,17,1,1,1,1,1,1,,,,,,
8.4813,124.645,8.47832,124.647,39,11,15,1,1,1,1,1,1,,,,,,
8.47137,124.71,8.4783,124.675,49,18,17,1,1,1,1,3,3,,,,,,
8.4662,124.645,8.47257,124.646,32,12,14,1,1,1,1,1,1,,,,,,
8.47796,124.65,8.47732,124.649,37,14,12,1,1,1,2,1,1,,,,,,
8.47816,124.646,8.47754,124.649,39,13,16,1,1,1,1,1,1,,,,,,
8.48573,124.651,8.49201,124.654,41,14,12,1,1,1,1,1,1,,,,,,
8.48688,124.646,8.48214,124.63,36,25,18,1,1,1,1,1,1,,,,,,
8.50496,124.66,8.50305,124.642,32,25,23,1,1,1,1,1,1,,,,,,
8.49887,124.662,8.50305,124.642,35,25,19,1,1,1,1,1,1,,,,,,
8.49456,124.756,8.48679,124.746,35,22,20,1,1,1,1,2,2,,,,,,
8.48617,124.65,8.47694,124.651,39,27,25,1,1,1,1,1,1,,,,,,
8.50468,124.66,8.4988,124.662,37,13,15,1,1,1,1,1,1,,,,,,
8.48024,124.762,8.49426,124.758,34,22,21,1,1,1,2,1,1,,,,,,
8.47504,124.668,8.47518,124.716,41,34,16,1,1,1,2,1,1,,,,,,
8.50872,124.636,8.50776,124.637,31,10,13,1,1,1,2,1,1,,,,,,
8.45941,124.721,8.46898,124.706,31,14,13,1,1,1,1,1,1,,,,,,
8.48827,124.743,8.49384,124.758,37,23,23,1,1,1,1,1,1,,,,,,
8.47812,124.675,8.48103,124.727,50,41,16,1,1,1,2,1,1,,,,,,
8.48277,124.665,8.48274,124.667,52,15,18,1,1,1,2,1,1,,,,,,
8.49616,124.661,8.47801,124.646,45,28,21,1,1,1,2,1,1,,,,,,
8.46969,124.703,8.50723,124.754,44,39,24,1,1,1,2,1,1,,,,,,
8.49153,124.651,8.50368,124.663,50,24,21,1,1,1,2,1,1,,,,,,
8.48177,124.668,8.45846,124.713,33,39,18,1,1,1,2,1,1,,,,,,
8.50496,124.66,8.49596,124.655,36,16,19,1,1,1,1,1,1,,,,,,
8.47641,124.656,8.47542,124.667,41,15,15,1,1,1,1,1,1,,,,,,
8.45829,124.715,8.48067,124.671,36,22,22,1,1,1,1,2,2,,,,,,
8.50668,124.76,8.49987,124.749,47,12,15,1,1,1,2,1,1,,,,,,
8.47645,124.657,8.50502,124.754,43,73,25,1,1,1,2,1,1,,,,,,
8.47663,124.629,8.47284,124.634,30,14,15,1,1,1,1,1,1,,,,,,
8.50931,124.636,8.49567,124.654,33,14,13,1,1,1,2,1,1,,,,,,
8.49542,124.746,8.47463,124.687,51,28,20,1,1,1,2,2,2,,,,,,
8.47303,124.635,8.48618,124.649,31,15,14,1,1,1,2,1,1,,,,,,
8.49619,124.661,8.4868,124.651,40,16,19,1,1,1,1,1,1,,,,,,
8.47719,124.643,8.49029,124.653,40,22,21,1,1,1,1,1,1,,,,,,
8.49405,124.656,8.49461,124.656,41,14,16,1,1,1,2,1,1,,,,,,
8.47746,124.649,8.47695,124.651,38,15,16,1,1,1,1,1,1,,,,,,
8.49553,124.654,8.4988,124.662,39,18,17,1,1,1,2,1,1,,,,,,
8.47427,124.682,8.48432,124.732,51,44,25,1,1,1,2,1,1,,,,,,
8.44981,124.649,8.44919,124.649,34,12,12,1,1,1,2,1,1,,,,,,
8.4729,124.635,8.47103,124.643,30,13,12,1,1,1,1,1,1,,,,,,
8.48301,124.664,8.47026,124.702,47,35,20,1,1,1,2,1,1,,,,,,
8.48517,124.659,8.47841,124.647,48,22,19,1,1,1,2,2,2,,,,,,
8.44993,124.662,8.47436,124.657,33,12,15,1,1,1,1,1,1,,,,,,
8.48457,124.657,8.48297,124.644,39,15,15,1,1,1,1,3,2,,,,,,
8.47244,124.697,8.47477,124.689,47,15,11,1,1,1,1,1,1,,,,,,
8.49471,124.657,8.5026,124.664,37,19,19,1,1,1,2,1,1,,,,,,
8.49949,124.749,8.49672,124.747,55,13,15,1,1,1,1,1,1,,,,,,
8.49616,124.661,8.47799,124.646,33,26,20,1,1,1,2,1,1,,,,,,
8.49932,124.663,8.4951,124.658,39,16,15,1,1,1,1,1,1,,,,,,
8.47426,124.683,8.4713,124.7,52,17,17,1,1,1,2,1,1,,,,,,
8.47488,124.692,8.47462,124.687,45,11,17,1,1,1,1,1,1,,,,,,
8.47094,124.703,8.45868,124.713,36,16,19,1,1,1,2,1,1,,,,,,
8.49906,124.756,8.4794,124.78,33,18,18,1,1,1,1,1,1,,,,,,
8.47743,124.634,8.49537,124.652,29,16,20,1,1,1,2,1,1,,,,,,
8.49529,124.756,8.48966,124.742,43,21,19,1,1,1,1,2,2,,,,,,
8.50304,124.66,8.50417,124.659,37,12,12,1,1,1,2,1,1,,,,,,
8.50855,124.637,8.49717,124.651,35,13,13,1,1,1,2,1,1,,,,,,
8.47451,124.686,8.45826,124.714,35,22,17,1,1,1,2,1,1,,,,,,
8.47189,124.711,8.47179,124.711,48,12,11,1,1,1,1,1,1,,,,,,
8.45382,124.646,8.47431,124.645,40,15,14,1,1,1,1,1,1,,,,,,
8.48169,124.668,8.49223,124.742,48,66,24,1,1,1,2,1,1,,,,,,
8.48374,124.657,8.48013,124.657,37,13,17,1,1,1,2,1,1,,,,,,
8.47651,124.68,8.47668,124.654,52,26,27,1,1,1,1,2,2,,,,,,
8.47804,124.643,8.47767,124.648,40,16,13,1,1,1,2,1,1,,,,,,
8.47291,124.637,8.47498,124.631,27,17,15,1,1,1,1,1,1,,,,,,
8.47625,124.661,8.47638,124.657,50,14,15,1,1,1,1,1,1,,,,,,
8.50242,124.664,8.50305,124.642,37,24,20,1,1,1,1,1,1,,,,,,
8.49297,124.655,8.48323,124.649,38,14,14,1,1,1,1,1,1,,,,,,
8.50813,124.77,8.4738,124.694,44,24,21,1,1,1,2,2,2,,,,,,
8.46887,124.646,8.4539,124.646,35,15,14,1,1,1,2,1,1,,,,,,
8.49639,124.747,8.47997,124.726,50,20,15,1,1,1,1,1,1,,,,,,
8.44861,124.649,8.4349,124.641,31,18,16,1,1,1,2,1,1,,,,,,
8.48695,124.749,8.49281,124.759,37,25,25,1,1,1,1,1,1,,,,,,
8.47788,124.634,8.48868,124.641,31,10,12,1,1,1,2,1,1,,,,,,
8.48829,124.652,8.4776,124.652,37,27,18,1,1,1,1,2,2,,,,,,
8.4728,124.712,8.47418,124.683,49,16,16,1,1,1,1,2,2,,,,,,
8.45829,124.715,8.47598,124.679,31,19,16,1,1,1,1,2,2,,,,,,
8.47624,124.66,8.47521,124.673,37,14,14,1,1,1,2,1,1,,,,,,
8.47974,124.725,8.47948,124.725,47,11,12,1,1,1,1,1,1,,,,,,
8.4918,124.654,8.49271,124.654,39,14,12,1,1,1,2,1,1,,,,,,
8.48472,124.659,8.49604,124.66,48,20,20,1,1,1,2,1,1,,,,,,
8.4835,124.65,8.49952,124.664,40,23,17,1,1,1,2,1,1,,,,,,
8.48378,124.664,8.47993,124.656,36,14,14,1,1,1,1,2,2,,,,,,
8.49619,124.661,8.4781,124.65,37,30,22,1,1,1,1,1,1,,,,,,
8.50363,124.663,8.47966,124.656,32,32,30,1,1,1,2,1,1,,,,,,
8.49107,124.651,8.49765,124.659,44,19,9,1,1,1,2,1,1,,,,,,
8.47477,124.692,8.48536,124.733,52,28,22,1,1,1,2,1,1,,,,,,
8.49265,124.76,8.48982,124.741,44,16,15,1,1,1,1,2,2,,,,,,
8.48091,124.67,8.48342,124.662,46,12,12,1,1,1,1,1,1,,,,,,
8.47672,124.635,8.4846,124.639,33,16,7,1,1,1,2,1,1,,,,,,
8.50311,124.64,8.50187,124.662,37,15,16,1,1,1,2,1,1,,,,,,
8.49887,124.649,8.50308,124.641,30,12,14,1,1,1,1,1,1,,,,,,
8.48934,124.765,8.49227,124.761,37,11,14,1,1,1,1,1,1,,,,,,
8.48658,124.746,8.49926,124.749,40,16,15,1,1,1,2,1,1,,,,,,
8.48669,124.736,8.50233,124.752,49,15,14,1,1,1,2,1,2,,,,,,
8.4756,124.664,8.47394,124.694,41,20,14,1,1,1,2,1,1,,,,,,
8.48638,124.748,8.50054,124.751,39,15,15,1,1,1,1,2,1,,,,,,
8.45065,124.648,8.45724,124.644,35,14,16,1,1,1,1,1,1,,,,,,
8.50148,124.664,8.48109,124.645,41,23,24,1,1,1,2,1,1,,,,,,
8.49836,124.661,8.48589,124.65,39,20,17,1,1,1,1,1,1,,,,,,
8.47679,124.679,8.47617,124.66,51,19,18,1,1,1,2,3,3,,,,,,
8.49427,124.745,8.47485,124.715,52,20,15,1,1,1,1,1,1,,,,,,
8.50496,124.66,8.49578,124.652,36,17,17,1,1,1,1,1,1,,,,,,
8.48748,124.639,8.48724,124.649,38,13,12,1,1,1,2,1,1,,,,,,
8.50037,124.756,8.47802,124.782,35,20,15,1,1,1,1,1,1,,,,,,
8.44414,124.655,8.44975,124.649,33,12,14,1,1,1,1,1,1,,,,,,
8.48354,124.758,8.4893,124.743,41,13,15,1,1,1,1,1,1,,,,,,
8.47392,124.645,8.44877,124.649,40,21,14,1,1,1,2,1,1,,,,,,
8.47427,124.682,8.50726,124.754,42,70,26,1,1,1,2,1,1,,,,,,
8.48322,124.639,8.48649,124.648,38,14,14,1,1,1,2,1,1,,,,,,
8.50149,124.662,8.50363,124.663,37,11,14,1,1,1,2,1,1,,,,,,
8.50294,124.753,8.49524,124.746,45,13,14,1,1,1,1,2,2,,,,,,
8.50417,124.659,8.48338,124.649,41,18,22,1,1,1,2,1,1,,,,,,
8.42682,124.638,8.43985,124.644,28,13,13,1,1,1,1,1,1,,,,,,
8.48406,124.65,8.48999,124.652,39,18,15,1,1,1,2,1,1,,,,,,
8.49714,124.657,8.48214,124.635,39,41,39,1,1,1,2,2,2,,,,,,
8.49426,124.758,8.46423,124.782,34,24,15,1,1,1,1,1,1,,,,,,
8.46228,124.66,8.47449,124.657,35,16,17,1,1,1,1,1,1,,,,,,
8.4779,124.648,8.48556,124.646,40,17,16,1,1,1,1,1,1,,,,,,
8.4988,124.662,8.48812,124.642,37,23,20,1,1,1,2,3,2,,,,,,
8.48663,124.748,8.4621,124.784,38,20,17,1,1,1,1,1,1,,,,,,
8.48497,124.662,8.48942,124.658,44,16,16,1,1,1,1,2,1,,,,,,
8.4799,124.656,8.47842,124.656,36,14,14,1,1,1,2,1,1,,,,,,
8.48872,124.652,8.49947,124.663,40,20,15,1,1,1,2,1,1,,,,,,
8.48614,124.639,8.47287,124.634,31,12,13,1,1,1,1,1,1,,,,,,
8.48256,124.638,8.47414,124.633,28,14,15,1,1,1,1,1,1,,,,,,
8.51248,124.629,8.50835,124.637,31,14,13,1,1,1,2,1,1,,,,,,
8.48214,124.635,8.48214,124.635,31,14,14,1,1,1,1,1,1,,,,,,
8.49709,124.657,8.50892,124.636,35,27,18,1,1,1,1,1,1,,,,,,
8.48233,124.638,8.48104,124.629,31,13,15,1,1,1,1,1,1,,,,,,
8.45867,124.659,8.4523,124.662,27,15,16,1,1,1,1,1,1,,,,,,
8.48493,124.662,8.48527,124.659,41,12,14,1,1,1,1,1,1,,,,,,
8.47451,124.686,8.50813,124.77,42,76,30,1,1,1,2,1,1,,,,,,
8.49326,124.743,8.48968,124.74,50,12,12,1,1,1,1,1,1,,,,,,
8.50263,124.664,8.48465,124.639,37,25,24,1,1,1,2,2,3,,,,,,
8.47564,124.68,8.47466,124.687,47,13,13,1,1,1,2,1,1,,,,,,
8.46803,124.659,8.45709,124.661,29,13,13,1,1,1,1,1,1,,,,,,
8.42216,124.667,8.47412,124.659,43,17,18,1,1,1,1,1,1,,,,,,
8.50164,124.647,8.4987,124.662,35,14,13,1,1,1,2,1,1,,,,,,
8.46185,124.789,8.461,124.783,35,13,13,1,1,1,1,1,1,,,,,,
8.44739,124.65,8.44491,124.653,31,12,14,1,1,1,2,1,1,,,,,,
8.45981,124.712,8.47022,124.704,35,14,13,1,1,1,1,1,1,,,,,,
8.43925,124.644,8.46132,124.643,33,16,16,1,1,1,1,1,1,,,,,,
8.47554,124.671,8.47746,124.649,39,14,14,1,1,1,1,1,1,,,,,,
8.47643,124.657,8.47559,124.666,40,15,12,1,1,1,2,1,1,,,,,,
8.48609,124.752,8.46149,124.788,34,21,19,1,1,1,1,1,1,,,,,,
8.48649,124.648,8.47696,124.651,38,22,18,1,1,1,1,1,1,,,,,,
8.47002,124.705,8.4758,124.679,43,18,17,1,1,1,1,2,2,,,,,,
8.4813,124.645,8.4823,124.668,38,22,15,1,1,1,1,2,1,,,,,,
8.45367,124.646,8.45559,124.645,32,15,12,1,1,1,1,1,1,,,,,,
8.48649,124.648,8.48491,124.647,39,14,13,1,1,1,1,1,1,,,,,,
8.45045,124.662,8.4708,124.659,30,13,14,1,1,1,1,1,1,,,,,,
8.48949,124.658,8.4822,124.669,40,16,15,1,1,1,1,1,1,,,,,,
8.49501,124.745,8.48523,124.733,50,16,15,1,1,1,1,1,1,,,,,,
8.48674,124.647,8.48814,124.649,39,16,13,1,1,1,2,1,1,,,,,,
8.50288,124.643,8.49656,124.656,34,14,13,1,1,1,2,1,1,,,,,,
8.45887,124.718,8.4742,124.683,34,26,24,1,1,1,2,1,1,,,,,,
8.50417,124.659,8.48689,124.649,47,23,23,1,1,1,2,1,1,,,,,,
8.50853,124.758,8.50502,124.754,38,11,12,1,1,1,1,1,1,,,,,,
8.48651,124.651,8.49463,124.656,35,18,16,1,1,1,2,1,1,,,,,,
8.48405,124.659,8.47465,124.687,47,26,14,1,1,1,1,1,1,,,,,,
8.46745,124.659,8.47664,124.653,34,15,17,1,1,1,1,1,1,,,,,,
8.46817,124.645,8.45485,124.645,36,16,15,1,1,1,2,1,1,,,,,,
8.49794,124.66,8.49633,124.655,37,14,13,1,1,1,1,1,1,,,,,,
8.48229,124.649,8.50405,124.663,38,28,17,1,1,1,2,1,1,,,,,,
8.44981,124.649,8.45866,124.644,34,13,14,1,1,1,1,1,1,,,,,,
8.4774,124.646,8.49332,124.655,35,22,13,1,1,1,2,1,1,,,,,,
8.47293,124.637,8.48142,124.629,28,13,13,1,1,1,2,1,1,,,,,,
8.4597,124.713,8.45819,124.715,31,18,7,1,1,1,1,1,1,,,,,,
8.47693,124.644,8.50124,124.664,46,35,27,1,1,1,2,1,1,,,,,,
8.47457,124.715,8.47505,124.668,44,30,23,1,1,1,1,3,3,,,,,,
8.47746,124.649,8.48477,124.659,40,19,17,1,1,1,2,2,2,,,,,,
8.47823,124.656,8.47552,124.651,46,15,13,1,1,1,1,1,1,,,,,,
8.50361,124.753,8.47331,124.695,42,25,19,1,1,1,2,3,3,,,,,,
8.48332,124.657,8.48436,124.647,33,16,18,1,1,1,1,1,1,,,,,,
8.46552,124.644,8.44349,124.643,30,18,20,1,1,1,1,1,1,,,,,,
8.47548,124.648,8.46143,124.643,41,28,14,1,1,1,2,1,1,,,,,,
8.47825,124.656,8.48164,124.658,47,15,16,1,1,1,1,1,1,,,,,,
8.49534,124.652,8.498,124.65,34,15,12,1,1,1,1,1,1,,,,,,
8.48876,124.768,8.48968,124.741,39,20,20,1,1,1,1,2,3,,,,,,
8.47638,124.657,8.47541,124.671,40,17,12,1,1,1,1,1,1,,,,,,
8.49906,124.756,8.48606,124.752,34,19,20,1,1,1,1,2,2,,,,,,
8.49611,124.747,8.47099,124.709,51,21,17,1,1,1,1,1,1,,,,,,
8.49586,124.759,8.48418,124.759,32,19,23,1,1,1,1,2,2,,,,,,
8.47151,124.68,8.47724,124.65,37,19,16,1,1,1,1,2,2,,,,,,
8.48345,124.657,8.4852,124.659,39,12,15,1,1,1,1,1,1,,,,,,
8.48422,124.65,8.49942,124.663,40,22,19,1,1,1,2,1,1,,,,,,
8.47672,124.646,8.47694,124.651,35,13,15,1,1,1,1,1,1,,,,,,
8.42667,124.666,8.45467,124.645,33,12,18,1,1,1,1,2,2,,,,,,
8.47166,124.64,8.47103,124.643,34,11,11,1,1,1,1,1,1,,,,,,
8.49454,124.652,8.49765,124.659,39,14,13,1,1,1,2,1,1,,,,,,
8.48502,124.654,8.48289,124.664,41,17,13,1,1,1,2,2,1,,,,,,
8.48842,124.641,8.48653,124.659,42,13,15,1,1,1,2,1,1,,,,,,
8.43337,124.662,8.47444,124.645,35,17,19,1,1,1,1,2,2,,,,,,
8.49903,124.749,8.49836,124.756,41,13,15,1,1,1,1,1,1,,,,,,
8.49837,124.65,8.51259,124.628,31,16,15,1,1,1,1,1,1,,,,,,
8.50411,124.659,8.49347,124.655,33,15,19,1,1,1,1,1,1,,,,,,
8.47433,124.714,8.48291,124.664,49,27,18,1,1,1,1,3,3,,,,,,
8.47099,124.709,8.50801,124.77,42,47,25,1,1,1,2,1,1,,,,,,
8.43414,124.64,8.46566,124.646,30,14,16,1,1,1,1,1,1,,,,,,
8.50741,124.769,8.48423,124.658,48,35,27,1,1,1,2,4,3,,,,,,
8.44994,124.648,8.47112,124.65,32,20,23,1,1,1,1,1,1,,,,,,
8.46954,124.705,8.45832,124.713,33,18,17,1,1,1,2,1,1,,,,,,
8.47477,124.692,8.47418,124.684,48,12,13,1,1,1,1,1,1,,,,,,
8.4953,124.652,8.47799,124.646,43,18,16,1,1,1,2,1,2,,,,,,
8.47703,124.646,8.50218,124.661,40,30,23,1,1,1,2,1,1,,,,,,
8.49207,124.654,8.48209,124.644,41,18,17,1,1,1,1,2,2,,,,,,
8.45883,124.713,8.45984,124.712,27,13,12,1,1,1,1,1,1,,,,,,
8.4763,124.718,8.46996,124.706,49,14,13,1,1,1,1,1,1,,,,,,
8.46994,124.646,8.4449,124.654,34,37,30,1,1,1,2,1,1,,,,,,
8.49616,124.661,8.50148,124.664,38,13,13,1,1,1,2,1,1,,,,,,
8.47602,124.717,8.47418,124.684,52,22,20,1,1,1,1,2,2,,,,,,
8.49939,124.756,8.49203,124.762,34,15,15,1,1,1,1,1,1,,,,,,
8.50497,124.66,8.48891,124.652,40,19,20,1,1,1,2,2,1,,,,,,
8.47881,124.645,8.48327,124.644,37,9,14,1,1,1,1,1,1,,,,,,
8.49721,124.658,8.50234,124.664,39,16,10,1,1,1,2,1,1,,,,,,
8.49471,124.657,8.49611,124.661,38,11,15,1,1,1,2,1,1,,,,,,
8.47792,124.644,8.4779,124.648,37,12,11,1,1,1,2,1,1,,,,,,
8.48592,124.659,8.47687,124.652,51,19,16,1,1,1,2,1,1,,,,,,
8.50148,124.664,8.48156,124.648,41,23,22,1,1,1,2,1,1,,,,,,
8.47948,124.725,8.47505,124.715,49,16,16,1,1,1,1,1,1,,,,,,
8.49245,124.652,8.50246,124.664,44,20,15,1,1,1,2,1,1,,,,,,
8.50712,124.769,8.47435,124.685,45,27,23,1,1,1,2,3,2,,,,,,
8.48649,124.747,8.48657,124.754,34,12,14,1,1,1,1,1,1,,,,,,
8.49961,124.664,8.50088,124.664,39,13,14,1,1,1,2,1,1,,,,,,
8.48314,124.658,8.48415,124.658,37,14,21,1,1,1,1,1,1,,,,,,
8.48242,124.634,8.47303,124.637,31,13,16,1,1,1,2,1,1,,,,,,
8.48609,124.65,8.4779,124.648,41,17,16,1,1,1,1,1,1,,,,,,
8.47849,124.646,8.47763,124.649,39,14,16,1,1,1,1,1,1,,,,,,
8.50744,124.754,8.48,124.726,43,21,18,1,1,1,1,1,1,,,,,,
8.46173,124.643,8.44985,124.648,34,13,15,1,1,1,2,1,1,,,,,,
8.49245,124.652,8.50366,124.663,43,16,18,1,1,1,2,1,1,,,,,,
8.49413,124.656,8.49271,124.654,36,12,12,1,1,1,1,1,1,,,,,,
8.47032,124.707,8.46999,124.702,46,12,13,1,1,1,1,1,1,,,,,,
8.47506,124.655,8.46751,124.659,34,16,14,1,1,1,2,1,1,,,,,,
8.47056,124.643,8.47106,124.643,44,12,13,1,1,1,1,1,1,,,,,,
8.47887,124.651,8.4987,124.662,40,25,21,1,1,1,2,1,1,,,,,,
8.48298,124.664,8.48109,124.645,46,19,15,1,1,1,1,5,2,,,,,,
8.47097,124.703,8.47483,124.692,46,18,14,1,1,1,1,1,1,,,,,,
8.49956,124.664,8.47782,124.652,41,28,28,1,1,1,2,1,1,,,,,,
8.44786,124.649,8.45514,124.645,34,15,17,1,1,1,1,1,1,,,,,,
8.47513,124.674,8.4715,124.68,35,12,12,1,1,1,2,1,1,,,,,,
8.51252,124.623,8.50495,124.66,33,17,16,1,1,1,1,1,1,,,,,,
8.47745,124.782,8.49356,124.744,39,18,17,1,1,1,1,2,2,,,,,,
8.45846,124.716,8.48283,124.664,34,19,20,1,1,1,1,2,1,,,,,,
8.47488,124.692,8.4789,124.724,54,21,17,1,1,1,2,1,1,,,,,,
8.48485,124.656,8.48522,124.66,45,12,12,1,1,1,1,1,1,,,,,,
8.48036,124.671,8.49585,124.746,54,62,19,1,1,1,2,1,1,,,,,,
8.50812,124.754,8.47637,124.659,46,33,27,1,1,1,2,2,4,,,,,,
8.49702,124.747,8.50786,124.764,43,18,16,1,1,1,2,1,1,,,,,,
8.49702,124.747,8.4698,124.703,52,25,19,1,1,1,1,1,1,,,,,,
8.46114,124.643,8.44999,124.648,38,13,14,1,1,1,2,1,1,,,,,,
8.47823,124.656,8.47789,124.646,46,15,15,1,1,1,2,1,1,,,,,,
8.45512,124.659,8.45721,124.661,30,18,20,1,1,1,1,1,1,,,,,,
8.47724,124.65,8.48335,124.644,43,20,18,1,1,1,1,1,1,,,,,,
8.48301,124.664,8.4747,124.692,47,23,15,1,1,1,1,1,1,,,,,,
8.47444,124.645,8.44489,124.654,33,34,22,1,1,1,2,1,1,,,,,,
8.50208,124.646,8.50303,124.641,29,16,18,1,1,1,1,1,1,,,,,,
8.47025,124.707,8.46984,124.705,49,12,13,1,1,1,1,1,1,,,,,,
8.48891,124.652,8.48022,124.726,44,57,27,1,1,1,2,2,3,,,,,,
8.4918,124.654,8.49925,124.663,44,16,15,1,1,1,2,1,1,,,,,,
8.44589,124.662,8.46622,124.659,27,14,13,1,1,1,1,1,1,,,,,,
8.47628,124.66,8.47932,124.724,54,52,16,1,1,1,2,1,1,,,,,,
8.45892,124.719,8.46455,124.707,27,13,15,1,1,1,1,1,1,,,,,,
8.46005,124.712,8.4704,124.704,35,16,17,1,1,1,1,1,1,,,,,,
8.4594,124.644,8.43383,124.64,31,22,19,1,1,1,2,1,1,,,,,,
8.47479,124.692,8.4968,124.747,52,44,22,1,1,1,2,1,1,,,,,,
8.44497,124.645,8.44763,124.649,34,11,11,1,1,1,1,1,1,,,,,,
8.44391,124.655,8.44245,124.656,27,13,14,1,1,1,1,1,1,,,,,,
8.49145,124.655,8.47562,124.652,43,25,20,1,1,1,1,1,1,,,,,,
8.48395,124.645,8.47741,124.649,34,14,15,1,1,1,1,1,1,,,,,,
8.47221,124.681,8.47592,124.662,42,18,17,1,1,1,1,1,1,,,,,,
8.47719,124.643,8.49207,124.654,40,23,24,1,1,1,1,1,1,,,,,,
8.47088,124.703,8.48498,124.655,50,30,22,1,1,1,1,2,1,,,,,,
8.50766,124.637,8.50387,124.64,30,13,12,1,1,1,2,1,1,,,,,,
8.49454,124.656,8.48396,124.65,36,17,13,1,1,1,1,1,1,,,,,,
8.47882,124.648,8.4699,124.703,45,56,24,1,1,1,2,2,2,,,,,,
8.47777,124.652,8.48641,124.648,42,19,16,1,1,1,1,1,1,,,,,,
8.47743,124.677,8.49029,124.653,49,22,17,1,1,1,2,3,3,,,,,,
8.50468,124.66,8.47801,124.649,40,23,23,1,1,1,2,1,1,,,,,,
8.47468,124.687,8.4815,124.669,48,16,14,1,1,1,1,1,1,,,,,,
8.50366,124.663,8.49567,124.654,41,21,22,1,1,1,1,1,1,,,,,,
8.49596,124.655,8.49368,124.652,43,13,12,1,1,1,1,1,1,,,,,,
8.42783,124.639,8.45021,124.649,32,15,16,1,1,1,1,1,1,,,,,,
8.49616,124.661,8.48913,124.652,37,18,14,1,1,1,1,1,1,,,,,,
8.48148,124.629,8.47302,124.635,28,13,13,1,1,1,2,1,1,,,,,,
8.47687,124.652,8.50394,124.659,51,35,25,1,1,1,2,1,1,,,,,,
8.48404,124.659,8.47487,124.692,43,32,22,1,1,1,1,1,1,,,,,,
8.4772,124.652,8.48623,124.649,38,16,18,1,1,1,1,1,1,,,,,,
8.47817,124.646,8.49461,124.656,41,22,16,1,1,1,2,1,1,,,,,,
8.49631,124.661,8.47801,124.649,40,24,18,1,1,1,1,1,1,,,,,,
8.48385,124.657,8.47826,124.656,36,9,14,1,1,1,1,1,1,,,,,,
8.47849,124.654,8.48002,124.657,38,18,11,1,1,1,1,1,1,,,,,,
8.49604,124.66,8.50344,124.663,40,14,18,1,1,1,2,1,1,,,,,,
8.49405,124.656,8.49972,124.664,37,15,14,1,1,1,2,1,1,,,,,,
8.48204,124.646,8.47951,124.673,38,26,15,1,1,1,2,2,1,,,,,,
8.51158,124.623,8.50181,124.647,33,14,15,1,1,1,2,1,1,,,,,,
8.49572,124.654,8.49558,124.654,38,15,13,1,1,1,1,1,1,,,,,,
8.49072,124.763,8.488,124.772,35,12,17,1,1,1,1,1,1,,,,,,
8.49717,124.651,8.50437,124.659,41,23,19,1,1,1,2,1,1,,,,,,
8.48703,124.646,8.49947,124.663,39,24,17,1,1,1,2,1,1,,,,,,
8.4584,124.644,8.4678,124.645,37,16,17,1,1,1,1,1,1,,,,,,
8.48527,124.659,8.47735,124.649,46,22,19,1,1,1,2,1,1,,,,,,
8.47519,124.674,8.48063,124.727,44,46,18,1,1,1,2,1,1,,,,,,
8.45447,124.66,8.47411,124.658,35,14,14,1,1,1,1,1,1,,,,,,
8.47696,124.651,8.49208,124.654,39,21,16,1,1,1,1,1,1,,,,,,
8.49663,124.747,8.49198,124.742,46,13,13,1,1,1,1,1,1,,,,,,
8.50844,124.757,8.50813,124.77,37,13,12,1,1,1,2,1,1,,,,,,
8.48764,124.66,8.45981,124.712,29,50,21,1,1,1,1,1,1,,,,,,
8.4766,124.655,8.47554,124.671,40,17,14,1,1,1,1,1,1,,,,,,
8.47174,124.646,8.46014,124.644,41,15,13,1,1,1,2,1,1,,,,,,
8.4951,124.658,8.47692,124.652,40,33,28,1,1,1,2,1,1,,,,,,
8.47985,124.656,8.5037,124.659,36,35,18,1,1,1,1,1,1,,,,,,
8.47703,124.677,8.47462,124.681,47,13,11,1,1,1,2,1,1,,,,,,
8.51261,124.624,8.50417,124.659,35,14,17,1,1,1,1,1,1,,,,,,
8.48421,124.731,8.50854,124.762,45,25,24,1,1,1,2,1,1,,,,,,
8.48,124.726,8.50927,124.771,41,30,23,1,1,1,2,1,1,,,,,,
8.48505,124.733,8.50872,124.771,44,25,20,1,1,1,2,1,1,,,,,,
8.48457,124.657,8.4799,124.645,38,19,18,1,1,1,1,2,2,,,,,,
8.47985,124.656,8.48441,124.658,35,17,13,1,1,1,2,1,1,,,,,,
8.47509,124.68,8.47997,124.726,47,36,18,1,1,1,2,1,1,,,,,,
8.47455,124.657,8.43054,124.666,42,44,17,1,1,1,2,1,1,,,,,,
8.47822,124.656,8.4839,124.657,40,16,15,1,1,1,1,1,1,,,,,,
8.47594,124.662,8.47627,124.66,39,12,13,1,1,1,1,1,1,,,,,,
8.50729,124.769,8.47466,124.687,44,27,22,1,1,1,2,3,2,,,,,,
8.45941,124.721,8.48257,124.665,35,24,26,1,1,1,2,2,2,,,,,,
8.48873,124.65,8.49663,124.656,45,16,15,1,1,1,2,1,1,,,,,,
8.48448,124.662,8.48806,124.658,44,14,17,1,1,1,1,2,1,,,,,,
8.48724,124.649,8.48787,124.643,39,14,14,1,1,1,1,1,1,,,,,,
8.50124,124.664,8.50432,124.659,36,14,15,1,1,1,1,1,1,,,,,,
8.4781,124.65,8.50389,124.663,40,34,24,1,1,1,2,1,1,,,,,,
8.48724,124.649,8.49402,124.652,42,14,13,1,1,1,2,1,1,,,,,,
8.48455,124.657,8.47422,124.683,42,24,19,1,1,1,2,1,1,,,,,,
8.45055,124.663,8.45299,124.662,26,12,15,1,1,1,1,1,1,,,,,,
8.50474,124.661,8.50176,124.662,37,11,12,1,1,1,1,1,1,,,,,,
8.4837,124.731,8.50048,124.75,50,17,15,1,1,1,2,1,1,,,,,,
8.50494,124.66,8.48233,124.638,37,28,24,1,1,1,2,2,2,,,,,,
8.47908,124.628,8.47302,124.635,29,13,12,1,1,1,2,1,1,,,,,,
8.50766,124.637,8.49972,124.664,34,17,19,1,1,1,2,1,1,,,,,,
8.47863,124.654,8.47824,124.656,45,16,15,1,1,1,1,1,1,,,,,,
8.48068,124.638,8.47922,124.632,30,14,16,1,1,1,1,1,1,,,,,,
8.48649,124.648,8.49656,124.656,38,19,20,1,1,1,2,1,1,,,,,,
8.48649,124.648,8.49162,124.651,38,22,13,1,1,1,2,1,1,,,,,,
8.42551,124.667,8.44381,124.655,36,15,17,1,1,1,1,1,1,,,,,,
8.49207,124.654,8.48976,124.652,44,14,15,1,1,1,1,1,1,,,,,,
8.44349,124.643,8.42825,124.639,28,14,16,1,1,1,1,1,1,,,,,,
8.49216,124.654,8.49405,124.656,42,12,13,1,1,1,2,1,1,,,,,,
8.47796,124.65,8.49925,124.663,40,25,23,1,1,1,2,1,1,,,,,,
8.47863,124.654,8.4808,124.658,38,13,13,1,1,1,1,1,1,,,,,,
8.503,124.641,8.49887,124.662,33,13,13,1,1,1,2,1,1,,,,,,
8.47451,124.657,8.45652,124.659,33,18,15,1,1,1,2,1,1,,,,,,
8.48338,124.665,8.48693,124.659,41,16,14,1,1,1,1,2,1,,,,,,
8.48322,124.639,8.48891,124.64,33,11,12,1,1,1,2,1,1,,,,,,
8.5041,124.659,8.49942,124.663,39,13,17,1,1,1,1,1,1,,,,,,
8.47489,124.675,8.4715,124.68,33,7,14,1,1,1,2,1,1,,,,,,
8.45191,124.647,8.4483,124.649,38,15,16,1,1,1,2,1,1,,,,,,
8.46218,124.784,8.46334,124.786,37,17,14,1,1,1,1,1,1,,,,,,
8.48355,124.731,8.49908,124.75,49,16,17,1,1,1,1,1,1,,,,,,
8.50101,124.751,8.47506,124.675,46,38,31,1,1,1,2,3,3,,,,,,
8.49405,124.656,8.48558,124.65,40,19,14,1,1,1,1,2,1,,,,,,
8.4848,124.656,8.49209,124.654,39,15,14,1,1,1,1,1,1,,,,,,
8.49298,124.652,8.47979,124.638,38,27,20,1,1,1,1,2,3,,,,,,
8.48367,124.661,8.47417,124.683,48,21,14,1,1,1,2,1,1,,,,,,
8.49297,124.655,8.49616,124.661,38,14,14,1,1,1,2,1,1,,,,,,
8.49013,124.764,8.49263,124.76,36,14,16,1,1,1,1,1,1,,,,,,
8.47007,124.705,8.48491,124.655,48,33,21,1,1,1,2,1,2,,,,,,
8.47799,124.649,8.48367,124.661,45,23,18,1,1,1,2,2,2,,,,,,
8.47252,124.639,8.4797,124.637,31,12,16,1,1,1,2,1,1,,,,,,
8.47688,124.768,8.46132,124.789,35,13,13,1,1,1,1,1,1,,,,,,
8.4801,124.726,8.48036,124.671,50,29,21,1,1,1,2,3,3,,,,,,
8.48525,124.654,8.48322,124.663,46,13,14,1,1,1,2,2,1,,,,,,
8.47025,124.707,8.4721,124.711,49,13,15,1,1,1,1,1,1,,,,,,
8.49641,124.661,8.47692,124.652,37,34,28,1,1,1,2,1,1,,,,,,
8.48759,124.737,8.47472,124.692,50,28,20,1,1,1,2,2,2,,,,,,
8.49585,124.746,8.47592,124.717,55,20,16,1,1,1,1,1,1,,,,,,
8.49878,124.751,8.47062,124.708,46,23,18,1,1,1,2,1,1,,,,,,
8.47218,124.66,8.43326,124.666,28,32,16,1,1,1,1,1,1,,,,,,
8.48103,124.727,8.47743,124.677,48,27,21,1,1,1,1,3,2,,,,,,
8.46521,124.707,8.48693,124.659,33,26,19,1,1,1,2,2,3,,,,,,
8.50178,124.662,8.50344,124.663,39,14,15,1,1,1,2,1,1,,,,,,
8.48473,124.638,8.47703,124.638,34,15,16,1,1,1,1,1,1,,,,,,
8.47476,124.691,8.47693,124.644,48,37,27,1,1,1,2,3,3,,,,,,
8.50389,124.663,8.50417,124.659,44,19,18,1,1,1,1,1,1,,,,,,
8.47807,124.646,8.47746,124.652,43,18,20,1,1,1,2,1,1,,,,,,
8.47754,124.649,8.49611,124.661,38,22,17,1,1,1,2,1,1,,,,,,
8.47153,124.681,8.47666,124.654,39,15,15,1,1,1,1,1,1,,,,,,
8.47466,124.687,8.47152,124.681,41,15,14,1,1,1,1,2,1,,,,,,
8.47146,124.71,8.47505,124.715,48,12,14,1,1,1,1,1,1,,,,,,
8.50432,124.659,8.50448,124.661,35,12,15,1,1,1,2,1,1,,,,,,
8.4708,124.659,8.45143,124.662,27,19,15,1,1,1,1,1,1,,,,,,
8.46245,124.788,8.47646,124.768,34,12,13,1,1,1,1,1,1,,,,,,
8.46683,124.659,8.46118,124.659,28,14,14,1,1,1,1,1,1,,,,,,
8.4987,124.662,8.50496,124.66,41,17,17,1,1,1,2,1,1,,,,,,
8.49014,124.653,8.47857,124.648,35,16,14,1,1,1,1,1,1,,,,,,
8.50251,124.645,8.51261,124.624,31,15,13,1,1,1,1,1,1,,,,,,
8.48209,124.669,8.48497,124.662,41,14,15,1,1,1,1,1,1,,,,,,
8.47106,124.703,8.45836,124.713,35,18,17,1,1,1,2,1,1,,,,,,
8.50468,124.66,8.49185,124.654,37,16,18,1,1,1,2,1,1,,,,,,
8.47454,124.681,8.49651,124.747,59,81,38,1,1,1,2,1,1,,,,,,
8.49589,124.756,8.48534,124.754,38,20,22,1,1,1,1,2,2,,,,,,
8.48558,124.65,8.48366,124.65,35,16,15,1,1,1,1,1,1,,,,,,
8.48571,124.754,8.47802,124.782,34,26,19,1,1,1,2,1,1,,,,,,
8.48276,124.646,8.47645,124.678,41,30,17,1,1,1,2,1,1,,,,,,
8.48277,124.63,8.48652,124.648,35,14,14,1,1,1,2,1,1,,,,,,
8.47483,124.675,8.47547,124.67,35,12,14,1,1,1,1,1,1,,,,,,
8.498,124.661,8.50285,124.66,37,17,18,1,1,1,2,1,1,,,,,,
8.51259,124.628,8.50188,124.647,30,13,13,1,1,1,2,1,1,,,,,,
8.50116,124.663,8.50135,124.664,36,12,15,1,1,1,2,1,1,,,,,,
8.43061,124.641,8.45021,124.649,31,19,18,1,1,1,1,1,1,,,,,,
8.46158,124.789,8.48378,124.759,37,19,18,1,1,1,1,1,1,,,,,,
8.4758,124.679,8.47331,124.695,48,19,23,1,1,1,2,1,1,,,,,,
8.4615,124.643,8.44616,124.652,30,19,16,1,1,1,2,1,1,,,,,,
8.48543,124.757,8.49846,124.755,40,24,21,1,1,1,1,1,1,,,,,,
8.47822,124.656,8.48448,124.662,47,40,24,1,1,1,1,2,2,,,,,,
8.47667,124.654,8.47327,124.678,42,32,23,1,1,1,1,1,1,,,,,,
8.478,124.649,8.4906,124.653,43,29,27,1,1,1,1,1,1,,,,,,
8.49952,124.664,8.48873,124.65,45,24,27,1,1,1,2,1,1,,,,,,
8.48956,124.765,8.48926,124.766,42,21,23,1,1,1,1,1,1,,,,,,
8.46374,124.644,8.46477,124.645,49,16,23,1,1,1,1,1,1,,,,,,
8.49561,124.654,8.47799,124.649,47,31,19,1,1,1,2,1,1,,,,,,
8.48432,124.732,8.4763,124.718,53,22,18,1,1,1,1,1,1,,,,,,
8.49843,124.756,8.48679,124.772,38,26,20,1,1,1,1,1,1,,,,,,
8.47994,124.638,8.48465,124.639,40,12,12,1,1,1,2,1,1,,,,,,
8.50303,124.641,8.50105,124.647,30,17,14,1,1,1,2,1,1,,,,,,
8.43099,124.664,8.47385,124.645,35,25,26,1,1,1,1,2,2,,,,,,
8.47635,124.659,8.49781,124.748,55,94,24,1,1,1,2,1,1,,,,,,
8.50454,124.661,8.50242,124.664,45,28,21,1,1,1,2,1,1,,,,,,
8.49027,124.763,8.49841,124.755,43,23,18,1,1,1,1,1,1,,,,,,
8.45577,124.645,8.45677,124.645,42,24,23,1,1,1,1,1,1,,,,,,
8.484,124.659,8.48177,124.668,64,34,23,1,1,1,2,1,1,,,,,,
8.49572,124.654,8.49561,124.654,56,22,23,1,1,1,1,1,1,,,,,,
8.50931,124.636,8.49582,124.654,48,24,29,1,1,1,2,1,1,,,,,,
8.50496,124.66,8.50475,124.639,64,48,41,1,1,1,1,1,1,,,,,,
8.48392,124.731,8.47432,124.682,65,38,30,1,1,1,1,2,2,,,,,,
8.49413,124.656,8.5037,124.659,50,49,38,1,1,1,2,1,1,,,,,,
8.47816,124.628,8.47693,124.629,34,17,19,1,1,1,1,1,1,,,,,,
8.44481,124.654,8.42597,124.667,37,20,17,1,1,1,2,1,1,,,,,,
8.46464,124.79,8.48681,124.753,43,19,22,1,1,1,1,1,1,,,,,,
8.47835,124.646,8.47221,124.681,42,49,26,1,1,1,1,1,1,,,,,,
8.48467,124.639,8.49647,124.656,47,14,16,1,1,1,2,1,1,,,,,,
8.4789,124.764,8.48723,124.746,50,18,23,1,1,1,1,1,1,,,,,,
8.49887,124.662,8.47799,124.646,44,26,16,1,1,1,2,1,1,,,,,,
8.49656,124.656,8.48491,124.647,47,18,15,1,1,1,2,2,1,,,,,,
8.47454,124.681,8.4747,124.692,48,14,16,1,1,1,1,1,1,,,,,,
8.47596,124.681,8.47697,124.651,44,28,17,1,1,1,1,1,1,,,,,,
8.46532,124.708,8.45923,124.713,28,14,12,1,1,1,1,1,1,,,,,,
8.46165,124.643,8.45663,124.645,34,12,13,1,1,1,2,1,1,,,,,,
8.47667,124.646,8.47799,124.646,34,10,14,1,1,1,1,1,1,,,,,,
8.49837,124.65,8.50223,124.646,31,16,14,1,1,1,1,1,1,,,,,,
8.49932,124.663,8.48033,124.648,39,27,22,1,1,1,2,1,1,,,,,,
8.46794,124.659,8.45749,124.659,28,16,12,1,1,1,1,1,1,,,,,,
8.4989,124.662,8.48913,124.652,38,21,18,1,1,1,2,1,1,,,,,,
8.45348,124.662,8.43663,124.665,27,16,10,1,1,1,1,1,1,,,,,,
8.48476,124.656,8.48553,124.648,37,17,9,1,1,1,1,2,1,,,,,,
8.46064,124.783,8.49013,124.764,35,16,18,1,1,1,1,1,1,,,,,,
8.45549,124.645,8.44489,124.653,33,18,13,1,1,1,2,1,1,,,,,,
8.47779,124.643,8.47759,124.649,37,10,12,1,1,1,2,1,1,,,,,,
8.49461,124.656,8.49466,124.657,44,14,10,1,1,1,2,1,1,,,,,,
8.467,124.707,8.47978,124.672,32,20,19,1,1,1,1,2,2,,,,,,
8.47146,124.71,8.49737,124.748,51,21,21,1,1,1,2,1,1,,,,,,
8.47197,124.711,8.47994,124.725,50,14,14,1,1,1,1,1,1,,,,,,
8.47506,124.669,8.50101,124.751,43,61,15,1,1,1,2,1,1,,,,,,
8.45874,124.718,8.45805,124.715,31,14,12,1,1,1,1,1,1,,,,,,
8.51137,124.632,8.51058,124.634,30,11,13,1,1,1,2,1,1,,,,,,
8.49947,124.663,8.50844,124.637,35,46,30,1,1,1,1,1,1,,,,,,
8.43326,124.666,8.45725,124.659,29,13,18,1,1,1,1,1,1,,,,,,
8.47692,124.652,8.50398,124.659,40,35,32,1,1,1,2,1,1,,,,,,
8.44796,124.649,8.45476,124.645,32,15,15,1,1,1,1,1,1,,,,,,
8.49925,124.663,8.50437,124.659,36,17,16,1,1,1,2,1,1,,,,,,
8.48477,124.659,8.48449,124.657,49,12,16,1,1,1,2,1,1,,,,,,
8.4475,124.649,8.43177,124.641,30,15,14,1,1,1,2,1,1,,,,,,
8.48019,124.672,8.48564,124.734,51,51,19,1,1,1,2,1,1,,,,,,
8.49092,124.653,8.47993,124.647,37,17,16,1,1,1,1,1,1,,,,,,
8.47741,124.649,8.48358,124.645,38,16,16,1,1,1,1,1,1,,,,,,
8.47025,124.659,8.46006,124.66,29,15,17,1,1,1,1,1,1,,,,,,
