from_lat,from_lon,to_lat,to_lon,tftf_ms,dijkstra_ms,astar_ms,found_tftf,found_dijkstra,found_astar,tftf_routes,dijkstra_routes,astar_routes,,,,,,,,
8.47263,124.573,8.48286,124.593,104,48,49,1,1,1,1,1,1,,Run Time,,,,Routes Taken,,
8.47655,124.643,8.485,124.638,106,66,52,1,1,1,1,2,2,,TFTF (ms),Djikstra (ms) ,A* (ms),,TFTF,Djikstra,A*
8.4981,124.642,8.47549,124.649,116,92,64,1,1,1,2,4,6,,119.2013333,79.13133333,59.674,,1.650666667,1.682666667,1.642
8.39956,124.611,8.22859,124.546,118,386,70,1,1,1,2,1,1,,,,,,,,
8.4886,124.641,8.50297,124.627,110,94,56,1,1,1,2,2,2,,,,,,,,
8.47578,124.612,8.47492,124.621,128,57,59,1,1,1,1,2,2,,,,,,,,
8.49065,124.64,8.48175,124.636,121,56,55,1,1,1,2,1,2,,,,,,,,
8.47282,124.635,8.47287,124.62,124,96,77,1,1,1,2,2,2,,,,,,,,
8.48138,124.645,8.51276,124.628,118,170,76,1,1,1,2,1,1,,,,,,,,
8.47738,124.643,8.47907,124.645,108,46,48,1,1,1,1,1,1,,,,,,,,
8.4877,124.626,8.488,124.63,100,48,47,1,1,1,1,1,1,,,,,,,,
8.51042,124.635,8.50292,124.643,111,51,51,1,1,1,1,2,1,,,,,,,,
8.45445,124.632,8.44601,124.631,102,49,48,1,1,1,2,1,1,,,,,,,,
8.47873,124.638,8.49637,124.641,115,96,64,1,1,1,2,1,1,,,,,,,,
8.47586,124.612,8.47281,124.604,129,55,54,1,1,1,2,1,1,,,,,,,,
8.47583,124.63,8.48869,124.61,124,243,202,1,1,1,2,1,1,,,,,,,,
8.49488,124.631,8.50288,124.643,126,72,55,1,1,1,2,1,1,,,,,,,,
8.48371,124.61,8.50437,124.62,121,50,50,1,1,1,2,1,1,,,,,,,,
8.47498,124.631,8.47208,124.639,118,63,54,1,1,1,1,1,2,,,,,,,,
8.48678,124.647,8.5092,124.646,111,124,59,1,1,1,2,1,1,,,,,,,,
8.30148,124.579,8.31315,124.593,107,49,51,1,1,1,1,1,1,,,,,,,,
8.45055,124.623,8.47302,124.633,122,55,53,1,1,1,1,3,3,,,,,,,,
8.48612,124.648,8.49071,124.635,125,58,51,1,1,1,2,1,1,,,,,,,,
8.50455,124.622,8.50023,124.616,112,54,52,1,1,1,2,2,2,,,,,,,,
8.50223,124.646,8.5055,124.647,108,48,47,1,1,1,2,1,1,,,,,,,,
8.46833,124.609,8.47355,124.638,121,80,82,1,1,1,2,1,4,,,,,,,,
8.42313,124.626,8.42827,124.613,106,48,47,1,1,1,2,1,1,,,,,,,,
8.42839,124.613,8.42121,124.632,104,56,57,1,1,1,1,1,1,,,,,,,,
8.48825,124.642,8.48743,124.645,108,47,49,1,1,1,2,1,1,,,,,,,,
8.48703,124.646,8.50954,124.645,104,104,57,1,1,1,2,1,1,,,,,,,,
8.47411,124.615,8.47345,124.608,127,55,54,1,1,1,2,1,1,,,,,,,,
8.48142,124.629,8.49037,124.64,121,74,55,1,1,1,2,1,1,,,,,,,,
8.43925,124.644,8.4394,124.644,97,47,49,1,1,1,1,1,1,,,,,,,,
8.48603,124.6,8.4928,124.633,123,76,62,1,1,1,2,3,2,,,,,,,,
8.48657,124.634,8.50998,124.637,110,127,64,1,1,1,2,1,1,,,,,,,,
8.48266,124.633,8.51166,124.624,131,168,92,1,1,1,1,7,6,,,,,,,,
8.50448,124.624,8.48065,124.611,111,84,59,1,1,1,2,2,2,,,,,,,,
8.47311,124.62,8.47208,124.639,128,82,69,1,1,1,1,4,2,,,,,,,,
8.51233,124.619,8.48088,124.63,118,89,63,1,1,1,1,3,3,,,,,,,,
8.48425,124.658,8.47661,124.637,118,77,63,1,1,1,2,4,3,,,,,,,,
8.48409,124.596,8.48316,124.644,138,146,126,1,1,1,2,8,10,,,,,,,,
8.48549,124.636,8.50862,124.637,119,124,59,1,1,1,2,1,1,,,,,,,,
8.44856,124.585,8.47313,124.601,114,51,51,1,1,1,1,2,2,,,,,,,,
8.49454,124.652,8.51219,124.63,110,90,51,1,1,1,2,1,1,,,,,,,,
8.50955,124.645,8.5092,124.646,103,44,46,1,1,1,2,1,1,,,,,,,,
8.4954,124.626,8.50318,124.621,112,45,46,1,1,1,2,1,1,,,,,,,,
8.46994,124.646,8.47591,124.612,122,145,72,1,1,1,2,1,1,,,,,,,,
8.47557,124.651,8.47547,124.647,127,47,48,1,1,1,2,1,1,,,,,,,,
8.47544,124.631,8.50207,124.635,126,179,123,1,1,1,2,3,3,,,,,,,,
8.47337,124.594,8.43979,124.565,104,79,49,1,1,1,2,1,1,,,,,,,,
8.48931,124.629,8.50128,124.622,111,49,47,1,1,1,2,1,1,,,,,,,,
8.4743,124.614,8.47403,124.648,127,101,80,1,1,1,1,6,5,,,,,,,,
8.47313,124.638,8.4749,124.631,120,51,50,1,1,1,2,1,1,,,,,,,,
8.51073,124.634,8.50421,124.62,114,62,53,1,1,1,2,2,2,,,,,,,,
8.49367,124.652,8.48126,124.637,114,74,60,1,1,1,2,3,5,,,,,,,,
8.48256,124.638,8.48917,124.659,126,128,81,1,1,1,2,2,3,,,,,,,,
8.4707,124.643,8.47322,124.633,120,55,54,1,1,1,2,1,1,,,,,,,,
8.4907,124.656,8.50298,124.641,115,57,48,1,1,1,2,2,1,,,,,,,,
8.47732,124.649,8.48161,124.644,112,49,48,1,1,1,1,2,1,,,,,,,,
8.45908,124.625,8.47849,124.646,121,112,73,1,1,1,1,4,5,,,,,,,,
8.47133,124.634,8.44698,124.631,108,110,48,1,1,1,2,1,1,,,,,,,,
8.50198,124.632,8.48787,124.643,107,61,53,1,1,1,1,4,3,,,,,,,,
8.5115,124.631,8.49524,124.652,112,61,47,1,1,1,1,1,1,,,,,,,,
8.4958,124.631,8.50289,124.633,114,46,46,1,1,1,2,1,1,,,,,,,,
8.49568,124.652,8.49837,124.65,108,45,44,1,1,1,1,1,1,,,,,,,,
8.49578,124.652,8.47863,124.654,115,75,56,1,1,1,2,4,3,,,,,,,,
8.49511,124.652,8.5042,124.612,113,162,60,1,1,1,2,3,4,,,,,,,,
8.48831,124.642,8.50452,124.625,110,95,52,1,1,1,2,1,2,,,,,,,,
8.47907,124.645,8.48151,124.645,109,44,46,1,1,1,1,1,1,,,,,,,,
8.50301,124.643,8.47799,124.646,112,94,64,1,1,1,2,4,4,,,,,,,,
8.48711,124.61,8.47281,124.619,126,76,58,1,1,1,2,1,2,,,,,,,,
8.50129,124.634,8.47294,124.635,113,100,67,1,1,1,2,2,4,,,,,,,,
8.48639,124.648,8.48671,124.647,106,45,45,1,1,1,1,1,1,,,,,,,,
8.49775,124.62,8.49595,124.616,105,46,46,1,1,1,2,1,1,,,,,,,,
8.47877,124.652,8.47822,124.656,110,44,46,1,1,1,2,1,1,,,,,,,,
8.48696,124.633,8.48703,124.646,116,68,54,1,1,1,1,2,2,,,,,,,,
8.47462,124.632,8.47204,124.618,120,82,65,1,1,1,2,1,1,,,,,,,,
8.48748,124.639,8.51345,124.638,109,124,57,1,1,1,2,1,1,,,,,,,,
8.47382,124.595,8.47591,124.612,134,49,48,1,1,1,2,2,1,,,,,,,,
8.50356,124.605,8.50352,124.594,109,46,45,1,1,1,2,1,1,,,,,,,,
8.50774,124.615,8.50892,124.636,120,52,48,1,1,1,2,2,4,,,,,,,,
8.47053,124.643,8.47126,124.641,114,46,48,1,1,1,2,1,1,,,,,,,,
8.48066,124.637,8.48151,124.645,170,58,53,1,1,1,2,1,1,,,,,,,,
8.48552,124.639,8.49546,124.645,100,65,55,1,1,1,2,1,1,,,,,,,,
8.48181,124.592,8.48099,124.637,128,87,82,1,1,1,2,4,6,,,,,,,,
8.48371,124.597,8.47478,124.625,137,66,68,1,1,1,2,2,3,,,,,,,,
8.47788,124.634,8.5049,124.624,116,142,86,1,1,1,2,5,5,,,,,,,,
8.47617,124.643,8.48669,124.647,106,56,45,1,1,1,1,1,1,,,,,,,,
8.37513,124.611,8.47116,124.617,160,65,62,1,1,1,2,4,4,,,,,,,,
8.48592,124.659,8.48573,124.651,106,47,45,1,1,1,2,1,1,,,,,,,,
8.47154,124.64,8.47229,124.629,118,55,52,1,1,1,2,1,1,,,,,,,,
8.4908,124.604,8.50777,124.624,121,58,54,1,1,1,1,4,4,,,,,,,,
8.47546,124.581,8.47546,124.581,97,44,46,1,1,1,1,1,1,,,,,,,,
8.46602,124.626,8.43224,124.617,124,104,50,1,1,1,2,1,1,,,,,,,,
8.45213,124.632,8.4496,124.632,102,45,46,1,1,1,2,1,1,,,,,,,,
8.50376,124.636,8.50216,124.646,110,48,47,1,1,1,2,1,1,,,,,,,,
8.50931,124.646,8.50976,124.644,98,44,46,1,1,1,1,1,1,,,,,,,,
8.47384,124.633,8.4749,124.621,118,74,63,1,1,1,2,1,1,,,,,,,,
8.47191,124.639,8.47096,124.642,123,47,49,1,1,1,1,1,1,,,,,,,,
8.48462,124.639,8.49788,124.624,119,103,60,1,1,1,2,1,1,,,,,,,,
8.47826,124.602,8.49861,124.616,127,55,48,1,1,1,1,1,1,,,,,,,,
8.48132,124.629,8.44081,124.572,107,266,124,1,1,1,2,1,1,,,,,,,,
8.42199,124.609,8.4206,124.609,126,44,44,1,1,1,1,1,1,,,,,,,,
8.48224,124.635,8.47303,124.637,160,58,51,1,1,1,2,2,3,,,,,,,,
8.48696,124.632,8.4985,124.624,114,65,51,1,1,1,2,1,1,,,,,,,,
8.47255,124.606,8.47494,124.623,125,58,58,1,1,1,2,2,2,,,,,,,,
8.47461,124.622,8.47278,124.619,139,48,49,1,1,1,2,1,1,,,,,,,,
8.44392,124.588,8.48015,124.629,109,64,71,1,1,1,2,7,4,,,,,,,,
8.4757,124.611,8.47036,124.644,128,94,77,1,1,1,1,5,6,,,,,,,,
8.47916,124.656,8.47916,124.656,107,46,46,1,1,1,1,1,1,,,,,,,,
8.48831,124.642,8.50895,124.648,109,100,53,1,1,1,2,1,1,,,,,,,,
8.42366,124.606,8.42278,124.609,125,42,45,1,1,1,1,1,1,,,,,,,,
8.5011,124.6,8.48467,124.639,125,70,56,1,1,1,2,2,4,,,,,,,,
8.48366,124.647,8.47849,124.646,108,47,46,1,1,1,1,1,1,,,,,,,,
8.29271,124.519,8.3154,124.562,98,50,51,1,1,1,1,1,1,,,,,,,,
8.49411,124.638,8.49037,124.64,99,44,46,1,1,1,1,1,1,,,,,,,,
8.4192,124.613,8.40329,124.579,146,60,49,1,1,1,2,1,1,,,,,,,,
8.45475,124.624,8.47285,124.63,123,50,51,1,1,1,2,1,1,,,,,,,,
8.48132,124.629,8.47621,124.629,125,49,49,1,1,1,1,1,1,,,,,,,,
8.49172,124.604,8.48486,124.6,121,45,45,1,1,1,2,1,1,,,,,,,,
8.46414,124.625,8.44955,124.623,117,50,49,1,1,1,2,1,1,,,,,,,,
8.48655,124.648,8.48292,124.639,110,55,54,1,1,1,1,2,2,,,,,,,,
8.47754,124.649,8.49014,124.653,107,66,54,1,1,1,1,1,1,,,,,,,,
8.47301,124.635,8.47829,124.628,117,56,51,1,1,1,2,2,2,,,,,,,,
8.45821,124.633,8.45556,124.633,102,45,45,1,1,1,2,1,1,,,,,,,,
8.47555,124.647,8.47276,124.625,131,124,91,1,1,1,2,1,1,,,,,,,,
8.50458,124.624,8.4892,124.639,121,59,51,1,1,1,2,1,1,,,,,,,,
8.50305,124.642,8.49194,124.652,112,55,51,1,1,1,2,1,1,,,,,,,,
8.48473,124.638,8.48965,124.629,121,61,51,1,1,1,2,1,1,,,,,,,,
8.47828,124.633,8.47949,124.632,111,44,45,1,1,1,1,1,1,,,,,,,,
8.48549,124.636,8.48727,124.63,117,48,48,1,1,1,2,1,1,,,,,,,,
8.49279,124.604,8.486,124.6,119,49,45,1,1,1,2,1,1,,,,,,,,
8.47945,124.645,8.48727,124.63,124,107,77,1,1,1,2,2,3,,,,,,,,
8.49617,124.646,8.49547,124.643,100,45,44,1,1,1,1,1,1,,,,,,,,
8.5045,124.62,8.5046,124.624,114,46,47,1,1,1,2,1,1,,,,,,,,
8.50297,124.627,8.50436,124.617,118,48,54,1,1,1,2,2,1,,,,,,,,
8.49263,124.633,8.51236,124.624,121,69,51,1,1,1,1,1,1,,,,,,,,
8.41015,124.612,8.47856,124.627,148,75,60,1,1,1,2,6,6,,,,,,,,
8.42279,124.609,8.43019,124.616,125,48,50,1,1,1,1,1,1,,,,,,,,
8.29188,124.52,8.31112,124.55,114,49,56,1,1,1,1,1,1,,,,,,,,
8.48085,124.658,8.47826,124.656,113,45,47,1,1,1,2,1,1,,,,,,,,
8.50659,124.624,8.4928,124.633,120,53,48,1,1,1,2,2,1,,,,,,,,
8.47075,124.642,8.47292,124.62,119,102,60,1,1,1,2,1,1,,,,,,,,
8.4985,124.624,8.48635,124.634,115,48,47,1,1,1,1,2,1,,,,,,,,
8.47324,124.62,8.45384,124.603,107,118,72,1,1,1,2,1,1,,,,,,,,
8.47548,124.648,8.46943,124.628,130,110,71,1,1,1,2,1,1,,,,,,,,
8.47186,124.639,8.48466,124.657,138,128,71,1,1,1,2,4,3,,,,,,,,
8.46018,124.626,8.47102,124.629,114,48,50,1,1,1,1,1,1,,,,,,,,
8.29738,124.58,8.30653,124.582,136,45,44,1,1,1,1,1,1,,,,,,,,
8.47424,124.631,8.45664,124.625,128,86,55,1,1,1,2,1,1,,,,,,,,
8.50352,124.603,8.48348,124.598,117,54,49,1,1,1,1,1,1,,,,,,,,
8.45356,124.603,8.47453,124.632,104,61,64,1,1,1,2,5,4,,,,,,,,
8.49825,124.639,8.50485,124.637,108,46,45,1,1,1,2,1,1,,,,,,,,
8.47708,124.635,8.47827,124.656,116,100,54,1,1,1,1,3,2,,,,,,,,
8.46797,124.627,8.47424,124.631,120,48,47,1,1,1,2,1,1,,,,,,,,
8.47701,124.65,8.4685,124.607,133,211,171,1,1,1,2,1,1,,,,,,,,
8.48266,124.633,8.50057,124.636,130,110,65,1,1,1,2,1,1,,,,,,,,
8.47108,124.646,8.4749,124.621,122,113,59,1,1,1,2,1,1,,,,,,,,
8.46404,124.57,8.48104,124.629,110,78,78,1,1,1,2,4,5,,,,,,,,
8.5125,124.637,8.49193,124.653,112,63,54,1,1,1,2,2,2,,,,,,,,
8.5035,124.626,8.48077,124.658,118,112,58,1,1,1,2,1,1,,,,,,,,
8.47223,124.646,8.47195,124.618,123,134,77,1,1,1,2,1,1,,,,,,,,
8.50107,124.623,8.48607,124.635,114,49,48,1,1,1,1,1,2,,,,,,,,
8.49465,124.641,8.49015,124.64,118,47,46,1,1,1,2,1,1,,,,,,,,
8.48316,124.644,8.48404,124.645,107,45,45,1,1,1,2,1,1,,,,,,,,
8.50835,124.637,8.48075,124.639,120,75,62,1,1,1,2,5,4,,,,,,,,
8.20033,124.529,8.20104,124.532,100,43,46,1,1,1,1,1,1,,,,,,,,
8.42297,124.608,8.45755,124.625,131,53,52,1,1,1,2,3,3,,,,,,,,
8.3751,124.511,8.36564,124.502,111,48,48,1,1,1,2,1,1,,,,,,,,
8.47337,124.62,8.3766,124.513,123,369,360,1,1,1,2,1,1,,,,,,,,
8.47763,124.649,8.48156,124.637,120,62,55,1,1,1,2,1,3,,,,,,,,
8.42835,124.613,8.47302,124.633,128,60,63,1,1,1,2,3,3,,,,,,,,
8.44732,124.622,8.4638,124.625,126,48,50,1,1,1,1,3,3,,,,,,,,
8.4598,124.626,8.47296,124.63,122,50,50,1,1,1,2,1,1,,,,,,,,
8.50445,124.619,8.49187,124.633,112,56,51,1,1,1,2,1,1,,,,,,,,
8.4935,124.652,8.50968,124.636,111,73,50,1,1,1,2,1,1,,,,,,,,
8.476,124.611,8.44043,124.57,107,165,63,1,1,1,2,1,1,,,,,,,,
8.48236,124.635,8.4736,124.599,134,185,103,1,1,1,2,2,2,,,,,,,,
8.47312,124.63,8.47306,124.633,124,48,47,1,1,1,1,1,1,,,,,,,,
8.47841,124.628,8.47419,124.577,119,242,113,1,1,1,2,1,1,,,,,,,,
8.47094,124.642,8.47057,124.644,115,47,47,1,1,1,1,1,1,,,,,,,,
8.47015,124.629,8.46452,124.625,116,49,46,1,1,1,2,1,1,,,,,,,,
8.30642,124.544,8.30999,124.546,98,46,45,1,1,1,1,1,1,,,,,,,,
8.44874,124.583,8.44614,124.586,106,45,46,1,1,1,2,1,1,,,,,,,,
8.49065,124.64,8.4905,124.64,111,45,45,1,1,1,1,1,1,,,,,,,,
8.40038,124.562,8.37774,124.514,130,74,69,1,1,1,2,1,1,,,,,,,,
8.47407,124.614,8.47859,124.628,137,75,62,1,1,1,2,2,2,,,,,,,,
8.42493,124.638,8.46283,124.643,107,49,47,1,1,1,1,1,1,,,,,,,,
8.50444,124.619,8.48764,124.66,114,141,69,1,1,1,2,3,3,,,,,,,,
8.48002,124.657,8.47863,124.654,109,46,45,1,1,1,2,1,1,,,,,,,,
8.4756,124.611,8.47449,124.613,126,47,46,1,1,1,1,1,1,,,,,,,,
8.47704,124.651,8.4921,124.651,117,68,55,1,1,1,2,1,1,,,,,,,,
8.50327,124.627,8.48944,124.603,120,125,63,1,1,1,2,1,1,,,,,,,,
8.47392,124.645,8.47719,124.629,144,82,52,1,1,1,2,1,1,,,,,,,,
8.51248,124.629,8.48741,124.63,112,79,65,1,1,1,1,1,2,,,,,,,,
8.43078,124.617,8.42438,124.61,129,50,49,1,1,1,2,1,1,,,,,,,,
8.48214,124.63,8.47466,124.597,136,158,77,1,1,1,2,1,1,,,,,,,,
8.45504,124.624,8.45622,124.624,115,44,44,1,1,1,1,1,1,,,,,,,,
8.48761,124.63,8.49668,124.617,117,65,48,1,1,1,2,1,1,,,,,,,,
8.47331,124.634,8.47284,124.638,114,47,48,1,1,1,1,1,1,,,,,,,,
8.47472,124.625,8.47865,124.627,139,47,47,1,1,1,2,1,1,,,,,,,,
8.48236,124.657,8.48066,124.637,156,72,65,1,1,1,2,3,2,,,,,,,,
8.49619,124.635,8.50125,124.635,99,44,45,1,1,1,2,1,1,,,,,,,,
8.50099,124.593,8.49927,124.593,98,44,45,1,1,1,2,1,1,,,,,,,,
8.491,124.634,8.48525,124.654,118,63,51,1,1,1,1,1,1,,,,,,,,
8.50321,124.636,8.47832,124.647,112,87,59,1,1,1,2,5,2,,,,,,,,
8.45162,124.583,8.49513,124.612,119,66,54,1,1,1,2,1,1,,,,,,,,
8.49056,124.635,8.48891,124.64,118,47,47,1,1,1,2,1,1,,,,,,,,
8.5045,124.62,8.50434,124.616,116,46,46,1,1,1,1,1,1,,,,,,,,
8.49758,124.631,8.49827,124.631,111,49,48,1,1,1,1,1,1,,,,,,,,
8.47299,124.63,8.46891,124.628,128,49,50,1,1,1,2,1,1,,,,,,,,
8.50188,124.633,8.48432,124.658,110,103,58,1,1,1,1,4,2,,,,,,,,
8.50117,124.593,8.50017,124.593,100,48,45,1,1,1,2,1,1,,,,,,,,
8.40956,124.612,8.35935,124.604,136,63,51,1,1,1,2,1,1,,,,,,,,
8.47352,124.608,8.47239,124.573,107,112,60,1,1,1,2,1,1,,,,,,,,
8.48577,124.636,8.50437,124.62,111,99,49,1,1,1,2,1,1,,,,,,,,
8.49265,124.633,8.49088,124.634,116,45,45,1,1,1,1,1,1,,,,,,,,
8.49703,124.619,8.47933,124.638,99,59,52,1,1,1,2,2,2,,,,,,,,
8.47336,124.607,8.47608,124.63,128,62,65,1,1,1,1,2,2,,,,,,,,
8.44722,124.631,8.46448,124.632,100,46,47,1,1,1,1,1,1,,,,,,,,
8.50835,124.637,8.51099,124.637,113,45,46,1,1,1,2,1,1,,,,,,,,
8.46995,124.606,8.47099,124.642,121,83,75,1,1,1,2,7,5,,,,,,,,
8.45664,124.625,8.37821,124.61,130,226,57,1,1,1,2,1,1,,,,,,,,
8.4862,124.648,8.50368,124.626,121,110,54,1,1,1,2,1,2,,,,,,,,
8.48315,124.638,8.4991,124.624,110,105,54,1,1,1,2,1,1,,,,,,,,
8.50565,124.638,8.47301,124.635,114,98,62,1,1,1,2,3,4,,,,,,,,
8.49904,124.649,8.51251,124.615,112,110,50,1,1,1,2,1,1,,,,,,,,
8.48693,124.659,8.49194,124.653,109,46,45,1,1,1,2,2,1,,,,,,,,
8.48209,124.644,8.48487,124.655,108,56,46,1,1,1,1,1,1,,,,,,,,
8.47105,124.643,8.47099,124.642,115,51,50,1,1,1,2,1,1,,,,,,,,
8.49333,124.652,8.48303,124.658,111,52,50,1,1,1,2,3,3,,,,,,,,
8.47694,124.651,8.48764,124.66,115,61,53,1,1,1,1,1,1,,,,,,,,
8.47738,124.643,8.47695,124.651,111,51,47,1,1,1,1,2,1,,,,,,,,
8.48725,124.639,8.4888,124.66,117,106,59,1,1,1,2,2,1,,,,,,,,
8.47288,124.638,8.47507,124.631,129,54,50,1,1,1,2,1,1,,,,,,,,
8.47318,124.634,8.47254,124.626,120,73,66,1,1,1,2,1,2,,,,,,,,
8.44433,124.636,8.4621,124.632,107,46,46,1,1,1,1,1,1,,,,,,,,
8.30132,124.579,8.37346,124.611,137,49,45,1,1,1,2,1,1,,,,,,,,
8.48324,124.638,8.48478,124.638,108,47,47,1,1,1,1,1,1,,,,,,,,
8.48687,124.631,8.47617,124.643,113,70,62,1,1,1,1,4,3,,,,,,,,
8.47506,124.638,8.48678,124.647,117,105,71,1,1,1,2,2,2,,,,,,,,
8.48679,124.647,8.50939,124.645,104,109,56,1,1,1,1,1,1,,,,,,,,
8.48358,124.645,8.48276,124.646,110,44,46,1,1,1,2,1,1,,,,,,,,
8.4813,124.645,8.50311,124.64,114,113,57,1,1,1,2,1,1,,,,,,,,
8.48693,124.631,8.47661,124.638,113,59,52,1,1,1,2,4,4,,,,,,,,
8.46596,124.617,8.40216,124.573,144,260,72,1,1,1,2,2,2,,,,,,,,
8.47256,124.647,8.47407,124.614,121,149,95,1,1,1,2,1,1,,,,,,,,
8.47753,124.586,8.48409,124.596,106,45,46,1,1,1,1,2,1,,,,,,,,
8.48902,124.64,8.49614,124.641,111,48,48,1,1,1,2,1,1,,,,,,,,
8.46569,124.626,8.4706,124.644,116,63,56,1,1,1,1,2,2,,,,,,,,
8.47779,124.643,8.47667,124.646,110,44,45,1,1,1,2,1,1,,,,,,,,
8.47313,124.638,8.45889,124.625,119,112,65,1,1,1,2,1,1,,,,,,,,
8.4832,124.594,8.48154,124.592,125,44,45,1,1,1,2,1,1,,,,,,,,
8.4982,124.615,8.49903,124.616,108,44,44,1,1,1,1,1,1,,,,,,,,
8.48099,124.637,8.47827,124.628,123,65,60,1,1,1,2,1,1,,,,,,,,
8.45488,124.641,8.42432,124.609,106,216,62,1,1,1,2,1,1,,,,,,,,
8.46604,124.632,8.44666,124.631,101,57,47,1,1,1,2,1,1,,,,,,,,
8.43984,124.566,8.47292,124.62,109,56,61,1,1,1,2,4,2,,,,,,,,
8.46303,124.607,8.4725,124.651,122,124,105,1,1,1,2,7,6,,,,,,,,
8.49302,124.632,8.50342,124.603,118,118,51,1,1,1,2,1,1,,,,,,,,
8.48671,124.647,8.48633,124.648,112,46,46,1,1,1,2,1,1,,,,,,,,
8.40447,124.566,8.40621,124.57,141,45,46,1,1,1,1,1,1,,,,,,,,
8.46306,124.612,8.46416,124.611,96,45,45,1,1,1,1,1,1,,,,,,,,
8.48473,124.638,8.50453,124.621,123,125,56,1,1,1,2,1,1,,,,,,,,
8.46031,124.633,8.46612,124.632,102,44,46,1,1,1,1,1,1,,,,,,,,
8.48101,124.637,8.48678,124.647,119,79,60,1,1,1,2,2,1,,,,,,,,
8.47666,124.628,8.47003,124.645,123,80,60,1,1,1,1,3,2,,,,,,,,
8.50656,124.635,8.48322,124.638,110,70,57,1,1,1,2,1,2,,,,,,,,
8.47724,124.65,8.47696,124.651,112,45,46,1,1,1,1,1,1,,,,,,,,
8.50385,124.608,8.486,124.6,115,57,49,1,1,1,2,1,1,,,,,,,,
8.50476,124.639,8.49464,124.652,110,55,48,1,1,1,1,1,1,,,,,,,,
8.48373,124.597,8.51252,124.623,127,85,64,1,1,1,1,3,2,,,,,,,,
8.47856,124.627,8.3972,124.557,165,327,263,1,1,1,2,2,2,,,,,,,,
8.47293,124.616,8.46881,124.588,135,80,61,1,1,1,2,1,1,,,,,,,,
8.48372,124.597,8.50338,124.602,126,53,50,1,1,1,1,1,1,,,,,,,,
8.47506,124.638,8.47236,124.639,116,45,46,1,1,1,2,1,1,,,,,,,,
8.49936,124.632,8.49187,124.633,110,45,46,1,1,1,1,2,2,,,,,,,,
8.38784,124.545,8.38739,124.546,122,45,46,1,1,1,1,1,1,,,,,,,,
8.40242,124.572,8.47635,124.629,143,85,69,1,1,1,2,4,4,,,,,,,,
8.42316,124.635,8.43429,124.619,109,46,46,1,1,1,2,1,1,,,,,,,,
8.4969,124.63,8.49957,124.632,118,45,45,1,1,1,2,1,1,,,,,,,,
8.48194,124.592,8.48088,124.63,126,77,76,1,1,1,2,5,4,,,,,,,,
8.4785,124.627,8.46819,124.588,132,174,78,1,1,1,2,1,1,,,,,,,,
8.47302,124.628,8.47046,124.643,116,65,55,1,1,1,1,2,1,,,,,,,,
8.47597,124.642,8.4831,124.638,106,54,48,1,1,1,1,2,3,,,,,,,,
8.47816,124.644,8.48778,124.627,111,117,73,1,1,1,1,2,1,,,,,,,,
8.42837,124.613,8.43444,124.619,127,47,47,1,1,1,1,1,1,,,,,,,,
8.48806,124.658,8.49185,124.633,108,69,51,1,1,1,1,2,2,,,,,,,,
8.47343,124.638,8.49442,124.637,104,133,94,1,1,1,2,3,3,,,,,,,,
8.49695,124.642,8.49755,124.642,108,45,44,1,1,1,2,1,1,,,,,,,,
8.48161,124.645,8.48674,124.647,113,47,46,1,1,1,2,1,1,,,,,,,,
8.47419,124.61,8.47496,124.623,127,56,58,1,1,1,1,2,2,,,,,,,,
8.29916,124.579,8.18351,124.533,108,63,55,1,1,1,2,1,1,,,,,,,,
8.46551,124.612,8.46823,124.609,102,45,46,1,1,1,2,1,1,,,,,,,,
8.47842,124.656,8.50188,124.647,108,96,52,1,1,1,1,1,1,,,,,,,,
8.48267,124.657,8.50417,124.612,108,162,65,1,1,1,2,2,3,,,,,,,,
8.49624,124.641,8.49911,124.637,108,45,45,1,1,1,2,1,1,,,,,,,,
8.47829,124.631,8.45337,124.624,171,163,96,1,1,1,2,2,2,,,,,,,,
8.49863,124.65,8.51277,124.628,109,64,48,1,1,1,2,1,1,,,,,,,,
8.49392,124.638,8.50061,124.636,100,46,44,1,1,1,2,1,1,,,,,,,,
8.47443,124.649,8.4784,124.627,130,93,58,1,1,1,2,1,1,,,,,,,,
8.47693,124.629,8.47344,124.608,166,99,69,1,1,1,2,1,1,,,,,,,,
8.48405,124.657,8.48831,124.642,108,53,48,1,1,1,2,1,1,,,,,,,,
8.46946,124.606,8.47423,124.61,124,46,46,1,1,1,1,1,1,,,,,,,,
8.44556,124.637,8.45582,124.633,101,46,46,1,1,1,1,1,1,,,,,,,,
8.47276,124.619,8.47413,124.613,129,54,51,1,1,1,2,1,1,,,,,,,,
8.17345,124.536,8.29568,124.579,115,56,58,1,1,1,2,1,1,,,,,,,,
8.47266,124.616,8.46506,124.585,137,101,63,1,1,1,2,1,1,,,,,,,,
8.48616,124.65,8.48315,124.646,111,46,46,1,1,1,1,1,1,,,,,,,,
8.47829,124.631,8.44358,124.595,121,251,202,1,1,1,2,1,1,,,,,,,,
8.4642,124.625,8.46189,124.625,113,45,44,1,1,1,2,1,1,,,,,,,,
8.47471,124.625,8.4751,124.611,180,63,57,1,1,1,2,1,1,,,,,,,,
8.48743,124.645,8.50061,124.642,109,61,50,1,1,1,2,1,1,,,,,,,,
8.47873,124.638,8.48756,124.63,116,77,57,1,1,1,2,1,1,,,,,,,,
8.46157,124.619,8.47486,124.625,147,54,54,1,1,1,1,1,1,,,,,,,,
8.48327,124.644,8.48155,124.644,107,44,46,1,1,1,1,1,1,,,,,,,,
8.48133,124.637,8.47832,124.647,171,57,48,1,1,1,2,1,1,,,,,,,,
8.47945,124.645,8.48491,124.647,107,48,47,1,1,1,1,1,1,,,,,,,,
8.29742,124.537,8.30965,124.546,97,46,47,1,1,1,1,1,1,,,,,,,,
8.46536,124.607,8.47359,124.633,127,70,72,1,1,1,1,4,5,,,,,,,,
8.48487,124.655,8.48856,124.66,106,48,48,1,1,1,1,1,1,,,,,,,,
8.48366,124.647,8.48708,124.63,116,93,58,1,1,1,1,4,4,,,,,,,,
8.49296,124.632,8.48641,124.648,117,54,51,1,1,1,1,1,2,,,,,,,,
8.48873,124.65,8.4921,124.651,110,46,45,1,1,1,2,1,1,,,,,,,,
8.48688,124.631,8.47928,124.637,115,54,49,1,1,1,2,2,2,,,,,,,,
8.46004,124.626,8.47316,124.63,122,49,50,1,1,1,2,1,1,,,,,,,,
8.47371,124.62,8.44447,124.577,107,202,78,1,1,1,2,1,1,,,,,,,,
8.48527,124.659,8.50448,124.625,120,119,60,1,1,1,2,2,3,,,,,,,,
8.50378,124.64,8.47966,124.656,112,115,66,1,1,1,2,3,3,,,,,,,,
8.46909,124.589,8.4969,124.614,127,65,51,1,1,1,1,1,1,,,,,,,,
8.48655,124.647,8.48756,124.63,106,126,94,1,1,1,1,4,4,,,,,,,,
8.47405,124.598,8.44656,124.586,107,67,52,1,1,1,2,1,1,,,,,,,,
8.49403,124.641,8.49957,124.623,123,141,76,1,1,1,2,4,4,,,,,,,,
8.48385,124.657,8.48644,124.648,109,48,47,1,1,1,2,1,1,,,,,,,,
8.48064,124.591,8.47629,124.583,104,46,45,1,1,1,2,1,1,,,,,,,,
8.40647,124.57,8.40026,124.562,143,46,47,1,1,1,2,1,1,,,,,,,,
8.51088,124.637,8.51058,124.634,111,45,47,1,1,1,2,1,1,,,,,,,,
8.50302,124.646,8.4804,124.629,118,100,64,1,1,1,2,5,5,,,,,,,,
8.38782,124.547,8.37374,124.503,124,63,62,1,1,1,2,1,1,,,,,,,,
8.48477,124.659,8.48266,124.633,124,86,70,1,1,1,2,4,3,,,,,,,,
8.47823,124.656,8.48418,124.657,107,46,48,1,1,1,1,1,1,,,,,,,,
8.50445,124.619,8.4921,124.633,112,57,51,1,1,1,2,1,1,,,,,,,,
8.47678,124.626,8.47081,124.643,129,78,62,1,1,1,1,2,2,,,,,,,,
8.48571,124.636,8.50983,124.637,109,124,55,1,1,1,2,1,1,,,,,,,,
8.45991,124.626,8.47114,124.643,117,73,59,1,1,1,1,2,2,,,,,,,,
8.47274,124.619,8.47007,124.646,128,99,75,1,1,1,1,3,4,,,,,,,,
8.45588,124.633,8.45231,124.632,101,44,46,1,1,1,2,1,1,,,,,,,,
8.48529,124.637,8.47828,124.633,117,67,63,1,1,1,2,1,1,,,,,,,,
8.48414,124.596,8.48792,124.603,131,49,48,1,1,1,1,1,1,,,,,,,,
8.49298,124.652,8.50239,124.645,108,49,48,1,1,1,1,1,1,,,,,,,,
8.49624,124.641,8.48902,124.64,111,47,45,1,1,1,1,1,1,,,,,,,,
8.29698,124.589,8.46202,124.619,105,60,62,1,1,1,2,5,5,,,,,,,,
8.47525,124.611,8.47213,124.617,127,50,49,1,1,1,1,1,1,,,,,,,,
8.39747,124.557,8.3976,124.533,133,56,57,1,1,1,2,1,1,,,,,,,,
8.4004,124.563,8.47866,124.628,149,94,81,1,1,1,2,4,4,,,,,,,,
8.50857,124.651,8.49995,124.623,109,110,68,1,1,1,2,4,5,,,,,,,,
8.48274,124.638,8.49055,124.628,118,72,55,1,1,1,2,1,1,,,,,,,,
8.48423,124.658,8.49124,124.634,120,66,51,1,1,1,2,2,2,,,,,,,,
8.42991,124.617,8.47558,124.626,146,82,67,1,1,1,1,2,3,,,,,,,,
8.46673,124.609,8.4651,124.612,102,44,44,1,1,1,1,1,1,,,,,,,,
8.49987,124.642,8.50245,124.643,109,44,44,1,1,1,2,1,1,,,,,,,,
8.48919,124.639,8.48445,124.639,123,49,46,1,1,1,2,1,1,,,,,,,,
8.5071,124.636,8.48481,124.638,124,71,58,1,1,1,2,3,1,,,,,,,,
8.4846,124.639,8.4902,124.628,119,65,53,1,1,1,2,1,1,,,,,,,,
8.47307,124.638,8.50173,124.645,127,153,82,1,1,1,2,4,3,,,,,,,,
8.48787,124.643,8.49532,124.631,122,57,58,1,1,1,1,1,1,,,,,,,,
8.47544,124.613,8.47442,124.649,132,113,83,1,1,1,1,6,7,,,,,,,,
8.47414,124.647,8.47434,124.65,124,46,46,1,1,1,2,1,1,,,,,,,,
8.44037,124.566,8.47028,124.59,105,48,50,1,1,1,1,2,2,,,,,,,,
8.50919,124.649,8.5013,124.645,114,47,47,1,1,1,1,1,1,,,,,,,,
8.4954,124.626,8.4846,124.639,118,49,49,1,1,1,2,2,1,,,,,,,,
8.47421,124.631,8.48527,124.659,130,154,110,1,1,1,2,5,5,,,,,,,,
8.46305,124.632,8.44674,124.631,100,50,47,1,1,1,2,1,1,,,,,,,,
8.37589,124.513,8.39371,124.55,124,57,60,1,1,1,1,1,1,,,,,,,,
8.4808,124.658,8.48644,124.648,111,54,51,1,1,1,2,2,2,,,,,,,,
8.46066,124.626,8.42427,124.606,116,128,56,1,1,1,2,1,1,,,,,,,,
8.50955,124.645,8.48678,124.647,104,60,55,1,1,1,2,3,4,,,,,,,,
8.48471,124.638,8.50921,124.637,121,125,58,1,1,1,2,1,1,,,,,,,,
8.49163,124.654,8.51261,124.624,119,127,50,1,1,1,2,1,1,,,,,,,,
8.4925,124.633,8.4845,124.659,120,84,53,1,1,1,1,2,1,,,,,,,,
8.47866,124.603,8.45744,124.584,129,53,47,1,1,1,2,1,1,,,,,,,,
8.48051,124.606,8.4621,124.584,116,50,47,1,1,1,2,1,1,,,,,,,,
8.47798,124.628,8.47294,124.636,163,57,50,1,1,1,1,1,1,,,,,,,,
8.46984,124.629,8.47928,124.637,120,67,58,1,1,1,2,1,2,,,,,,,,
8.50231,124.645,8.49472,124.652,109,49,47,1,1,1,1,1,1,,,,,,,,
8.42916,124.614,8.4282,124.613,129,44,47,1,1,1,2,1,1,,,,,,,,
8.48743,124.645,8.50438,124.62,109,134,62,1,1,1,2,1,2,,,,,,,,
8.50656,124.624,8.48688,124.631,117,63,54,1,1,1,1,1,1,,,,,,,,
8.43474,124.619,8.47343,124.638,140,73,58,1,1,1,2,3,3,,,,,,,,
8.50924,124.646,8.4889,124.64,111,54,49,1,1,1,1,2,1,,,,,,,,
8.47826,124.602,8.47959,124.604,115,43,45,1,1,1,1,1,1,,,,,,,,
8.51326,124.638,8.50656,124.624,113,54,52,1,1,1,2,3,2,,,,,,,,
8.48474,124.638,8.47695,124.651,130,77,53,1,1,1,2,2,3,,,,,,,,
8.48123,124.645,8.51091,124.633,117,150,64,1,1,1,2,1,1,,,,,,,,
8.50421,124.613,8.48589,124.65,122,89,57,1,1,1,2,2,2,,,,,,,,
8.47286,124.604,8.4756,124.611,132,47,47,1,1,1,1,1,1,,,,,,,,
8.47916,124.656,8.47548,124.648,110,47,45,1,1,1,1,1,1,,,,,,,,
8.47121,124.642,8.46997,124.645,116,49,47,1,1,1,1,1,1,,,,,,,,
8.48301,124.631,8.4811,124.638,130,48,46,1,1,1,2,1,1,,,,,,,,
8.49052,124.635,8.50851,124.624,119,68,50,1,1,1,2,2,3,,,,,,,,
8.42831,124.613,8.43004,124.614,129,44,46,1,1,1,2,1,1,,,,,,,,
8.48491,124.647,8.51001,124.635,117,127,59,1,1,1,2,1,1,,,,,,,,
8.48256,124.638,8.48063,124.629,120,64,55,1,1,1,1,1,1,,,,,,,,
8.47237,124.617,8.47053,124.643,128,94,74,1,1,1,1,5,5,,,,,,,,
8.50539,124.625,8.48635,124.648,118,72,55,1,1,1,2,1,2,,,,,,,,
8.48699,124.63,8.47979,124.637,113,52,49,1,1,1,1,2,2,,,,,,,,
8.47335,124.63,8.47287,124.634,122,49,62,1,1,1,1,1,1,,,,,,,,
8.30884,124.546,8.46202,124.619,114,68,68,1,1,1,2,5,5,,,,,,,,
8.50885,124.643,8.48787,124.643,104,53,53,1,1,1,1,3,1,,,,,,,,
8.48525,124.654,8.48812,124.642,109,50,47,1,1,1,1,1,1,,,,,,,,
8.48679,124.647,8.49088,124.634,113,56,49,1,1,1,2,1,1,,,,,,,,
8.47636,124.585,8.4833,124.631,111,79,78,1,1,1,2,4,3,,,,,,,,
8.49438,124.626,8.49876,124.624,113,44,45,1,1,1,2,1,1,,,,,,,,
8.5026,124.644,8.48423,124.658,111,82,52,1,1,1,2,3,3,,,,,,,,
8.4839,124.61,8.47879,124.603,112,45,47,1,1,1,1,1,1,,,,,,,,
8.47345,124.608,8.47195,124.618,126,51,50,1,1,1,1,1,1,,,,,,,,
8.49151,124.628,8.5026,124.644,115,144,78,1,1,1,2,5,4,,,,,,,,
8.42274,124.609,8.45345,124.64,105,113,64,1,1,1,2,1,1,,,,,,,,
8.39965,124.532,8.39378,124.55,125,52,51,1,1,1,1,1,1,,,,,,,,
8.47428,124.649,8.47486,124.625,134,110,76,1,1,1,2,1,1,,,,,,,,
8.38302,124.515,8.3954,124.552,124,57,59,1,1,1,1,1,1,,,,,,,,
8.48037,124.644,8.51001,124.635,115,156,62,1,1,1,2,1,1,,,,,,,,
8.47558,124.65,8.47916,124.638,142,64,59,1,1,1,2,2,2,,,,,,,,
8.39505,124.559,8.37351,124.561,111,54,49,1,1,1,2,1,1,,,,,,,,
8.48756,124.63,8.47924,124.637,114,53,50,1,1,1,1,1,2,,,,,,,,
8.41117,124.612,8.39716,124.555,149,93,56,1,1,1,2,1,1,,,,,,,,
8.4722,124.618,8.47457,124.622,127,52,51,1,1,1,1,1,1,,,,,,,,
8.4708,124.642,8.47092,124.642,117,46,47,1,1,1,2,1,1,,,,,,,,
8.471,124.642,8.47693,124.629,127,66,60,1,1,1,2,1,1,,,,,,,,
8.50383,124.608,8.4915,124.633,118,62,53,1,1,1,1,2,2,,,,,,,,
8.50873,124.637,8.50321,124.64,109,48,47,1,1,1,1,1,1,,,,,,,,
8.50358,124.621,8.50164,124.622,112,45,45,1,1,1,1,1,1,,,,,,,,
8.48699,124.632,8.48327,124.638,113,48,46,1,1,1,1,1,1,,,,,,,,
8.47276,124.619,8.45829,124.607,131,91,70,1,1,1,2,1,1,,,,,,,,
8.48727,124.63,8.47953,124.637,116,53,50,1,1,1,2,2,2,,,,,,,,
8.4835,124.65,8.5036,124.594,106,209,70,1,1,1,2,2,2,,,,,,,,
8.40907,124.613,8.47317,124.62,138,75,61,1,1,1,1,3,3,,,,,,,,
8.44332,124.595,8.44474,124.588,97,45,46,1,1,1,1,1,1,,,,,,,,
8.49578,124.652,8.50351,124.64,114,50,48,1,1,1,2,1,1,,,,,,,,
8.4987,124.632,8.48653,124.659,114,99,56,1,1,1,1,4,3,,,,,,,,
8.47245,124.647,8.40596,124.601,105,270,95,1,1,1,2,1,1,,,,,,,,
8.43078,124.617,8.46393,124.625,125,61,53,1,1,1,2,4,4,,,,,,,,
8.48552,124.639,8.48125,124.629,109,64,54,1,1,1,1,1,2,,,,,,,,
8.47263,124.63,8.47266,124.638,126,54,52,1,1,1,1,2,1,,,,,,,,
8.48474,124.638,8.49839,124.638,120,72,54,1,1,1,2,1,1,,,,,,,,
8.47435,124.615,8.4619,124.606,132,63,58,1,1,1,2,1,1,,,,,,,,
8.29581,124.531,8.3083,124.545,99,47,47,1,1,1,1,1,1,,,,,,,,
8.47437,124.615,8.48165,124.607,123,72,64,1,1,1,2,1,1,,,,,,,,
8.47311,124.635,8.4709,124.642,114,59,58,1,1,1,1,1,1,,,,,,,,
8.47681,124.638,8.48768,124.626,107,103,65,1,1,1,1,1,1,,,,,,,,
8.47841,124.647,8.503,124.643,108,139,72,1,1,1,2,1,1,,,,,,,,
8.50359,124.605,8.48409,124.596,133,60,52,1,1,1,2,1,1,,,,,,,,
8.47191,124.627,8.47537,124.628,120,46,46,1,1,1,1,1,1,,,,,,,,
8.39142,124.52,8.39622,124.558,143,61,59,1,1,1,1,2,2,,,,,,,,
8.49377,124.641,8.48112,124.629,135,73,58,1,1,1,2,1,1,,,,,,,,
8.50453,124.633,8.4925,124.633,111,50,47,1,1,1,1,2,1,,,,,,,,
8.39888,124.56,8.4748,124.622,146,102,91,1,1,1,2,4,4,,,,,,,,
8.47859,124.628,8.47166,124.64,168,74,61,1,1,1,2,2,2,,,,,,,,
8.48502,124.646,8.50298,124.641,115,84,54,1,1,1,2,1,1,,,,,,,,
8.47155,124.629,8.46533,124.626,115,49,48,1,1,1,2,1,1,,,,,,,,
8.50676,124.654,8.50884,124.649,109,45,45,1,1,1,1,1,1,,,,,,,,
8.48462,124.639,8.48156,124.637,119,48,48,1,1,1,1,1,1,,,,,,,,
8.4886,124.641,8.48266,124.646,109,55,51,1,1,1,2,1,1,,,,,,,,
8.48814,124.658,8.47933,124.638,109,75,68,1,1,1,1,4,3,,,,,,,,
8.47191,124.639,8.4705,124.643,121,46,48,1,1,1,1,1,1,,,,,,,,
8.31153,124.553,8.29261,124.521,99,49,49,1,1,1,1,1,1,,,,,,,,
8.46285,124.632,8.45821,124.633,101,44,46,1,1,1,2,1,1,,,,,,,,
8.47741,124.649,8.47578,124.646,115,46,47,1,1,1,2,1,1,,,,,,,,
8.48539,124.637,8.48539,124.637,115,46,47,1,1,1,1,1,1,,,,,,,,
8.49878,124.635,8.49634,124.635,100,44,44,1,1,1,1,1,1,,,,,,,,
8.51382,124.639,8.50467,124.637,110,48,48,1,1,1,1,2,2,,,,,,,,
8.48329,124.594,8.50429,124.615,131,64,55,1,1,1,1,2,1,,,,,,,,
8.48983,124.65,8.50231,124.645,111,56,49,1,1,1,2,1,1,,,,,,,,
8.48891,124.652,8.48608,124.65,109,44,45,1,1,1,1,1,1,,,,,,,,
8.50076,124.635,8.48233,124.638,113,55,52,1,1,1,2,1,1,,,,,,,,
8.49524,124.652,8.47741,124.649,112,61,52,1,1,1,2,3,4,,,,,,,,
8.47759,124.649,8.5125,124.637,118,160,74,1,1,1,2,3,3,,,,,,,,
8.49972,124.632,8.48489,124.655,108,91,54,1,1,1,1,2,1,,,,,,,,
8.49849,124.631,8.48528,124.654,112,76,53,1,1,1,1,4,2,,,,,,,,
8.45929,124.615,8.4665,124.611,95,47,45,1,1,1,1,1,1,,,,,,,,
8.4601,124.626,8.46051,124.626,115,45,46,1,1,1,1,1,1,,,,,,,,
8.47661,124.638,8.48321,124.638,113,49,48,1,1,1,1,1,1,,,,,,,,
8.29113,124.521,8.29159,124.522,99,46,45,1,1,1,1,1,1,,,,,,,,
8.48777,124.627,8.48577,124.636,106,47,46,1,1,1,1,1,1,,,,,,,,
8.47847,124.638,8.49957,124.623,115,129,65,1,1,1,2,1,1,,,,,,,,
8.47627,124.599,8.45065,124.583,130,61,49,1,1,1,2,1,1,,,,,,,,
8.48671,124.647,8.49302,124.632,108,63,51,1,1,1,1,2,1,,,,,,,,
8.29831,124.579,8.4317,124.617,139,57,55,1,1,1,2,2,2,,,,,,,,
8.47408,124.628,8.47051,124.646,117,76,58,1,1,1,1,2,2,,,,,,,,
8.47224,124.635,8.47311,124.635,117,46,49,1,1,1,2,1,1,,,,,,,,
8.47827,124.628,8.47429,124.647,163,89,65,1,1,1,1,2,4,,,,,,,,
8.50912,124.647,8.48688,124.646,113,58,54,1,1,1,2,2,2,,,,,,,,
8.48608,124.65,8.50335,124.601,123,191,67,1,1,1,2,2,2,,,,,,,,
8.44037,124.571,8.47586,124.612,109,53,54,1,1,1,2,2,2,,,,,,,,
8.49358,124.627,8.47779,124.643,116,76,59,1,1,1,2,4,2,,,,,,,,
8.48074,124.658,8.48303,124.658,111,46,48,1,1,1,1,1,1,,,,,,,,
8.48528,124.654,8.49936,124.632,112,91,56,1,1,1,1,1,1,,,,,,,,
8.47336,124.607,8.472,124.618,125,51,54,1,1,1,1,1,1,,,,,,,,
8.47661,124.638,8.47548,124.647,118,55,46,1,1,1,2,1,1,,,,,,,,
8.47305,124.636,8.47346,124.608,115,154,91,1,1,1,2,2,1,,,,,,,,
8.37374,124.611,8.41015,124.612,161,48,50,1,1,1,1,3,3,,,,,,,,
8.50071,124.635,8.49411,124.638,99,45,45,1,1,1,1,1,1,,,,,,,,
8.39491,124.522,8.38823,124.514,127,47,46,1,1,1,2,1,1,,,,,,,,
8.37332,124.609,8.40394,124.611,160,48,50,1,1,1,1,2,2,,,,,,,,
8.51266,124.625,8.48445,124.639,121,76,54,1,1,1,2,1,2,,,,,,,,
8.48653,124.659,8.50046,124.632,111,101,67,1,1,1,1,1,1,,,,,,,,
8.47559,124.613,8.47498,124.613,128,47,48,1,1,1,1,1,1,,,,,,,,
8.4786,124.627,8.4803,124.637,159,61,58,1,1,1,2,3,3,,,,,,,,
8.44757,124.586,8.48137,124.629,107,65,74,1,1,1,2,6,3,,,,,,,,
8.4811,124.638,8.48552,124.652,116,88,57,1,1,1,2,2,2,,,,,,,,
8.45535,124.624,8.43616,124.62,122,52,49,1,1,1,2,1,1,,,,,,,,
8.44605,124.58,8.44353,124.577,97,44,45,1,1,1,1,1,1,,,,,,,,
8.42636,124.61,8.45482,124.641,105,120,68,1,1,1,2,1,1,,,,,,,,
8.47571,124.626,8.47277,124.619,180,51,51,1,1,1,2,1,1,,,,,,,,
8.49383,124.641,8.49873,124.642,108,45,46,1,1,1,2,1,1,,,,,,,,
8.48447,124.639,8.42629,124.61,128,248,121,1,1,1,2,4,4,,,,,,,,
8.46051,124.626,8.48666,124.633,122,108,88,1,1,1,1,1,1,,,,,,,,
8.49914,124.635,8.50467,124.633,110,46,44,1,1,1,2,1,1,,,,,,,,
8.48583,124.639,8.50815,124.649,110,120,56,1,1,1,2,1,1,,,,,,,,
8.47823,124.656,8.48066,124.637,118,64,52,1,1,1,2,3,3,,,,,,,,
8.48733,124.63,8.4846,124.639,114,48,47,1,1,1,2,1,1,,,,,,,,
8.48699,124.63,8.47703,124.638,114,59,51,1,1,1,2,3,3,,,,,,,,
8.47171,124.64,8.4845,124.659,129,133,72,1,1,1,2,3,3,,,,,,,,
8.41935,124.613,8.40028,124.562,147,113,57,1,1,1,2,1,1,,,,,,,,
8.48707,124.639,8.51012,124.637,109,117,55,1,1,1,2,1,1,,,,,,,,
8.42998,124.615,8.41061,124.604,104,54,51,1,1,1,2,1,1,,,,,,,,
8.46775,124.609,8.4655,124.626,119,59,53,1,1,1,1,2,2,,,,,,,,
8.50425,124.614,8.50329,124.595,109,52,48,1,1,1,2,1,1,,,,,,,,
8.48473,124.638,8.50385,124.608,124,166,76,1,1,1,2,2,2,,,,,,,,
8.49037,124.64,8.47305,124.636,120,71,56,1,1,1,1,1,1,,,,,,,,
8.47409,124.614,8.48113,124.606,121,71,65,1,1,1,2,1,1,,,,,,,,
8.5035,124.621,8.48159,124.629,118,64,53,1,1,1,2,2,3,,,,,,,,
8.47254,124.626,8.47547,124.647,149,95,62,1,1,1,2,4,4,,,,,,,,
8.50458,124.624,8.50344,124.627,113,46,47,1,1,1,2,1,1,,,,,,,,
8.476,124.611,8.4918,124.612,120,99,74,1,1,1,2,1,1,,,,,,,,
8.5097,124.637,8.50305,124.642,107,48,49,1,1,1,1,1,1,,,,,,,,
8.4285,124.614,8.47015,124.629,133,57,56,1,1,1,2,3,3,,,,,,,,
8.49608,124.636,8.50507,124.634,107,47,46,1,1,1,2,1,1,,,,,,,,
8.48235,124.63,8.49118,124.628,130,102,74,1,1,1,2,4,4,,,,,,,,
8.46769,124.587,8.4762,124.626,133,65,64,1,1,1,1,3,4,,,,,,,,
8.47305,124.636,8.47067,124.634,119,47,49,1,1,1,2,1,1,,,,,,,,
8.47816,124.646,8.49429,124.632,131,113,59,1,1,1,2,3,3,,,,,,,,
8.40028,124.562,8.37832,124.515,129,70,67,1,1,1,2,1,1,,,,,,,,
8.47689,124.6,8.48047,124.611,113,46,46,1,1,1,1,1,1,,,,,,,,
8.51247,124.618,8.48231,124.635,126,89,67,1,1,1,2,5,4,,,,,,,,
8.42439,124.609,8.42163,124.633,105,53,52,1,1,1,1,1,1,,,,,,,,
8.47738,124.643,8.48192,124.637,117,53,48,1,1,1,2,2,2,,,,,,,,
8.4981,124.65,8.51277,124.627,112,70,50,1,1,1,2,1,1,,,,,,,,
8.48703,124.646,8.48688,124.631,114,69,54,1,1,1,1,2,2,,,,,,,,
8.48638,124.648,8.48687,124.633,107,67,55,1,1,1,1,2,2,,,,,,,,
8.45801,124.625,8.46994,124.646,117,85,63,1,1,1,2,2,2,,,,,,,,
8.49716,124.642,8.503,124.641,108,46,45,1,1,1,2,1,1,,,,,,,,
8.47847,124.628,8.47382,124.598,130,135,76,1,1,1,2,1,1,,,,,,,,
8.51202,124.63,8.50801,124.637,112,44,45,1,1,1,1,1,1,,,,,,,,
8.48529,124.637,8.47727,124.638,116,53,50,1,1,1,1,1,1,,,,,,,,
8.49001,124.657,8.50755,124.637,113,72,50,1,1,1,2,3,1,,,,,,,,
8.48077,124.658,8.48653,124.659,109,45,49,1,1,1,2,1,1,,,,,,,,
8.50303,124.641,8.50305,124.642,108,45,47,1,1,1,1,1,1,,,,,,,,
8.47281,124.604,8.47453,124.579,107,91,61,1,1,1,2,1,1,,,,,,,,
8.47563,124.613,8.47621,124.629,136,63,65,1,1,1,1,2,2,,,,,,,,
8.49965,124.6,8.48885,124.603,120,49,47,1,1,1,2,1,1,,,,,,,,
8.42722,124.616,8.47571,124.626,146,75,63,1,1,1,1,4,5,,,,,,,,
8.50439,124.621,8.50437,124.62,113,46,46,1,1,1,1,1,1,,,,,,,,
8.37572,124.507,8.38539,124.514,123,47,49,1,1,1,1,1,1,,,,,,,,
8.41868,124.613,8.39749,124.612,142,50,47,1,1,1,2,1,1,,,,,,,,
8.39504,124.523,8.45797,124.622,145,79,82,1,1,1,2,4,4,,,,,,,,
8.47931,124.637,8.49385,124.638,100,83,62,1,1,1,1,1,1,,,,,,,,
8.4611,124.626,8.42269,124.609,126,121,54,1,1,1,2,1,1,,,,,,,,
8.47866,124.628,8.50436,124.618,175,192,129,1,1,1,2,9,10,,,,,,,,
8.48452,124.639,8.49156,124.628,120,66,53,1,1,1,2,1,1,,,,,,,,
8.49741,124.631,8.48434,124.658,111,86,53,1,1,1,1,1,1,,,,,,,,
8.48491,124.655,8.50435,124.619,109,136,59,1,1,1,2,4,2,,,,,,,,
8.49172,124.641,8.48315,124.646,110,56,52,1,1,1,2,1,2,,,,,,,,
8.48571,124.636,8.48101,124.637,110,49,51,1,1,1,2,2,1,,,,,,,,
8.48462,124.639,8.48925,124.603,124,223,185,1,1,1,2,3,3,,,,,,,,
8.48814,124.649,8.4921,124.651,108,45,46,1,1,1,2,1,1,,,,,,,,
8.51277,124.627,8.50208,124.646,111,55,48,1,1,1,1,1,1,,,,,,,,
8.47288,124.638,8.47719,124.629,133,61,62,1,1,1,2,1,1,,,,,,,,
8.39828,124.612,8.30458,124.58,164,125,50,1,1,1,2,1,1,,,,,,,,
8.48678,124.647,8.47997,124.643,109,48,46,1,1,1,2,1,1,,,,,,,,
8.50492,124.634,8.50521,124.634,104,44,45,1,1,1,2,1,1,,,,,,,,
8.48109,124.645,8.4981,124.65,109,84,49,1,1,1,2,1,1,,,,,,,,
8.45765,124.625,8.4192,124.613,127,112,53,1,1,1,2,1,1,,,,,,,,
8.49378,124.632,8.48259,124.644,122,62,55,1,1,1,2,1,1,,,,,,,,
8.48764,124.66,8.50299,124.641,113,61,49,1,1,1,2,3,3,,,,,,,,
8.42793,124.617,8.19412,124.533,115,402,103,1,1,1,2,1,1,,,,,,,,
8.4889,124.64,8.48842,124.641,109,44,46,1,1,1,2,1,1,,,,,,,,
8.4692,124.633,8.46966,124.633,100,45,45,1,1,1,1,1,1,,,,,,,,
8.50107,124.623,8.48531,124.637,113,50,48,1,1,1,1,1,1,,,,,,,,
8.49014,124.653,8.49207,124.654,108,44,47,1,1,1,2,1,1,,,,,,,,
8.47693,124.629,8.47093,124.646,170,82,62,1,1,1,2,2,3,,,,,,,,
8.47893,124.628,8.51166,124.637,176,182,97,1,1,1,2,5,4,,,,,,,,
8.47341,124.63,8.45489,124.624,126,88,52,1,1,1,2,1,1,,,,,,,,
8.40041,124.563,8.40683,124.612,143,62,54,1,1,1,2,2,3,,,,,,,,
8.47307,124.636,8.45231,124.632,107,105,54,1,1,1,2,1,1,,,,,,,,
8.50905,124.648,8.50899,124.648,107,44,45,1,1,1,1,1,1,,,,,,,,
8.48868,124.641,8.48614,124.639,106,47,47,1,1,1,1,1,1,,,,,,,,
8.46144,124.626,8.44415,124.621,117,57,52,1,1,1,2,1,1,,,,,,,,
8.48764,124.66,8.48077,124.658,115,46,47,1,1,1,2,2,2,,,,,,,,
8.47204,124.618,8.47178,124.64,128,81,71,1,1,1,1,4,4,,,,,,,,
8.44875,124.64,8.42202,124.633,96,47,47,1,1,1,1,1,1,,,,,,,,
8.46843,124.609,8.46295,124.612,102,58,58,1,1,1,1,1,1,,,,,,,,
8.48109,124.645,8.48611,124.647,110,47,46,1,1,1,2,1,1,,,,,,,,
8.42653,124.611,8.44472,124.622,135,51,48,1,1,1,2,2,2,,,,,,,,
8.47103,124.643,8.47863,124.627,118,67,56,1,1,1,2,1,1,,,,,,,,
8.4811,124.638,8.50755,124.637,115,130,66,1,1,1,2,1,1,,,,,,,,
8.4832,124.638,8.48733,124.63,109,59,52,1,1,1,1,1,1,,,,,,,,
8.47663,124.629,8.47518,124.646,120,87,68,1,1,1,2,4,4,,,,,,,,
8.49669,124.635,8.48175,124.636,103,52,51,1,1,1,2,4,2,,,,,,,,
8.48598,124.65,8.4899,124.637,128,55,50,1,1,1,2,2,2,,,,,,,,
8.48359,124.594,8.50088,124.6,127,52,52,1,1,1,1,1,1,,,,,,,,
8.50851,124.624,8.48657,124.648,121,77,52,1,1,1,2,3,2,,,,,,,,
8.47631,124.638,8.47032,124.629,116,73,53,1,1,1,2,1,1,,,,,,,,
8.47337,124.608,8.47478,124.624,136,57,57,1,1,1,2,2,2,,,,,,,,
8.48166,124.645,8.50188,124.647,105,95,51,1,1,1,2,1,1,,,,,,,,
8.48686,124.631,8.48831,124.642,115,55,54,1,1,1,2,1,1,,,,,,,,
8.48292,124.639,8.48589,124.65,122,85,60,1,1,1,2,1,2,,,,,,,,
8.48822,124.642,8.48561,124.652,109,52,48,1,1,1,1,1,1,,,,,,,,
8.47796,124.627,8.38699,124.61,165,304,94,1,1,1,2,2,2,,,,,,,,
8.44965,124.632,8.45045,124.632,101,43,46,1,1,1,1,1,1,,,,,,,,
8.50148,124.633,8.49183,124.633,108,48,46,1,1,1,1,2,1,,,,,,,,
8.50484,124.643,8.48787,124.643,110,59,53,1,1,1,1,1,3,,,,,,,,
8.47661,124.638,8.48724,124.63,114,78,59,1,1,1,2,3,3,,,,,,,,
8.48371,124.61,8.46044,124.584,115,61,48,1,1,1,2,1,1,,,,,,,,
8.47539,124.646,8.48693,124.659,140,94,59,1,1,1,2,3,2,,,,,,,,
8.47779,124.643,8.48607,124.635,111,80,59,1,1,1,2,3,2,,,,,,,,
8.47979,124.637,8.48696,124.633,121,61,56,1,1,1,2,1,1,,,,,,,,
8.49725,124.642,8.50305,124.642,109,46,46,1,1,1,2,1,1,,,,,,,,
8.47471,124.625,8.43125,124.617,179,188,66,1,1,1,2,2,2,,,,,,,,
8.48259,124.644,8.50912,124.647,115,142,61,1,1,1,1,1,1,,,,,,,,
8.47681,124.638,8.42434,124.61,115,241,80,1,1,1,2,1,1,,,,,,,,
8.50453,124.633,8.5045,124.62,119,49,48,1,1,1,2,2,2,,,,,,,,
8.43474,124.619,8.45991,124.626,138,54,47,1,1,1,2,2,1,,,,,,,,
8.50303,124.641,8.50304,124.642,106,45,45,1,1,1,1,1,1,,,,,,,,
8.47424,124.62,8.47261,124.619,125,46,49,1,1,1,2,1,1,,,,,,,,
8.47424,124.613,8.47344,124.608,126,50,50,1,1,1,2,1,1,,,,,,,,
8.51248,124.629,8.49837,124.65,111,59,50,1,1,1,1,1,1,,,,,,,,
8.49107,124.651,8.50305,124.642,110,66,61,1,1,1,2,1,1,,,,,,,,
8.49507,124.652,8.48026,124.657,110,62,53,1,1,1,2,3,3,,,,,,,,
8.47496,124.623,8.47354,124.609,131,69,63,1,1,1,2,1,1,,,,,,,,
8.50906,124.648,8.48463,124.647,114,57,51,1,1,1,2,2,2,,,,,,,,
8.47424,124.631,8.47421,124.631,124,46,48,1,1,1,2,1,1,,,,,,,,
8.49015,124.64,8.48812,124.642,113,46,45,1,1,1,2,1,1,,,,,,,,
8.4973,124.631,8.49247,124.633,111,46,44,1,1,1,2,1,1,,,,,,,,
8.48558,124.652,8.48644,124.648,111,45,44,1,1,1,1,1,1,,,,,,,,
8.47107,124.643,8.47544,124.613,118,136,66,1,1,1,2,1,1,,,,,,,,
8.47301,124.636,8.43889,124.62,126,172,70,1,1,1,2,1,1,,,,,,,,
8.49725,124.642,8.50985,124.643,103,50,45,1,1,1,2,1,1,,,,,,,,
8.50256,124.627,8.48448,124.645,123,65,51,1,1,1,2,1,1,,,,,,,,
8.48133,124.637,8.39888,124.56,165,324,324,1,1,1,2,2,2,,,,,,,,
8.47321,124.638,8.4705,124.643,120,51,47,1,1,1,2,1,1,,,,,,,,
8.47931,124.637,8.47828,124.633,117,51,52,1,1,1,2,1,1,,,,,,,,
8.44003,124.564,8.47457,124.622,109,59,64,1,1,1,2,5,3,,,,,,,,
8.46061,124.626,8.47032,124.629,114,49,49,1,1,1,1,1,1,,,,,,,,
8.46994,124.646,8.47117,124.643,118,47,48,1,1,1,1,1,1,,,,,,,,
8.48722,124.63,8.49055,124.628,114,61,53,1,1,1,2,1,1,,,,,,,,
8.47479,124.625,8.47196,124.639,133,70,61,1,1,1,2,3,3,,,,,,,,
8.47549,124.647,8.47559,124.645,127,46,49,1,1,1,2,1,1,,,,,,,,
8.47849,124.646,8.48633,124.648,113,52,48,1,1,1,1,1,1,,,,,,,,
8.47908,124.628,8.49517,124.641,111,125,81,1,1,1,2,6,6,,,,,,,,
8.40082,124.61,8.45475,124.624,138,60,53,1,1,1,1,4,2,,,,,,,,
8.49876,124.624,8.49843,124.621,112,45,47,1,1,1,2,1,1,,,,,,,,
8.47472,124.596,8.47346,124.608,138,48,47,1,1,1,2,1,1,,,,,,,,
8.48477,124.659,8.48366,124.657,108,46,47,1,1,1,1,1,1,,,,,,,,
8.5047,124.643,8.48891,124.64,116,54,48,1,1,1,2,2,2,,,,,,,,
8.51248,124.629,8.49216,124.654,117,71,50,1,1,1,2,1,1,,,,,,,,
8.4302,124.616,8.42927,124.62,132,51,58,1,1,1,1,1,1,,,,,,,,
8.43922,124.563,8.43999,124.564,101,45,48,1,1,1,1,1,1,,,,,,,,
8.37267,124.561,8.43139,124.617,109,58,58,1,1,1,2,4,4,,,,,,,,
8.47062,124.646,8.47274,124.646,118,45,47,1,1,1,1,1,1,,,,,,,,
8.47859,124.643,8.47724,124.65,112,49,46,1,1,1,1,2,1,,,,,,,,
8.43482,124.619,8.47424,124.631,142,63,52,1,1,1,2,2,2,,,,,,,,
8.50265,124.643,8.50985,124.643,105,52,51,1,1,1,2,1,1,,,,,,,,
8.474,124.62,8.48122,124.599,141,117,73,1,1,1,2,1,1,,,,,,,,
8.45445,124.632,8.46326,124.632,101,46,48,1,1,1,1,1,1,,,,,,,,
8.48072,124.63,8.48686,124.631,124,50,48,1,1,1,2,1,1,,,,,,,,
8.47288,124.63,8.47066,124.629,127,46,48,1,1,1,2,1,1,,,,,,,,
8.49758,124.631,8.49488,124.631,112,46,47,1,1,1,1,1,1,,,,,,,,
8.47311,124.635,8.51117,124.637,118,186,98,1,1,1,2,3,3,,,,,,,,
8.51012,124.637,8.48363,124.631,117,87,73,1,1,1,1,4,4,,,,,,,,
8.50046,124.632,8.48743,124.645,108,58,52,1,1,1,1,3,2,,,,,,,,
8.48485,124.656,8.5042,124.612,110,159,62,1,1,1,2,4,3,,,,,,,,
8.44073,124.568,8.47299,124.62,108,58,62,1,1,1,2,5,4,,,,,,,,
8.48671,124.647,8.48648,124.647,110,45,47,1,1,1,2,1,1,,,,,,,,
8.48466,124.657,8.5046,124.624,114,123,59,1,1,1,1,3,2,,,,,,,,
8.50512,124.643,8.47556,124.649,114,113,66,1,1,1,2,6,5,,,,,,,,
8.47506,124.58,8.47313,124.601,106,52,50,1,1,1,1,2,2,,,,,,,,
8.4793,124.637,8.45865,124.633,110,110,58,1,1,1,2,1,1,,,,,,,,
8.47773,124.644,8.48633,124.648,111,52,48,1,1,1,2,1,1,,,,,,,,
8.44971,124.64,8.42732,124.626,96,75,47,1,1,1,1,1,1,,,,,,,,
8.49438,124.626,8.49788,124.624,111,43,46,1,1,1,2,1,1,,,,,,,,
8.48068,124.638,8.49813,124.645,102,107,61,1,1,1,2,1,1,,,,,,,,
8.50912,124.647,8.49517,124.641,112,50,51,1,1,1,1,1,1,,,,,,,,
8.47015,124.645,8.47088,124.642,119,56,54,1,1,1,2,1,1,,,,,,,,
8.48577,124.636,8.48478,124.638,112,45,46,1,1,1,2,1,1,,,,,,,,
8.47261,124.619,8.4735,124.608,129,60,61,1,1,1,2,1,1,,,,,,,,
8.45373,124.632,8.47299,124.637,110,48,46,1,1,1,2,1,1,,,,,,,,
8.47345,124.595,8.49043,124.611,117,56,51,1,1,1,1,1,1,,,,,,,,
8.49065,124.64,8.5081,124.637,115,86,50,1,1,1,2,1,1,,,,,,,,
8.49296,124.632,8.50367,124.606,117,103,53,1,1,1,2,1,2,,,,,,,,
8.4803,124.637,8.47453,124.632,124,71,61,1,1,1,2,1,1,,,,,,,,
8.48274,124.638,8.48868,124.641,121,52,51,1,1,1,2,1,1,,,,,,,,
8.47455,124.622,8.29163,124.59,108,357,192,1,1,1,2,2,2,,,,,,,,
8.48583,124.639,8.50405,124.626,109,106,55,1,1,1,2,3,3,,,,,,,,
8.48748,124.639,8.499,124.637,109,61,50,1,1,1,2,1,1,,,,,,,,
8.48531,124.637,8.48891,124.64,112,49,49,1,1,1,1,1,1,,,,,,,,
8.50273,124.621,8.50247,124.631,127,72,62,1,1,1,2,1,1,,,,,,,,
8.48465,124.639,8.48592,124.659,125,111,59,1,1,1,2,2,2,,,,,,,,
8.48561,124.652,8.48472,124.659,110,46,47,1,1,1,2,1,1,,,,,,,,
8.3094,124.57,8.3111,124.553,99,46,46,1,1,1,1,1,1,,,,,,,,
8.47441,124.576,8.47337,124.62,105,61,63,1,1,1,1,3,4,,,,,,,,
8.48623,124.602,8.50327,124.627,121,59,53,1,1,1,2,2,2,,,,,,,,
8.40084,124.61,8.40245,124.584,143,48,47,1,1,1,2,1,1,,,,,,,,
8.47932,124.644,8.47881,124.645,107,44,46,1,1,1,2,1,1,,,,,,,,
8.471,124.642,8.47414,124.633,124,65,69,1,1,1,2,1,1,,,,,,,,
8.49194,124.652,8.47963,124.638,124,77,62,1,1,1,2,3,3,,,,,,,,
8.474,124.62,8.37544,124.506,124,368,393,1,1,1,2,2,2,,,,,,,,
8.49603,124.631,8.50452,124.625,114,46,45,1,1,1,1,1,1,,,,,,,,
8.48789,124.643,8.47087,124.643,116,79,58,1,1,1,2,5,5,,,,,,,,
8.47077,124.643,8.46305,124.625,115,95,60,1,1,1,2,1,1,,,,,,,,
8.43675,124.62,8.45995,124.626,123,53,47,1,1,1,1,1,2,,,,,,,,
8.48655,124.648,8.48314,124.658,112,51,47,1,1,1,2,2,1,,,,,,,,
8.48467,124.639,8.49454,124.652,121,152,108,1,1,1,2,5,4,,,,,,,,
8.49265,124.633,8.49023,124.636,114,48,56,1,1,1,1,1,1,,,,,,,,
8.47486,124.621,8.4486,124.582,140,196,80,1,1,1,2,1,1,,,,,,,,
8.45533,124.584,8.50393,124.616,129,72,55,1,1,1,2,1,1,,,,,,,,
8.47315,124.634,8.4718,124.64,113,50,52,1,1,1,1,1,1,,,,,,,,
8.48332,124.657,8.47594,124.642,110,60,54,1,1,1,1,4,4,,,,,,,,
8.50635,124.643,8.48787,124.643,104,55,52,1,1,1,1,2,1,,,,,,,,
8.48446,124.657,8.50998,124.637,117,121,65,1,1,1,2,1,1,,,,,,,,
8.48117,124.629,8.48031,124.6,103,184,105,1,1,1,2,2,2,,,,,,,,
8.47867,124.627,8.4749,124.621,134,62,71,1,1,1,2,1,1,,,,,,,,
8.211,124.534,8.37413,124.611,130,61,56,1,1,1,2,1,1,,,,,,,,
8.44253,124.573,8.46158,124.584,107,47,46,1,1,1,1,2,1,,,,,,,,
8.47301,124.636,8.47321,124.638,123,46,49,1,1,1,1,1,1,,,,,,,,
8.48779,124.63,8.49127,124.64,113,54,50,1,1,1,2,1,1,,,,,,,,
8.50321,124.64,8.50188,124.647,111,48,46,1,1,1,1,1,1,,,,,,,,
8.46693,124.61,8.45991,124.626,102,46,46,1,1,1,1,2,1,,,,,,,,
8.42442,124.609,8.45175,124.623,136,53,52,1,1,1,2,3,3,,,,,,,,
8.50071,124.635,8.50427,124.637,110,45,46,1,1,1,2,1,1,,,,,,,,
8.49245,124.652,8.50755,124.637,111,82,57,1,1,1,2,1,1,,,,,,,,
8.4311,124.617,8.40384,124.611,145,59,51,1,1,1,2,1,1,,,,,,,,
8.50046,124.632,8.50002,124.632,127,52,59,1,1,1,1,1,1,,,,,,,,
8.51084,124.623,8.50444,124.619,117,49,49,1,1,1,2,2,1,,,,,,,,
8.48066,124.637,8.49725,124.642,171,86,54,1,1,1,2,1,1,,,,,,,,
8.4846,124.639,8.48144,124.637,125,49,50,1,1,1,2,1,1,,,,,,,,
8.48235,124.63,8.40788,124.613,139,347,111,1,1,1,2,1,1,,,,,,,,
8.50387,124.608,8.48473,124.639,121,70,56,1,1,1,2,2,3,,,,,,,,
8.44601,124.631,8.4533,124.633,109,46,48,1,1,1,1,1,1,,,,,,,,
8.4603,124.614,8.46828,124.609,104,45,46,1,1,1,2,1,1,,,,,,,,
8.48244,124.644,8.50359,124.604,122,200,85,1,1,1,2,3,3,,,,,,,,
8.49023,124.636,8.49166,124.633,115,48,49,1,1,1,2,1,1,,,,,,,,
8.50344,124.627,8.4891,124.639,125,56,50,1,1,1,2,1,1,,,,,,,,
8.43355,124.64,8.46722,124.649,97,98,64,1,1,1,1,1,1,,,,,,,,
8.5066,124.654,8.4956,124.643,108,48,48,1,1,1,1,1,1,,,,,,,,
8.48737,124.645,8.48244,124.644,111,47,46,1,1,1,2,1,1,,,,,,,,
8.48462,124.639,8.47621,124.629,123,85,67,1,1,1,2,1,1,,,,,,,,
8.44648,124.631,8.45422,124.632,102,46,47,1,1,1,1,1,1,,,,,,,,
8.4778,124.631,8.40784,124.613,137,283,115,1,1,1,2,2,2,,,,,,,,
8.38018,124.562,8.41978,124.613,111,56,61,1,1,1,2,3,4,,,,,,,,
8.48156,124.637,8.50449,124.62,119,148,65,1,1,1,2,1,1,,,,,,,,
8.47863,124.628,8.4066,124.612,181,349,112,1,1,1,2,2,2,,,,,,,,
8.46029,124.606,8.47195,124.618,132,60,59,1,1,1,1,2,2,,,,,,,,
8.48767,124.626,8.48768,124.626,106,47,47,1,1,1,1,1,1,,,,,,,,
8.50962,124.649,8.49532,124.631,117,72,63,1,1,1,1,3,4,,,,,,,,
8.50656,124.624,8.49273,124.627,136,59,69,1,1,1,1,1,1,,,,,,,,
8.50004,124.642,8.47558,124.65,138,96,63,1,1,1,2,4,4,,,,,,,,
8.47792,124.638,8.44654,124.631,114,145,69,1,1,1,2,1,1,,,,,,,,
8.48322,124.639,8.47155,124.629,128,105,81,1,1,1,2,1,1,,,,,,,,
8.44925,124.632,8.44956,124.632,108,59,55,1,1,1,1,1,1,,,,,,,,
8.40568,124.57,8.39216,124.536,135,70,67,1,1,1,2,1,1,,,,,,,,
8.47979,124.637,8.48359,124.594,127,244,178,1,1,1,2,3,3,,,,,,,,
8.48409,124.596,8.48372,124.597,127,45,45,1,1,1,1,1,1,,,,,,,,
8.48231,124.635,8.4639,124.571,107,301,214,1,1,1,2,2,2,,,,,,,,
8.49747,124.63,8.50851,124.624,123,50,54,1,1,1,1,1,2,,,,,,,,
8.48004,124.645,8.48688,124.631,128,112,102,1,1,1,2,3,3,,,,,,,,
8.48549,124.636,8.48674,124.647,122,64,58,1,1,1,2,2,1,,,,,,,,
8.45744,124.584,8.48039,124.611,119,54,51,1,1,1,1,1,1,,,,,,,,
8.471,124.642,8.46004,124.626,118,108,61,1,1,1,2,1,1,,,,,,,,
8.47171,124.635,8.46293,124.632,108,56,49,1,1,1,2,1,1,,,,,,,,
8.48126,124.637,8.48236,124.635,116,46,48,1,1,1,2,1,1,,,,,,,,
8.49755,124.642,8.48316,124.644,109,62,56,1,1,1,1,1,2,,,,,,,,
8.47109,124.643,8.40781,124.602,104,263,75,1,1,1,2,1,1,,,,,,,,
8.4108,124.604,8.39777,124.593,108,46,44,1,1,1,2,1,1,,,,,,,,
8.49444,124.652,8.48436,124.647,112,47,45,1,1,1,2,1,1,,,,,,,,
8.47931,124.637,8.48081,124.637,114,45,48,1,1,1,2,1,1,,,,,,,,
8.47907,124.645,8.48236,124.657,114,75,57,1,1,1,2,1,1,,,,,,,,
8.49657,124.641,8.49906,124.642,114,45,46,1,1,1,2,1,1,,,,,,,,
8.48792,124.643,8.48446,124.657,107,56,48,1,1,1,1,1,1,,,,,,,,
8.48335,124.638,8.47847,124.638,110,51,49,1,1,1,1,1,1,,,,,,,,
8.39675,124.555,8.37661,124.513,133,63,62,1,1,1,2,1,1,,,,,,,,
8.46452,124.625,8.46833,124.609,118,76,50,1,1,1,2,1,1,,,,,,,,
8.4722,124.618,8.3976,124.598,131,262,82,1,1,1,2,2,2,,,,,,,,
8.48653,124.602,8.48706,124.603,118,46,45,1,1,1,1,1,1,,,,,,,,
8.47824,124.656,8.47924,124.637,111,61,52,1,1,1,2,2,2,,,,,,,,
8.47703,124.638,8.49914,124.635,119,114,65,1,1,1,2,1,1,,,,,,,,
8.47446,124.61,8.476,124.611,125,46,49,1,1,1,1,1,1,,,,,,,,
8.47341,124.63,8.47338,124.632,121,48,50,1,1,1,1,1,1,,,,,,,,
8.48332,124.657,8.49315,124.632,111,71,55,1,1,1,2,2,2,,,,,,,,
8.46281,124.612,8.46416,124.611,96,45,44,1,1,1,1,1,1,,,,,,,,
8.47284,124.634,8.48531,124.637,135,77,60,1,1,1,2,1,1,,,,,,,,
8.40749,124.569,8.3792,124.563,111,56,52,1,1,1,2,1,1,,,,,,,,
8.47494,124.623,8.47636,124.585,106,201,90,1,1,1,2,1,1,,,,,,,,
8.47955,124.643,8.48953,124.594,101,249,224,1,1,1,2,3,3,,,,,,,,
8.50305,124.642,8.49107,124.651,111,58,50,1,1,1,1,1,1,,,,,,,,
8.50111,124.642,8.50368,124.626,112,71,56,1,1,1,2,1,1,,,,,,,,
8.48462,124.639,8.48466,124.657,122,101,57,1,1,1,2,1,1,,,,,,,,
8.4783,124.656,8.48101,124.637,109,65,54,1,1,1,2,3,3,,,,,,,,
8.47233,124.639,8.4855,124.652,129,108,64,1,1,1,2,2,3,,,,,,,,
8.49211,124.641,8.50565,124.638,110,64,49,1,1,1,2,1,1,,,,,,,,
8.50905,124.643,8.50245,124.643,105,45,45,1,1,1,1,1,1,,,,,,,,
8.47742,124.627,8.47491,124.629,130,47,48,1,1,1,1,1,1,,,,,,,,
8.47053,124.643,8.4779,124.645,117,52,53,1,1,1,1,2,2,,,,,,,,
8.45616,124.624,8.4598,124.626,118,45,45,1,1,1,1,1,1,,,,,,,,
8.48158,124.607,8.48672,124.61,106,45,45,1,1,1,1,1,1,,,,,,,,
8.472,124.617,8.4735,124.644,130,96,80,1,1,1,2,4,5,,,,,,,,
8.48341,124.597,8.46005,124.566,104,67,52,1,1,1,2,1,1,,,,,,,,
8.42577,124.615,8.48214,124.63,142,79,62,1,1,1,2,4,4,,,,,,,,
8.50776,124.637,8.47666,124.65,111,116,78,1,1,1,1,5,4,,,,,,,,
8.49894,124.642,8.47549,124.649,117,89,61,1,1,1,2,3,4,,,,,,,,
8.48577,124.636,8.48655,124.632,110,46,46,1,1,1,1,1,1,,,,,,,,
8.47248,124.63,8.47426,124.631,121,45,48,1,1,1,2,1,1,,,,,,,,
8.48792,124.643,8.48109,124.645,108,52,49,1,1,1,2,1,1,,,,,,,,
8.46414,124.625,8.46426,124.625,114,45,46,1,1,1,1,1,1,,,,,,,,
8.48004,124.645,8.48592,124.659,114,76,50,1,1,1,1,1,1,,,,,,,,
8.503,124.641,8.48469,124.639,121,60,52,1,1,1,2,1,2,,,,,,,,
8.47684,124.586,8.48366,124.597,106,46,46,1,1,1,1,1,1,,,,,,,,
8.30918,124.572,8.31222,124.554,99,46,46,1,1,1,1,1,1,,,,,,,,
8.50866,124.649,8.47301,124.638,128,95,64,1,1,1,2,4,6,,,,,,,,
8.44359,124.593,8.47306,124.62,108,56,60,1,1,1,2,3,3,,,,,,,,
8.48425,124.658,8.48489,124.655,106,44,46,1,1,1,2,1,1,,,,,,,,
8.49156,124.628,8.50606,124.625,114,54,47,1,1,1,2,1,1,,,,,,,,
8.45283,124.632,8.44559,124.633,101,45,47,1,1,1,2,1,1,,,,,,,,
8.48395,124.657,8.47993,124.656,107,46,47,1,1,1,2,1,1,,,,,,,,
8.50434,124.618,8.49043,124.611,107,54,49,1,1,1,2,1,1,,,,,,,,
8.40069,124.611,8.37821,124.61,162,47,47,1,1,1,2,1,1,,,,,,,,
8.3801,124.61,8.38646,124.61,160,45,45,1,1,1,1,1,1,,,,,,,,
8.47313,124.601,8.47314,124.602,129,46,46,1,1,1,1,1,1,,,,,,,,
8.47873,124.638,8.48773,124.627,108,96,65,1,1,1,1,1,1,,,,,,,,
8.37777,124.61,8.43482,124.619,160,51,53,1,1,1,1,3,3,,,,,,,,
8.49444,124.652,8.51088,124.637,110,68,51,1,1,1,2,1,1,,,,,,,,
8.4749,124.621,8.25354,124.564,110,367,157,1,1,1,2,2,2,,,,,,,,
8.47827,124.655,8.47977,124.656,106,45,59,1,1,1,1,1,1,,,,,,,,
8.47302,124.628,8.47507,124.631,125,44,47,1,1,1,1,1,1,,,,,,,,
8.39731,124.557,8.37545,124.511,134,69,68,1,1,1,2,1,1,,,,,,,,
8.47461,124.622,8.29378,124.59,108,357,191,1,1,1,2,2,2,,,,,,,,
8.50427,124.614,8.50088,124.6,116,52,47,1,1,1,2,1,1,,,,,,,,
8.37158,124.561,8.39234,124.557,96,45,47,1,1,1,1,1,1,,,,,,,,
8.4749,124.631,8.47303,124.635,120,49,51,1,1,1,1,1,1,,,,,,,,
8.47425,124.647,8.47867,124.627,128,101,75,1,1,1,2,5,5,,,,,,,,
8.47617,124.643,8.48614,124.639,106,65,50,1,1,1,1,2,2,,,,,,,,
8.47306,124.633,8.47134,124.643,125,61,56,1,1,1,1,2,1,,,,,,,,
8.47082,124.629,8.47032,124.629,116,46,47,1,1,1,2,1,1,,,,,,,,
8.50289,124.633,8.4852,124.654,109,88,55,1,1,1,1,3,3,,,,,,,,
8.49846,124.642,8.5028,124.643,109,45,46,1,1,1,2,1,1,,,,,,,,
8.47401,124.648,8.47295,124.645,125,44,47,1,1,1,2,1,1,,,,,,,,
8.48842,124.641,8.50911,124.647,109,105,54,1,1,1,2,1,1,,,,,,,,
8.4839,124.657,8.51382,124.639,110,142,70,1,1,1,2,1,2,,,,,,,,
8.48722,124.63,8.49923,124.623,111,57,48,1,1,1,2,1,1,,,,,,,,
8.51052,124.615,8.48925,124.603,120,62,49,1,1,1,2,1,1,,,,,,,,
8.40683,124.612,8.45175,124.623,138,58,56,1,1,1,1,3,3,,,,,,,,
8.47844,124.643,8.48891,124.64,111,82,53,1,1,1,1,2,2,,,,,,,,
8.42802,124.622,8.43078,124.617,111,45,47,1,1,1,2,1,1,,,,,,,,
8.47252,124.616,8.47186,124.639,128,80,73,1,1,1,1,4,4,,,,,,,,
8.485,124.638,8.49041,124.628,115,62,50,1,1,1,2,1,1,,,,,,,,
8.45458,124.632,8.45525,124.632,101,45,46,1,1,1,1,1,1,,,,,,,,
8.50342,124.636,8.49701,124.64,109,46,45,1,1,1,1,1,1,,,,,,,,
8.47138,124.617,8.37429,124.512,132,364,339,1,1,1,2,2,2,,,,,,,,
8.50565,124.638,8.48209,124.644,110,87,67,1,1,1,1,1,4,,,,,,,,
8.42934,124.617,8.40621,124.57,147,144,67,1,1,1,2,1,1,,,,,,,,
8.47796,124.627,8.41162,124.612,169,251,87,1,1,1,2,2,2,,,,,,,,
8.25069,124.558,8.2399,124.553,102,45,46,1,1,1,1,1,1,,,,,,,,
8.48688,124.631,8.48166,124.645,119,72,58,1,1,1,1,3,4,,,,,,,,
8.48015,124.638,8.48687,124.631,113,64,57,1,1,1,2,1,1,,,,,,,,
8.45592,124.624,8.48229,124.649,126,128,82,1,1,1,2,4,4,,,,,,,,
8.47482,124.623,8.39247,124.549,124,346,234,1,1,1,2,1,1,,,,,,,,
8.50476,124.639,8.49695,124.642,123,52,49,1,1,1,1,2,2,,,,,,,,
8.47334,124.607,8.47494,124.623,128,60,59,1,1,1,1,2,2,,,,,,,,
8.48321,124.657,8.50533,124.615,112,160,76,1,1,1,2,4,4,,,,,,,,
8.47424,124.631,8.45489,124.624,128,96,56,1,1,1,2,1,1,,,,,,,,
8.48553,124.648,8.48446,124.657,112,51,46,1,1,1,1,1,1,,,,,,,,
8.47661,124.646,8.51261,124.624,127,180,90,1,1,1,2,3,3,,,,,,,,
8.501,124.647,8.50934,124.637,112,50,49,1,1,1,2,1,1,,,,,,,,
8.48491,124.647,8.48789,124.643,112,48,45,1,1,1,2,1,1,,,,,,,,
8.45055,124.623,8.4733,124.63,122,52,51,1,1,1,2,3,3,,,,,,,,
8.30984,124.546,8.30651,124.544,100,44,46,1,1,1,1,1,1,,,,,,,,
8.4846,124.639,8.51117,124.637,122,130,58,1,1,1,2,1,1,,,,,,,,
8.50407,124.611,8.49417,124.593,102,57,50,1,1,1,2,1,1,,,,,,,,
8.48436,124.647,8.48691,124.631,121,82,57,1,1,1,2,3,2,,,,,,,,
8.47365,124.632,8.47422,124.631,123,46,48,1,1,1,2,1,1,,,,,,,,
8.47708,124.635,8.50421,124.62,116,147,75,1,1,1,2,3,4,,,,,,,,
8.47776,124.601,8.47459,124.597,127,44,45,1,1,1,1,1,1,,,,,,,,
8.50311,124.595,8.49598,124.652,108,119,78,1,1,1,2,5,4,,,,,,,,
8.47066,124.629,8.47293,124.63,120,44,46,1,1,1,2,1,1,,,,,,,,
8.38415,124.56,8.3854,124.559,97,44,45,1,1,1,1,1,1,,,,,,,,
8.44877,124.64,8.44883,124.641,97,44,45,1,1,1,1,1,1,,,,,,,,
8.4647,124.584,8.50112,124.616,117,75,57,1,1,1,1,1,1,,,,,,,,
8.45616,124.624,8.47316,124.63,125,50,51,1,1,1,2,1,1,,,,,,,,
8.5043,124.616,8.48387,124.657,114,115,58,1,1,1,1,3,2,,,,,,,,
8.4814,124.591,8.46202,124.568,104,56,48,1,1,1,2,1,1,,,,,,,,
8.42425,124.606,8.42426,124.606,107,44,45,1,1,1,1,1,1,,,,,,,,
8.39718,124.556,8.3806,124.516,134,62,63,1,1,1,2,1,1,,,,,,,,
8.40093,124.593,8.46088,124.619,130,77,61,1,1,1,2,5,5,,,,,,,,
8.48696,124.633,8.50933,124.637,114,126,61,1,1,1,2,1,1,,,,,,,,
8.42366,124.606,8.48503,124.632,139,83,68,1,1,1,2,7,6,,,,,,,,
8.46018,124.626,8.45124,124.623,118,48,48,1,1,1,2,1,1,,,,,,,,
8.40216,124.573,8.39693,124.557,147,49,48,1,1,1,2,1,1,,,,,,,,
8.47195,124.618,8.46449,124.571,105,219,86,1,1,1,2,1,1,,,,,,,,
8.5028,124.643,8.49773,124.642,109,47,48,1,1,1,1,1,1,,,,,,,,
8.48324,124.638,8.47539,124.646,124,69,55,1,1,1,2,3,2,,,,,,,,
8.46082,124.606,8.47256,124.647,120,110,98,1,1,1,2,6,6,,,,,,,,
8.48612,124.65,8.49735,124.631,113,79,55,1,1,1,1,2,2,,,,,,,,
8.48423,124.658,8.50417,124.612,115,165,66,1,1,1,2,4,3,,,,,,,,
8.47307,124.638,8.47303,124.635,119,46,49,1,1,1,2,1,1,,,,,,,,
8.46302,124.612,8.46806,124.609,111,45,51,1,1,1,2,1,1,,,,,,,,
8.47766,124.643,8.50054,124.593,100,248,165,1,1,1,2,3,3,,,,,,,,
8.51033,124.635,8.50223,124.646,112,51,51,1,1,1,1,1,1,,,,,,,,
8.50376,124.636,8.49127,124.64,111,47,47,1,1,1,1,2,1,,,,,,,,
8.48432,124.658,8.50766,124.637,115,108,64,1,1,1,2,1,1,,,,,,,,
8.48345,124.657,8.47822,124.656,106,48,47,1,1,1,2,1,1,,,,,,,,
8.47789,124.646,8.50188,124.647,115,116,55,1,1,1,2,1,1,,,,,,,,
8.51137,124.632,8.50876,124.636,110,45,45,1,1,1,1,1,1,,,,,,,,
8.20007,124.529,8.29947,124.579,114,57,55,1,1,1,2,1,1,,,,,,,,
8.48236,124.635,8.47581,124.631,133,57,56,1,1,1,1,1,1,,,,,,,,
8.47994,124.638,8.47703,124.638,115,46,48,1,1,1,1,1,1,,,,,,,,
8.45288,124.623,8.44018,124.62,123,49,48,1,1,1,2,1,1,,,,,,,,
8.48996,124.628,8.5026,124.644,120,144,81,1,1,1,2,3,3,,,,,,,,
8.38796,124.539,8.4317,124.617,145,77,66,1,1,1,2,3,3,,,,,,,,
8.47955,124.643,8.50909,124.647,120,156,79,1,1,1,2,1,1,,,,,,,,
8.48133,124.637,8.50111,124.642,168,96,54,1,1,1,2,1,1,,,,,,,,
8.47043,124.643,8.40793,124.602,102,261,75,1,1,1,2,1,1,,,,,,,,
8.48664,124.602,8.48982,124.604,133,45,50,1,1,1,1,1,1,,,,,,,,
8.47291,124.637,8.47519,124.631,137,54,51,1,1,1,2,1,1,,,,,,,,
8.47833,124.602,8.4804,124.61,115,46,45,1,1,1,1,1,1,,,,,,,,
8.40394,124.611,8.47608,124.63,140,72,59,1,1,1,2,2,2,,,,,,,,
8.49135,124.634,8.48178,124.592,125,217,137,1,1,1,2,1,1,,,,,,,,
8.50304,124.642,8.49876,124.624,114,109,71,1,1,1,2,3,3,,,,,,,,
8.48965,124.629,8.50409,124.62,113,52,46,1,1,1,2,1,1,,,,,,,,
8.47274,124.63,8.46235,124.625,127,65,51,1,1,1,2,1,1,,,,,,,,
8.48778,124.627,8.48563,124.636,109,46,47,1,1,1,1,1,1,,,,,,,,
8.47057,124.643,8.47428,124.615,121,131,63,1,1,1,2,1,1,,,,,,,,
8.47421,124.631,8.47212,124.639,128,60,52,1,1,1,1,1,2,,,,,,,,
8.49972,124.632,8.50507,124.634,105,45,46,1,1,1,2,1,1,,,,,,,,
8.48267,124.657,8.50435,124.619,108,142,63,1,1,1,2,3,3,,,,,,,,
8.48688,124.631,8.48782,124.628,110,46,45,1,1,1,1,1,1,,,,,,,,
8.50315,124.595,8.50305,124.642,109,75,60,1,1,1,2,5,4,,,,,,,,
8.48415,124.596,8.49752,124.602,126,51,50,1,1,1,1,1,1,,,,,,,,
8.47519,124.631,8.47829,124.628,166,46,48,1,1,1,2,1,1,,,,,,,,
8.38943,124.519,8.37587,124.513,128,52,63,1,1,1,2,1,1,,,,,,,,
8.4784,124.627,8.46365,124.584,174,191,80,1,1,1,2,1,1,,,,,,,,
8.47856,124.627,8.47336,124.607,165,103,71,1,1,1,2,1,1,,,,,,,,
8.47863,124.628,8.47492,124.646,160,83,58,1,1,1,2,2,2,,,,,,,,
8.44697,124.642,8.45857,124.641,95,45,46,1,1,1,1,1,1,,,,,,,,
8.45914,124.616,8.46681,124.61,95,45,47,1,1,1,1,1,1,,,,,,,,
8.44622,124.631,8.44965,124.632,101,45,45,1,1,1,1,1,1,,,,,,,,
8.48707,124.639,8.48469,124.639,109,45,46,1,1,1,1,1,1,,,,,,,,
8.47307,124.636,8.4762,124.626,117,64,56,1,1,1,2,1,1,,,,,,,,
8.50305,124.642,8.47688,124.635,112,86,63,1,1,1,2,2,2,,,,,,,,
8.46895,124.633,8.45501,124.632,102,50,46,1,1,1,2,1,1,,,,,,,,
8.20921,124.536,8.41954,124.613,131,67,63,1,1,1,2,2,2,,,,,,,,
8.47292,124.637,8.47182,124.64,127,46,49,1,1,1,1,1,1,,,,,,,,
8.47547,124.648,8.47558,124.65,123,45,46,1,1,1,1,1,1,,,,,,,,
8.50907,124.651,8.50292,124.643,113,47,47,1,1,1,1,1,1,,,,,,,,
8.51003,124.637,8.51099,124.637,109,45,47,1,1,1,2,1,1,,,,,,,,
8.48322,124.639,8.48324,124.638,117,46,48,1,1,1,1,1,1,,,,,,,,
8.30247,124.588,8.40384,124.611,106,50,50,1,1,1,2,2,2,,,,,,,,
8.47323,124.615,8.47336,124.607,129,59,53,1,1,1,2,1,1,,,,,,,,
8.4307,124.641,8.42803,124.621,98,60,47,1,1,1,1,1,1,,,,,,,,
8.40139,124.587,8.42577,124.615,151,59,52,1,1,1,2,1,1,,,,,,,,
8.49201,124.654,8.47759,124.649,108,52,46,1,1,1,1,2,2,,,,,,,,
8.49273,124.627,8.48688,124.631,112,46,46,1,1,1,1,1,1,,,,,,,,
8.44614,124.631,8.44796,124.631,101,45,45,1,1,1,1,1,1,,,,,,,,
8.48472,124.659,8.48525,124.654,107,47,45,1,1,1,1,1,1,,,,,,,,
8.50492,124.634,8.49035,124.636,109,48,48,1,1,1,2,1,2,,,,,,,,
8.472,124.618,8.47204,124.617,127,47,49,1,1,1,2,1,1,,,,,,,,
8.47411,124.615,8.47311,124.62,126,49,50,1,1,1,1,2,2,,,,,,,,
8.44561,124.578,8.44631,124.581,103,45,45,1,1,1,1,1,1,,,,,,,,
8.47407,124.614,8.47421,124.615,126,45,47,1,1,1,1,1,1,,,,,,,,
8.47419,124.61,8.47339,124.608,128,46,46,1,1,1,2,1,1,,,,,,,,
8.46927,124.628,8.46693,124.61,101,107,60,1,1,1,2,1,1,,,,,,,,
8.49717,124.651,8.4942,124.652,108,44,45,1,1,1,1,1,1,,,,,,,,
8.47863,124.627,8.46838,124.607,131,130,79,1,1,1,2,1,1,,,,,,,,
8.48693,124.659,8.48812,124.642,107,54,49,1,1,1,1,1,1,,,,,,,,
8.39709,124.595,8.47082,124.629,143,77,59,1,1,1,2,4,3,,,,,,,,
8.50455,124.624,8.48612,124.65,130,76,55,1,1,1,2,2,2,,,,,,,,
8.46426,124.625,8.47256,124.63,119,59,52,1,1,1,1,1,1,,,,,,,,
8.46119,124.626,8.4638,124.625,116,45,46,1,1,1,1,1,1,,,,,,,,
8.488,124.63,8.48724,124.63,110,45,46,1,1,1,1,1,1,,,,,,,,
8.48156,124.637,8.47125,124.641,121,70,58,1,1,1,2,2,2,,,,,,,,
8.50983,124.637,8.47727,124.638,115,82,63,1,1,1,2,5,3,,,,,,,,
8.47583,124.63,8.47425,124.647,128,91,67,1,1,1,2,2,3,,,,,,,,
8.50444,124.624,8.48476,124.638,116,65,53,1,1,1,2,2,1,,,,,,,,
8.48125,124.629,8.48452,124.639,125,67,60,1,1,1,2,6,6,,,,,,,,
8.48525,124.654,8.48464,124.639,112,59,52,1,1,1,2,2,1,,,,,,,,
8.48487,124.639,8.47934,124.628,118,69,57,1,1,1,2,1,2,,,,,,,,
8.49761,124.63,8.48151,124.645,123,70,57,1,1,1,2,2,1,,,,,,,,
8.40114,124.594,8.47269,124.619,130,82,63,1,1,1,2,5,5,,,,,,,,
8.50807,124.615,8.50342,124.603,120,45,45,1,1,1,2,1,1,,,,,,,,
8.47092,124.642,8.4457,124.622,118,157,62,1,1,1,2,1,1,,,,,,,,
8.50378,124.64,8.5049,124.624,113,61,52,1,1,1,2,2,2,,,,,,,,
8.47087,124.643,8.47045,124.643,116,47,47,1,1,1,2,1,1,,,,,,,,
8.47465,124.621,8.47453,124.632,127,61,61,1,1,1,1,3,3,,,,,,,,
8.50598,124.647,8.50402,124.646,108,45,46,1,1,1,1,1,1,,,,,,,,
8.50178,124.642,8.50016,124.642,109,51,49,1,1,1,1,1,1,,,,,,,,
8.47549,124.647,8.47335,124.644,128,45,47,1,1,1,2,1,1,,,,,,,,
8.44546,124.634,8.4621,124.632,101,47,48,1,1,1,1,1,1,,,,,,,,
8.4749,124.623,8.46143,124.584,141,169,71,1,1,1,2,1,1,,,,,,,,
8.47656,124.626,8.47406,124.648,131,104,72,1,1,1,1,4,4,,,,,,,,
8.47753,124.638,8.47292,124.637,116,48,47,1,1,1,2,1,1,,,,,,,,
8.50653,124.654,8.49247,124.633,108,63,56,1,1,1,1,4,4,,,,,,,,
8.47465,124.621,8.32748,124.597,139,343,94,1,1,1,2,2,2,,,,,,,,
8.47457,124.611,8.47301,124.594,138,58,50,1,1,1,2,1,1,,,,,,,,
8.38946,124.518,8.40178,124.586,142,66,67,1,1,1,2,1,1,,,,,,,,
8.47455,124.622,8.47075,124.642,126,90,67,1,1,1,1,4,4,,,,,,,,
8.47307,124.636,8.47288,124.638,119,48,48,1,1,1,2,1,1,,,,,,,,
8.47195,124.618,8.47166,124.64,129,83,72,1,1,1,1,4,3,,,,,,,,
8.47354,124.63,8.45781,124.624,131,80,55,1,1,1,2,1,1,,,,,,,,
8.48761,124.63,8.48161,124.645,119,71,57,1,1,1,2,4,4,,,,,,,,
8.4889,124.64,8.4987,124.632,113,63,53,1,1,1,2,1,1,,,,,,,,
8.50851,124.624,8.48242,124.634,121,86,72,1,1,1,1,5,4,,,,,,,,
8.49827,124.631,8.49124,124.634,111,46,47,1,1,1,1,1,1,,,,,,,,
8.38327,124.515,8.3879,124.544,124,56,55,1,1,1,1,1,1,,,,,,,,
8.47738,124.643,8.48733,124.63,122,98,64,1,1,1,2,2,2,,,,,,,,
8.47979,124.638,8.48473,124.638,116,51,48,1,1,1,1,1,1,,,,,,,,
8.47296,124.63,8.46024,124.626,128,72,52,1,1,1,2,1,1,,,,,,,,
8.50305,124.642,8.51253,124.623,111,65,49,1,1,1,2,1,1,,,,,,,,
8.46849,124.588,8.50451,124.621,135,77,55,1,1,1,2,1,1,,,,,,,,
8.48242,124.634,8.47979,124.637,130,45,48,1,1,1,1,1,1,,,,,,,,
8.48377,124.657,8.50428,124.615,109,155,64,1,1,1,2,4,4,,,,,,,,
8.48888,124.65,8.49368,124.652,109,44,45,1,1,1,2,1,1,,,,,,,,
8.51252,124.623,8.4915,124.633,118,56,50,1,1,1,1,1,2,,,,,,,,
8.38086,124.61,8.38456,124.61,158,44,46,1,1,1,1,1,1,,,,,,,,
8.39819,124.532,8.37436,124.51,126,54,52,1,1,1,2,1,1,,,,,,,,
8.50777,124.624,8.50299,124.629,118,46,47,1,1,1,2,1,1,,,,,,,,
8.45084,124.632,8.46111,124.632,101,46,47,1,1,1,1,1,1,,,,,,,,
8.48004,124.645,8.48868,124.641,116,64,52,1,1,1,1,2,2,,,,,,,,
8.16905,124.54,8.29609,124.58,115,55,59,1,1,1,2,1,1,,,,,,,,
8.48474,124.638,8.49721,124.646,108,74,55,1,1,1,2,1,1,,,,,,,,
8.47736,124.629,8.4728,124.603,128,115,74,1,1,1,2,1,1,,,,,,,,
8.48344,124.597,8.50427,124.614,130,63,55,1,1,1,1,1,2,,,,,,,,
8.40132,124.592,8.37254,124.561,111,70,55,1,1,1,2,1,1,,,,,,,,
8.47322,124.634,8.44648,124.631,109,119,52,1,1,1,2,1,1,,,,,,,,
8.46533,124.608,8.45968,124.614,102,46,47,1,1,1,1,1,1,,,,,,,,
8.50181,124.647,8.49194,124.652,111,48,47,1,1,1,2,1,1,,,,,,,,
8.49804,124.63,8.48812,124.642,119,50,51,1,1,1,2,1,1,,,,,,,,
8.47655,124.643,8.48767,124.626,101,122,72,1,1,1,1,1,1,,,,,,,,
8.43139,124.617,8.47404,124.631,144,65,55,1,1,1,2,4,4,,,,,,,,
8.47963,124.638,8.48692,124.633,117,62,56,1,1,1,2,1,1,,,,,,,,
8.49502,124.626,8.48563,124.636,114,48,47,1,1,1,1,2,2,,,,,,,,
8.49207,124.654,8.47916,124.656,108,55,51,1,1,1,2,3,3,,,,,,,,
8.50188,124.633,8.48787,124.643,107,60,54,1,1,1,1,4,3,,,,,,,,
8.47873,124.638,8.47178,124.629,120,81,61,1,1,1,2,1,1,,,,,,,,
8.48467,124.639,8.49151,124.628,120,66,52,1,1,1,2,1,1,,,,,,,,
8.4256,124.638,8.44343,124.643,96,45,46,1,1,1,1,1,1,,,,,,,,
8.4934,124.638,8.48457,124.639,121,48,50,1,1,1,2,1,1,,,,,,,,
8.4706,124.644,8.47572,124.644,121,50,49,1,1,1,2,1,1,,,,,,,,
8.47761,124.626,8.47317,124.62,171,55,51,1,1,1,2,1,1,,,,,,,,
8.40339,124.599,8.41088,124.604,96,44,45,1,1,1,1,1,1,,,,,,,,
8.28283,124.582,8.21052,124.534,102,53,50,1,1,1,1,1,1,,,,,,,,
8.50786,124.637,8.48612,124.648,112,76,60,1,1,1,1,1,1,,,,,,,,
8.50437,124.62,8.48672,124.61,107,60,51,1,1,1,2,1,1,,,,,,,,
8.50327,124.594,8.49887,124.649,110,105,69,1,1,1,2,4,5,,,,,,,,
8.17775,124.53,8.38027,124.61,126,60,62,1,1,1,2,1,1,,,,,,,,
8.50962,124.649,8.47292,124.637,131,94,84,1,1,1,2,4,3,,,,,,,,
8.47746,124.644,8.50417,124.625,116,156,81,1,1,1,2,4,4,,,,,,,,
8.44399,124.595,8.48214,124.63,108,67,74,1,1,1,2,7,4,,,,,,,,
8.50905,124.648,8.48737,124.645,113,67,63,1,1,1,2,3,4,,,,,,,,
8.48081,124.637,8.47263,124.63,124,80,61,1,1,1,2,1,1,,,,,,,,
8.4619,124.606,8.47359,124.633,122,70,70,1,1,1,1,4,4,,,,,,,,
8.47767,124.648,8.51268,124.626,119,170,88,1,1,1,2,3,3,,,,,,,,
8.47317,124.6,8.4625,124.568,106,97,57,1,1,1,2,1,1,,,,,,,,
8.48487,124.638,8.48614,124.639,113,46,48,1,1,1,1,1,1,,,,,,,,
8.49109,124.593,8.48589,124.65,100,85,60,1,1,1,2,2,2,,,,,,,,
8.30677,124.544,8.4784,124.627,119,78,77,1,1,1,2,5,5,,,,,,,,
8.49928,124.637,8.49808,124.639,109,44,46,1,1,1,1,1,1,,,,,,,,
8.41093,124.612,8.42027,124.613,136,45,46,1,1,1,1,1,1,,,,,,,,
8.47763,124.649,8.51047,124.635,112,160,80,1,1,1,2,1,1,,,,,,,,
8.48477,124.659,8.48449,124.657,108,45,46,1,1,1,2,1,1,,,,,,,,
8.47455,124.622,8.40907,124.613,135,245,70,1,1,1,2,2,2,,,,,,,,
8.5047,124.643,8.50887,124.648,111,49,47,1,1,1,2,1,1,,,,,,,,
8.37235,124.609,8.47866,124.628,168,73,71,1,1,1,2,4,4,,,,,,,,
8.50181,124.647,8.51253,124.623,112,71,51,1,1,1,2,1,1,,,,,,,,
8.47471,124.624,8.47437,124.615,183,58,56,1,1,1,2,1,1,,,,,,,,
8.48123,124.645,8.48779,124.63,122,112,82,1,1,1,2,4,4,,,,,,,,
8.48236,124.657,8.48313,124.657,106,45,47,1,1,1,2,1,1,,,,,,,,
8.47118,124.643,8.44084,124.621,120,171,63,1,1,1,1,1,1,,,,,,,,
8.50079,124.642,8.50953,124.637,110,52,49,1,1,1,2,1,1,,,,,,,,
8.47659,124.629,8.49127,124.64,168,106,78,1,1,1,2,4,4,,,,,,,,
8.30588,124.541,8.29362,124.526,99,48,48,1,1,1,1,1,1,,,,,,,,
8.45184,124.583,8.50082,124.616,118,70,55,1,1,1,2,1,1,,,,,,,,
8.48703,124.646,8.48159,124.629,121,87,59,1,1,1,1,3,3,,,,,,,,
8.47547,124.648,8.4738,124.628,127,98,68,1,1,1,2,1,1,,,,,,,,
8.3878,124.546,8.38259,124.515,126,58,57,1,1,1,2,1,1,,,,,,,,
8.50195,124.616,8.47798,124.628,159,77,61,1,1,1,2,3,4,,,,,,,,
8.48552,124.639,8.48719,124.63,111,55,48,1,1,1,2,1,1,,,,,,,,
8.47304,124.638,8.47307,124.638,116,48,51,1,1,1,1,1,1,,,,,,,,
8.37369,124.561,8.3942,124.557,108,45,46,1,1,1,1,1,1,,,,,,,,
8.48549,124.636,8.48696,124.632,116,47,48,1,1,1,2,1,1,,,,,,,,
8.46235,124.625,8.47082,124.629,115,48,47,1,1,1,1,1,1,,,,,,,,
8.49262,124.627,8.49502,124.626,112,44,46,1,1,1,2,1,1,,,,,,,,
8.44562,124.632,8.48083,124.629,109,58,53,1,1,1,2,2,1,,,,,,,,
8.49785,124.639,8.48487,124.638,111,50,50,1,1,1,2,3,1,,,,,,,,
8.48787,124.643,8.48825,124.642,109,45,46,1,1,1,1,1,1,,,,,,,,
8.47154,124.64,8.47608,124.63,119,56,52,1,1,1,2,1,1,,,,,,,,
8.48066,124.637,8.47556,124.649,162,72,52,1,1,1,2,1,1,,,,,,,,
8.48168,124.607,8.45577,124.584,116,58,48,1,1,1,2,1,1,,,,,,,,
8.47492,124.624,8.47015,124.645,134,93,65,1,1,1,2,5,5,,,,,,,,
8.3854,124.559,8.38266,124.561,97,46,45,1,1,1,1,1,1,,,,,,,,
8.51294,124.615,8.48469,124.639,126,74,55,1,1,1,2,3,3,,,,,,,,
8.50475,124.639,8.48366,124.647,110,76,60,1,1,1,1,2,3,,,,,,,,
8.50983,124.637,8.48327,124.644,116,86,75,1,1,1,1,5,2,,,,,,,,
8.48489,124.656,8.48655,124.648,108,50,47,1,1,1,1,1,1,,,,,,,,
8.48669,124.647,8.49327,124.641,110,55,51,1,1,1,2,1,1,,,,,,,,
8.47286,124.604,8.47816,124.628,140,63,62,1,1,1,2,1,2,,,,,,,,
8.44607,124.631,8.45002,124.632,102,45,46,1,1,1,1,1,1,,,,,,,,
8.47307,124.636,8.47785,124.628,117,57,52,1,1,1,2,2,2,,,,,,,,
8.46551,124.612,8.46315,124.612,95,45,46,1,1,1,1,1,1,,,,,,,,
8.29702,124.534,8.30439,124.544,98,45,46,1,1,1,1,1,1,,,,,,,,
8.47621,124.629,8.47867,124.627,126,47,48,1,1,1,2,1,1,,,,,,,,
8.49315,124.652,8.49626,124.641,110,63,54,1,1,1,1,3,2,,,,,,,,
8.47547,124.647,8.502,124.642,130,135,70,1,1,1,2,3,3,,,,,,,,
8.48909,124.658,8.48644,124.648,107,48,46,1,1,1,2,1,1,,,,,,,,
8.50387,124.64,8.47703,124.638,121,78,56,1,1,1,2,2,4,,,,,,,,
8.47606,124.642,8.4839,124.657,105,97,55,1,1,1,1,3,3,,,,,,,,
8.47928,124.637,8.50766,124.637,123,138,69,1,1,1,2,1,1,,,,,,,,
8.50024,124.623,8.50984,124.636,116,60,48,1,1,1,2,2,2,,,,,,,,
8.50305,124.642,8.47712,124.65,115,109,68,1,1,1,2,3,3,,,,,,,,
8.48061,124.637,8.47816,124.628,131,66,71,1,1,1,2,1,1,,,,,,,,
8.47788,124.634,8.48266,124.633,118,50,46,1,1,1,2,2,2,,,,,,,,
8.50398,124.61,8.48737,124.645,114,75,56,1,1,1,2,2,2,,,,,,,,
8.42841,124.62,8.42711,124.611,107,45,46,1,1,1,2,1,1,,,,,,,,
8.50428,124.615,8.50443,124.622,114,46,46,1,1,1,1,1,1,,,,,,,,
8.47835,124.656,8.47831,124.656,108,46,49,1,1,1,1,1,1,,,,,,,,
8.48737,124.645,8.48655,124.648,109,45,45,1,1,1,1,1,1,,,,,,,,
8.47844,124.643,8.46994,124.629,113,98,67,1,1,1,2,1,1,,,,,,,,
8.48196,124.638,8.45468,124.624,122,153,89,1,1,1,2,1,1,,,,,,,,
8.19103,124.532,8.19584,124.528,98,44,46,1,1,1,1,1,1,,,,,,,,
8.5126,124.624,8.48436,124.647,121,86,58,1,1,1,2,2,2,,,,,,,,
8.40261,124.611,8.47558,124.626,137,93,68,1,1,1,2,4,5,,,,,,,,
8.47271,124.619,8.47044,124.643,128,92,72,1,1,1,1,4,4,,,,,,,,
8.47419,124.647,8.47291,124.635,120,66,57,1,1,1,1,3,3,,,,,,,,
8.49521,124.637,8.48242,124.634,100,55,54,1,1,1,2,5,3,,,,,,,,
8.40132,124.592,8.40088,124.61,142,47,46,1,1,1,1,1,1,,,,,,,,
8.46132,124.619,8.47294,124.62,138,48,47,1,1,1,1,2,2,,,,,,,,
8.50444,124.619,8.48719,124.645,112,73,55,1,1,1,2,1,1,,,,,,,,
8.48669,124.647,8.47617,124.641,113,54,49,1,1,1,1,1,1,,,,,,,,
8.47407,124.614,8.47736,124.629,128,59,61,1,1,1,1,1,1,,,,,,,,
8.49403,124.652,8.51202,124.63,111,91,52,1,1,1,2,1,1,,,,,,,,
8.47254,124.626,8.47295,124.645,150,94,69,1,1,1,2,5,5,,,,,,,,
8.47519,124.631,8.50302,124.642,174,159,102,1,1,1,2,5,3,,,,,,,,
8.49517,124.641,8.48491,124.647,118,55,51,1,1,1,2,2,2,,,,,,,,
8.46984,124.629,8.47347,124.63,122,45,46,1,1,1,2,1,1,,,,,,,,
8.39281,124.557,8.45664,124.625,108,64,62,1,1,1,2,5,5,,,,,,,,
8.48465,124.639,8.4831,124.638,116,46,48,1,1,1,1,1,1,,,,,,,,
8.47719,124.629,8.47099,124.642,130,73,58,1,1,1,1,3,3,,,,,,,,
8.47229,124.629,8.47539,124.646,125,82,62,1,1,1,2,2,2,,,,,,,,
8.50298,124.641,8.50189,124.647,111,47,48,1,1,1,1,1,1,,,,,,,,
8.48473,124.638,8.48982,124.604,123,231,186,1,1,1,2,3,3,,,,,,,,
8.50054,124.623,8.47803,124.634,117,63,53,1,1,1,2,4,3,,,,,,,,
8.50164,124.647,8.49437,124.652,109,47,46,1,1,1,1,1,1,,,,,,,,
8.4958,124.641,8.50298,124.641,111,46,49,1,1,1,2,1,1,,,,,,,,
8.47201,124.627,8.4782,124.627,120,50,49,1,1,1,2,1,1,,,,,,,,
8.42832,124.613,8.40272,124.599,107,53,50,1,1,1,2,1,1,,,,,,,,
8.46144,124.626,8.43056,124.617,122,79,51,1,1,1,2,1,1,,,,,,,,
8.4981,124.642,8.48019,124.637,111,56,55,1,1,1,2,2,3,,,,,,,,
8.47743,124.634,8.51375,124.639,115,164,82,1,1,1,2,4,4,,,,,,,,
8.4534,124.633,8.45588,124.633,103,45,53,1,1,1,1,1,1,,,,,,,,
8.48392,124.657,8.4825,124.634,160,79,68,1,1,1,2,4,4,,,,,,,,
8.49465,124.641,8.51166,124.637,111,66,48,1,1,1,2,1,1,,,,,,,,
8.44104,124.594,8.46925,124.589,105,48,49,1,1,1,1,2,2,,,,,,,,
8.49522,124.652,8.48374,124.657,109,53,49,1,1,1,2,3,3,,,,,,,,
8.44472,124.622,8.42538,124.61,127,53,50,1,1,1,2,1,1,,,,,,,,
8.48358,124.645,8.50054,124.593,100,226,110,1,1,1,2,3,3,,,,,,,,
8.48679,124.647,8.50394,124.609,112,167,62,1,1,1,2,4,1,,,,,,,,
8.48194,124.592,8.4837,124.595,126,46,44,1,1,1,1,1,1,,,,,,,,
8.47266,124.616,8.47563,124.613,127,49,51,1,1,1,2,1,1,,,,,,,,
8.40799,124.57,8.38056,124.562,111,56,52,1,1,1,2,1,1,,,,,,,,
8.49148,124.634,8.48423,124.658,122,84,62,1,1,1,1,1,1,,,,,,,,
8.50428,124.615,8.48335,124.644,117,97,68,1,1,1,2,3,3,,,,,,,,
8.47015,124.645,8.47307,124.636,121,52,53,1,1,1,1,1,1,,,,,,,,
8.47344,124.608,8.46412,124.569,105,144,67,1,1,1,2,1,1,,,,,,,,
8.47721,124.645,8.50368,124.626,126,153,77,1,1,1,2,4,4,,,,,,,,
8.47293,124.63,8.45504,124.624,128,87,56,1,1,1,2,1,1,,,,,,,,
8.50383,124.608,8.50408,124.611,113,45,46,1,1,1,1,1,1,,,,,,,,
8.48285,124.649,8.47066,124.643,115,62,49,1,1,1,2,4,4,,,,,,,,
8.48332,124.657,8.49044,124.656,107,51,49,1,1,1,1,1,1,,,,,,,,
8.51372,124.638,8.50081,124.635,111,48,50,1,1,1,1,1,1,,,,,,,,
8.47444,124.645,8.46087,124.626,129,132,78,1,1,1,2,1,1,,,,,,,,
8.44866,124.632,8.45283,124.632,102,44,46,1,1,1,1,1,1,,,,,,,,
8.4867,124.602,8.50427,124.614,120,52,51,1,1,1,1,3,2,,,,,,,,
8.50016,124.636,8.49725,124.64,109,45,46,1,1,1,1,1,1,,,,,,,,
8.485,124.655,8.47327,124.63,145,107,78,1,1,1,2,5,6,,,,,,,,
8.47467,124.623,8.47266,124.638,132,73,62,1,1,1,1,3,3,,,,,,,,
8.48582,124.651,8.48655,124.648,109,45,46,1,1,1,1,1,1,,,,,,,,
8.48196,124.638,8.47928,124.637,117,47,48,1,1,1,1,1,1,,,,,,,,
8.48733,124.63,8.51321,124.638,118,148,73,1,1,1,2,1,1,,,,,,,,
8.50381,124.626,8.49302,124.632,117,52,47,1,1,1,2,1,1,,,,,,,,
8.46584,124.626,8.48422,124.65,123,115,81,1,1,1,2,5,5,,,,,,,,
8.49572,124.642,8.49556,124.643,109,44,46,1,1,1,1,1,1,,,,,,,,
8.47205,124.617,8.39714,124.594,150,272,82,1,1,1,2,1,1,,,,,,,,
8.47832,124.647,8.48688,124.646,111,53,49,1,1,1,2,1,1,,,,,,,,
8.48655,124.648,8.50188,124.633,110,100,57,1,1,1,2,1,1,,,,,,,,
8.48015,124.638,8.50998,124.637,116,140,69,1,1,1,2,1,1,,,,,,,,
8.47865,124.644,8.4862,124.648,107,52,48,1,1,1,1,1,1,,,,,,,,
8.46157,124.619,8.30553,124.594,109,390,168,1,1,1,2,2,2,,,,,,,,
8.48687,124.631,8.48214,124.635,121,48,50,1,1,1,2,2,2,,,,,,,,
8.48423,124.658,8.48516,124.654,108,47,47,1,1,1,2,1,1,,,,,,,,
8.48842,124.641,8.48192,124.637,113,52,49,1,1,1,2,2,1,,,,,,,,
8.48877,124.66,8.49568,124.631,119,79,59,1,1,1,1,2,2,,,,,,,,
8.42529,124.61,8.4759,124.638,134,75,68,1,1,1,1,3,3,,,,,,,,
8.47155,124.629,8.4379,124.62,118,121,52,1,1,1,2,1,1,,,,,,,,
8.485,124.639,8.48436,124.647,110,64,57,1,1,1,1,2,2,,,,,,,,
8.48822,124.642,8.48955,124.658,112,85,56,1,1,1,2,2,2,,,,,,,,
8.47471,124.625,8.47195,124.618,183,53,51,1,1,1,2,1,1,,,,,,,,
8.49127,124.64,8.50133,124.634,114,54,48,1,1,1,2,1,1,,,,,,,,
8.37011,124.561,8.37903,124.563,98,44,47,1,1,1,1,1,1,,,,,,,,
8.44586,124.637,8.45545,124.632,102,45,47,1,1,1,1,1,1,,,,,,,,
8.49914,124.632,8.48485,124.656,112,85,52,1,1,1,1,2,3,,,,,,,,
8.50484,124.615,8.50332,124.595,111,55,48,1,1,1,1,1,1,,,,,,,,
8.47694,124.65,8.48648,124.647,132,57,51,1,1,1,2,2,2,,,,,,,,
8.3124,124.593,8.46202,124.619,105,57,61,1,1,1,2,5,5,,,,,,,,
8.50321,124.64,8.48123,124.645,115,83,63,1,1,1,2,3,3,,,,,,,,
8.49695,124.642,8.51282,124.637,115,57,50,1,1,1,2,1,1,,,,,,,,
8.48049,124.637,8.48491,124.647,122,72,60,1,1,1,1,2,2,,,,,,,,
8.42985,124.617,8.39636,124.558,149,208,72,1,1,1,2,1,1,,,,,,,,
8.50984,124.643,8.48678,124.647,105,60,56,1,1,1,2,4,2,,,,,,,,
8.44631,124.581,8.44359,124.577,102,45,45,1,1,1,2,1,1,,,,,,,,
8.50111,124.642,8.47832,124.647,112,90,62,1,1,1,2,2,4,,,,,,,,
8.48644,124.648,8.48345,124.657,111,50,48,1,1,1,2,1,1,,,,,,,,
8.50305,124.642,8.50424,124.625,112,66,52,1,1,1,2,2,2,,,,,,,,
8.47753,124.638,8.48133,124.637,123,46,46,1,1,1,2,1,1,,,,,,,,
8.47778,124.646,8.48829,124.652,114,55,46,1,1,1,1,1,1,,,,,,,,
8.47313,124.638,8.50723,124.648,127,166,84,1,1,1,2,4,4,,,,,,,,
8.47412,124.631,8.43056,124.617,124,182,59,1,1,1,2,1,1,,,,,,,,
8.48031,124.611,8.512,124.623,115,67,59,1,1,1,2,2,1,,,,,,,,
8.42998,124.614,8.42607,124.627,105,53,51,1,1,1,1,1,1,,,,,,,,
8.50031,124.628,8.48732,124.645,118,56,49,1,1,1,2,2,1,,,,,,,,
8.47963,124.638,8.49522,124.652,121,160,129,1,1,1,2,2,2,,,,,,,,
8.47594,124.642,8.48313,124.638,115,54,49,1,1,1,2,2,2,,,,,,,,
8.47301,124.636,8.40273,124.599,104,279,83,1,1,1,2,1,1,,,,,,,,
8.48385,124.657,8.51259,124.628,111,158,76,1,1,1,2,1,1,,,,,,,,
8.48583,124.639,8.47601,124.642,109,64,55,1,1,1,2,1,2,,,,,,,,
8.47281,124.604,8.4798,124.629,131,62,64,1,1,1,1,3,3,,,,,,,,
8.51003,124.637,8.48732,124.645,112,72,61,1,1,1,2,2,2,,,,,,,,
8.48467,124.639,8.45269,124.623,122,173,100,1,1,1,2,4,4,,,,,,,,
8.48476,124.638,8.4921,124.627,117,67,54,1,1,1,2,1,1,,,,,,,,
8.48558,124.65,8.4967,124.63,130,81,53,1,1,1,2,2,2,,,,,,,,
8.46393,124.625,8.45986,124.626,115,49,49,1,1,1,2,1,1,,,,,,,,
8.48402,124.657,8.48909,124.659,109,48,49,1,1,1,1,1,1,,,,,,,,
8.44483,124.633,8.4692,124.633,101,48,49,1,1,1,1,1,1,,,,,,,,
8.47281,124.63,8.47412,124.631,123,46,47,1,1,1,1,1,1,,,,,,,,
8.50454,124.621,8.50198,124.632,121,72,60,1,1,1,2,1,1,,,,,,,,
8.48693,124.659,8.485,124.655,106,46,46,1,1,1,1,1,1,,,,,,,,
8.48048,124.637,8.4839,124.61,127,216,179,1,1,1,2,5,5,,,,,,,,
8.48277,124.63,8.476,124.611,137,126,73,1,1,1,2,1,1,,,,,,,,
8.47281,124.619,8.3063,124.584,138,347,91,1,1,1,2,2,2,,,,,,,,
8.40328,124.58,8.39766,124.593,141,45,46,1,1,1,1,2,2,,,,,,,,
8.50198,124.632,8.48748,124.639,107,55,50,1,1,1,1,2,2,,,,,,,,
8.49187,124.633,8.49804,124.63,114,48,46,1,1,1,1,1,1,,,,,,,,
8.48109,124.645,8.4803,124.637,127,59,51,1,1,1,2,2,2,,,,,,,,
8.47299,124.62,8.47354,124.609,127,64,61,1,1,1,2,1,1,,,,,,,,
8.50254,124.593,8.50329,124.595,102,45,45,1,1,1,1,1,1,,,,,,,,
8.47466,124.625,8.47339,124.608,185,76,68,1,1,1,2,1,1,,,,,,,,
8.47424,124.631,8.46491,124.625,129,65,54,1,1,1,2,1,1,,,,,,,,
8.44667,124.637,8.45349,124.632,101,45,47,1,1,1,1,1,1,,,,,,,,
8.47803,124.634,8.50777,124.624,117,158,90,1,1,1,2,5,5,,,,,,,,
8.50913,124.647,8.50895,124.648,110,45,46,1,1,1,1,1,1,,,,,,,,
8.50327,124.633,8.49532,124.631,109,47,46,1,1,1,2,1,1,,,,,,,,
8.49045,124.64,8.51388,124.638,116,111,53,1,1,1,2,1,1,,,,,,,,
8.4811,124.638,8.50161,124.622,113,125,63,1,1,1,2,1,1,,,,,,,,
8.46946,124.606,8.47455,124.622,124,55,57,1,1,1,1,3,2,,,,,,,,
8.4706,124.643,8.47835,124.628,121,65,56,1,1,1,2,1,1,,,,,,,,
8.49044,124.635,8.4982,124.63,116,47,48,1,1,1,1,1,1,,,,,,,,
8.47835,124.628,8.48159,124.629,124,49,48,1,1,1,1,1,1,,,,,,,,
8.4502,124.632,8.45445,124.632,101,44,46,1,1,1,1,1,1,,,,,,,,
8.47558,124.65,8.50862,124.637,136,157,73,1,1,1,2,1,1,,,,,,,,
8.47306,124.62,8.47865,124.627,138,57,55,1,1,1,2,1,1,,,,,,,,
8.46984,124.629,8.47799,124.646,122,90,66,1,1,1,2,4,4,,,,,,,,
8.44659,124.631,8.45226,124.632,108,46,45,1,1,1,1,1,1,,,,,,,,
8.34929,124.491,8.38779,124.546,110,53,57,1,1,1,2,1,1,,,,,,,,
8.4727,124.606,8.47592,124.612,123,48,48,1,1,1,1,1,1,,,,,,,,
8.49197,124.653,8.49402,124.652,114,51,58,1,1,1,1,1,1,,,,,,,,
8.47127,124.629,8.47963,124.638,125,76,74,1,1,1,2,1,2,,,,,,,,
8.48603,124.65,8.48608,124.65,110,46,49,1,1,1,2,1,1,,,,,,,,
8.46958,124.647,8.47061,124.646,137,48,48,1,1,1,1,1,1,,,,,,,,
8.47859,124.628,8.48142,124.629,166,50,51,1,1,1,2,1,1,,,,,,,,
8.47293,124.616,8.47352,124.608,128,57,55,1,1,1,2,1,1,,,,,,,,
8.47147,124.617,8.41071,124.612,138,207,61,1,1,1,2,1,2,,,,,,,,
8.50302,124.642,8.48161,124.644,112,81,65,1,1,1,1,1,1,,,,,,,,
8.47835,124.655,8.47959,124.656,108,51,47,1,1,1,1,1,1,,,,,,,,
8.48002,124.657,8.48236,124.657,146,51,55,1,1,1,1,1,1,,,,,,,,
8.4008,124.593,8.47866,124.628,135,93,71,1,1,1,2,5,4,,,,,,,,
8.50659,124.624,8.4897,124.604,121,106,65,1,1,1,2,1,1,,,,,,,,
8.4311,124.617,8.3287,124.598,145,285,88,1,1,1,2,1,1,,,,,,,,
8.47473,124.611,8.4758,124.611,126,46,48,1,1,1,1,1,1,,,,,,,,
8.47578,124.612,8.47277,124.619,128,52,52,1,1,1,1,1,1,,,,,,,,
8.45933,124.615,8.45939,124.615,101,46,47,1,1,1,1,1,1,,,,,,,,
8.44924,124.632,8.48235,124.63,112,67,58,1,1,1,2,2,2,,,,,,,,
8.48692,124.633,8.50342,124.621,113,78,54,1,1,1,2,1,1,,,,,,,,
8.48192,124.637,8.5096,124.649,114,144,64,1,1,1,2,1,1,,,,,,,,
8.49761,124.63,8.5043,124.625,119,47,51,1,1,1,1,1,1,,,,,,,,
8.50459,124.624,8.50448,124.625,121,48,52,1,1,1,2,1,1,,,,,,,,
8.48612,124.648,8.48983,124.65,118,61,63,1,1,1,1,1,1,,,,,,,,
8.50064,124.6,8.50434,124.617,137,72,69,1,1,1,2,2,1,,,,,,,,
8.49444,124.652,8.47928,124.656,126,77,66,1,1,1,2,2,2,,,,,,,,
8.47113,124.643,8.47111,124.643,123,60,55,1,1,1,2,1,1,,,,,,,,
8.48301,124.631,8.49356,124.641,173,96,56,1,1,1,2,1,1,,,,,,,,
8.50415,124.633,8.50453,124.633,114,47,49,1,1,1,2,1,1,,,,,,,,
8.48284,124.633,8.49788,124.624,138,124,83,1,1,1,2,4,4,,,,,,,,
8.4902,124.628,8.48159,124.629,141,53,58,1,1,1,2,2,2,,,,,,,,
8.47827,124.655,8.48653,124.659,140,53,60,1,1,1,2,1,2,,,,,,,,
8.41785,124.61,8.47063,124.643,112,87,69,1,1,1,2,4,4,,,,,,,,
8.48669,124.647,8.47839,124.628,130,110,81,1,1,1,1,2,2,,,,,,,,
8.48767,124.626,8.48782,124.628,105,45,47,1,1,1,1,1,1,,,,,,,,
8.48719,124.63,8.47873,124.638,120,72,57,1,1,1,2,3,2,,,,,,,,
8.47822,124.656,8.4888,124.66,125,49,52,1,1,1,2,2,1,,,,,,,,
8.4726,124.573,8.47818,124.587,101,50,51,1,1,1,1,1,1,,,,,,,,
8.47043,124.643,8.47252,124.639,129,52,57,1,1,1,2,1,1,,,,,,,,
8.21459,124.536,8.22831,124.546,111,49,51,1,1,1,1,1,1,,,,,,,,
8.47724,124.65,8.48449,124.657,117,60,53,1,1,1,2,1,1,,,,,,,,
8.4749,124.621,8.47483,124.621,136,54,56,1,1,1,2,1,1,,,,,,,,
8.46393,124.625,8.47292,124.637,130,59,55,1,1,1,2,2,1,,,,,,,,
8.48498,124.638,8.46778,124.627,127,135,96,1,1,1,2,4,4,,,,,,,,
8.48315,124.609,8.47315,124.62,132,66,62,1,1,1,2,3,2,,,,,,,,
8.48065,124.611,8.4889,124.61,108,49,48,1,1,1,1,1,1,,,,,,,,
8.47205,124.617,8.37595,124.512,134,392,369,1,1,1,2,2,2,,,,,,,,
8.46853,124.609,8.45948,124.615,120,48,51,1,1,1,1,1,1,,,,,,,,
8.43429,124.619,8.41978,124.613,136,55,51,1,1,1,2,1,1,,,,,,,,
8.2005,124.531,8.47411,124.62,134,87,90,1,1,1,2,3,3,,,,,,,,
8.4825,124.634,8.47305,124.636,168,61,58,1,1,1,2,3,3,,,,,,,,
8.47544,124.631,8.48235,124.63,128,57,55,1,1,1,2,2,2,,,,,,,,
8.47866,124.628,8.39424,124.557,169,340,276,1,1,1,2,2,2,,,,,,,,
8.47191,124.639,8.47057,124.644,130,48,48,1,1,1,1,1,1,,,,,,,,
8.48589,124.65,8.48582,124.651,116,73,64,1,1,1,2,1,1,,,,,,,,
8.47093,124.646,8.45995,124.626,143,158,83,1,1,1,2,1,1,,,,,,,,
8.49194,124.652,8.50432,124.637,122,69,54,1,1,1,1,3,1,,,,,,,,
8.50285,124.644,8.49402,124.652,112,53,51,1,1,1,1,1,1,,,,,,,,
8.456,124.633,8.44539,124.635,104,46,51,1,1,1,2,1,1,,,,,,,,
8.47971,124.642,8.48015,124.638,119,45,49,1,1,1,2,1,1,,,,,,,,
8.47727,124.638,8.47582,124.643,117,51,50,1,1,1,2,1,1,,,,,,,,
8.50444,124.619,8.49044,124.635,120,62,58,1,1,1,2,2,1,,,,,,,,
8.48151,124.645,8.47548,124.648,116,50,49,1,1,1,2,1,1,,,,,,,,
8.29414,124.529,8.30576,124.541,102,64,52,1,1,1,1,1,1,,,,,,,,
8.47427,124.647,8.47118,124.643,137,55,53,1,1,1,2,1,1,,,,,,,,
8.50188,124.622,8.48719,124.63,118,54,50,1,1,1,1,1,1,,,,,,,,
8.48026,124.657,8.51003,124.637,115,136,57,1,1,1,2,1,1,,,,,,,,
8.4922,124.654,8.48395,124.657,115,52,48,1,1,1,2,2,3,,,,,,,,
8.49637,124.631,8.48415,124.596,129,203,85,1,1,1,2,1,1,,,,,,,,
8.48234,124.637,8.48868,124.641,123,57,60,1,1,1,1,1,1,,,,,,,,
8.47299,124.63,8.46189,124.625,132,68,54,1,1,1,2,1,1,,,,,,,,
8.40884,124.613,8.39204,124.556,113,87,61,1,1,1,2,1,1,,,,,,,,
8.49465,124.641,8.51106,124.637,119,70,56,1,1,1,2,1,1,,,,,,,,
8.39693,124.557,8.47866,124.628,163,99,86,1,1,1,2,5,4,,,,,,,,
8.46591,124.632,8.44965,124.632,112,79,61,1,1,1,2,1,1,,,,,,,,
8.39945,124.611,8.31073,124.567,126,228,65,1,1,1,2,1,1,,,,,,,,
8.47337,124.608,8.47269,124.619,139,72,62,1,1,1,1,1,2,,,,,,,,
8.47426,124.613,8.49386,124.612,133,128,105,1,1,1,2,1,1,,,,,,,,
8.48472,124.659,8.48161,124.644,115,74,65,1,1,1,1,4,3,,,,,,,,
8.47046,124.643,8.47426,124.647,145,53,70,1,1,1,2,1,1,,,,,,,,
8.47124,124.592,8.4786,124.627,169,66,66,1,1,1,2,4,2,,,,,,,,
8.50777,124.624,8.50256,124.627,125,47,48,1,1,1,2,1,1,,,,,,,,
8.46865,124.588,8.4731,124.603,130,46,50,1,1,1,1,2,1,,,,,,,,
8.4706,124.591,8.47532,124.611,139,52,53,1,1,1,2,3,1,,,,,,,,
8.50417,124.625,8.47803,124.634,125,98,77,1,1,1,2,2,1,,,,,,,,
8.472,124.618,8.40102,124.611,130,236,69,1,1,1,2,2,2,,,,,,,,
8.47719,124.65,8.49731,124.651,120,100,61,1,1,1,2,1,1,,,,,,,,
8.50424,124.625,8.48812,124.642,123,63,55,1,1,1,2,1,1,,,,,,,,
8.47229,124.639,8.47285,124.627,127,65,61,1,1,1,1,1,1,,,,,,,,
8.42543,124.615,8.39655,124.557,137,171,62,1,1,1,2,1,1,,,,,,,,
8.40972,124.612,8.38374,124.56,108,128,65,1,1,1,2,1,1,,,,,,,,
8.49037,124.64,8.50799,124.649,115,85,52,1,1,1,2,1,1,,,,,,,,
8.47414,124.613,8.47798,124.628,140,62,64,1,1,1,2,1,1,,,,,,,,
8.48341,124.594,8.48372,124.597,130,47,50,1,1,1,1,1,1,,,,,,,,
8.4606,124.642,8.43414,124.64,103,72,50,1,1,1,1,1,1,,,,,,,,
8.45986,124.626,8.46152,124.614,108,72,62,1,1,1,2,1,1,,,,,,,,
8.38645,124.543,8.37464,124.512,131,62,63,1,1,1,2,1,1,,,,,,,,
8.49838,124.624,8.49805,124.624,115,46,48,1,1,1,1,1,1,,,,,,,,
8.48434,124.658,8.48511,124.655,113,46,47,1,1,1,1,1,1,,,,,,,,
8.48395,124.657,8.48719,124.645,110,52,49,1,1,1,2,1,1,,,,,,,,
8.47759,124.649,8.47767,124.648,113,48,49,1,1,1,2,1,1,,,,,,,,
8.48737,124.645,8.50415,124.633,115,101,56,1,1,1,2,1,1,,,,,,,,
8.47046,124.643,8.47099,124.642,117,48,51,1,1,1,1,1,1,,,,,,,,
8.50939,124.637,8.50298,124.641,115,49,50,1,1,1,1,1,1,,,,,,,,
8.48577,124.636,8.49945,124.642,123,126,80,1,1,1,2,3,4,,,,,,,,
8.4965,124.617,8.48768,124.63,125,52,52,1,1,1,2,2,1,,,,,,,,
8.48301,124.631,8.47905,124.656,132,109,73,1,1,1,2,5,5,,,,,,,,
8.48286,124.657,8.48407,124.657,111,45,46,1,1,1,2,1,1,,,,,,,,
8.46826,124.609,8.46609,124.612,103,48,49,1,1,1,1,1,1,,,,,,,,
8.4714,124.643,8.47276,124.638,121,51,49,1,1,1,1,1,1,,,,,,,,
8.50835,124.637,8.47933,124.638,125,76,68,1,1,1,2,5,3,,,,,,,,
8.47694,124.651,8.48814,124.649,115,59,53,1,1,1,1,2,2,,,,,,,,
8.49127,124.64,8.48484,124.638,116,62,73,1,1,1,2,1,1,,,,,,,,
8.48081,124.61,8.48061,124.637,122,92,68,1,1,1,2,5,6,,,,,,,,
8.5122,124.623,8.47735,124.649,133,119,72,1,1,1,1,4,4,,,,,,,,
8.48133,124.637,8.4848,124.638,165,49,49,1,1,1,2,1,1,,,,,,,,
8.48592,124.659,8.48655,124.648,113,57,55,1,1,1,1,2,1,,,,,,,,
8.4768,124.653,8.47882,124.652,116,45,48,1,1,1,1,1,1,,,,,,,,
8.48445,124.639,8.47313,124.638,121,75,58,1,1,1,2,1,2,,,,,,,,
8.46271,124.632,8.48125,124.629,112,61,54,1,1,1,2,1,3,,,,,,,,
8.38217,124.515,8.38526,124.514,137,54,61,1,1,1,1,1,1,,,,,,,,
8.44357,124.575,8.43977,124.563,104,50,47,1,1,1,1,1,1,,,,,,,,
8.45843,124.625,8.42986,124.613,130,84,53,1,1,1,2,1,1,,,,,,,,
8.46452,124.625,8.45769,124.625,126,47,48,1,1,1,2,1,1,,,,,,,,
8.48873,124.65,8.50864,124.636,122,117,52,1,1,1,2,1,1,,,,,,,,
8.50876,124.636,8.51084,124.623,131,72,69,1,1,1,1,1,1,,,,,,,,
8.51202,124.63,8.51388,124.638,117,48,53,1,1,1,2,1,1,,,,,,,,
8.49037,124.64,8.4793,124.637,117,55,55,1,1,1,2,1,1,,,,,,,,
8.47103,124.643,8.46015,124.626,124,112,85,1,1,1,2,1,1,,,,,,,,
8.47102,124.642,8.47266,124.638,120,56,50,1,1,1,2,1,1,,,,,,,,
8.46039,124.626,8.47112,124.643,122,74,83,1,1,1,2,2,2,,,,,,,,
8.39684,124.557,8.39003,124.521,138,63,64,1,1,1,2,1,1,,,,,,,,
8.50801,124.637,8.4916,124.651,116,82,70,1,1,1,1,1,1,,,,,,,,
8.47754,124.649,8.45337,124.624,133,205,111,1,1,1,2,2,2,,,,,,,,
8.48061,124.637,8.42292,124.608,147,277,173,1,1,1,2,1,1,,,,,,,,
8.4891,124.639,8.49957,124.632,119,65,53,1,1,1,2,1,1,,,,,,,,
8.47931,124.637,8.4759,124.638,120,51,49,1,1,1,1,1,1,,,,,,,,
8.47287,124.634,8.47053,124.643,135,58,55,1,1,1,2,1,1,,,,,,,,
8.49472,124.652,8.501,124.647,111,46,46,1,1,1,1,1,1,,,,,,,,
8.46235,124.625,8.47266,124.63,123,50,48,1,1,1,2,1,1,,,,,,,,
8.47198,124.639,8.47301,124.637,123,47,47,1,1,1,1,1,1,,,,,,,,
8.48877,124.66,8.48608,124.65,109,48,47,1,1,1,1,1,1,,,,,,,,
8.47617,124.641,8.47864,124.654,106,74,55,1,1,1,1,2,1,,,,,,,,
8.39706,124.594,8.47678,124.626,131,89,71,1,1,1,2,4,4,,,,,,,,
8.50448,124.624,8.49073,124.612,112,85,66,1,1,1,2,2,2,,,,,,,,
8.47045,124.59,8.44366,124.589,107,59,51,1,1,1,2,1,1,,,,,,,,
8.48925,124.603,8.50368,124.626,122,56,55,1,1,1,2,2,2,,,,,,,,
8.39719,124.559,8.40148,124.587,142,57,55,1,1,1,1,1,1,,,,,,,,
8.47513,124.611,8.47006,124.645,130,92,77,1,1,1,1,5,4,,,,,,,,
8.50198,124.632,8.50188,124.633,106,44,46,1,1,1,1,1,1,,,,,,,,
8.47692,124.652,8.48589,124.65,113,56,49,1,1,1,1,2,2,,,,,,,,
8.21901,124.54,8.24211,124.553,103,49,48,1,1,1,1,1,1,,,,,,,,
8.3804,124.562,8.37942,124.562,97,45,46,1,1,1,1,1,1,,,,,,,,
8.4928,124.633,8.48485,124.656,118,74,51,1,1,1,2,1,1,,,,,,,,
8.42621,124.61,8.48484,124.638,138,106,81,1,1,1,2,4,4,,,,,,,,
8.47102,124.642,8.43004,124.614,122,209,66,1,1,1,2,1,1,,,,,,,,
8.50451,124.621,8.4892,124.639,123,63,53,1,1,1,2,2,1,,,,,,,,
8.4982,124.63,8.48359,124.598,125,186,69,1,1,1,2,1,1,,,,,,,,
8.48571,124.636,8.50311,124.629,114,145,94,1,1,1,2,5,5,,,,,,,,
8.40474,124.571,8.47147,124.617,145,86,73,1,1,1,2,5,5,,,,,,,,
8.494,124.632,8.48812,124.642,117,56,53,1,1,1,1,1,1,,,,,,,,
8.47235,124.651,8.44066,124.644,105,135,50,1,1,1,2,1,1,,,,,,,,
8.49411,124.638,8.48707,124.639,99,45,46,1,1,1,1,2,2,,,,,,,,
8.39095,124.557,8.3957,124.559,107,45,45,1,1,1,1,1,1,,,,,,,,
8.48316,124.598,8.4899,124.637,129,109,96,1,1,1,2,3,3,,,,,,,,
8.39288,124.549,8.35553,124.493,110,75,66,1,1,1,2,1,1,,,,,,,,
8.49245,124.652,8.50143,124.635,109,78,53,1,1,1,1,4,3,,,,,,,,
8.47063,124.643,8.4619,124.606,120,193,129,1,1,1,2,1,1,,,,,,,,
8.50827,124.652,8.4931,124.627,108,140,94,1,1,1,2,4,4,,,,,,,,
8.50172,124.647,8.49437,124.652,110,48,46,1,1,1,1,1,1,,,,,,,,
8.50319,124.596,8.50418,124.626,111,49,48,1,1,1,2,4,2,,,,,,,,
8.40216,124.59,8.40621,124.57,143,49,47,1,1,1,2,1,1,,,,,,,,
8.48485,124.638,8.48049,124.637,119,48,48,1,1,1,1,1,1,,,,,,,,
8.48074,124.658,8.47492,124.646,113,52,49,1,1,1,2,2,2,,,,,,,,
8.48531,124.637,8.50273,124.621,114,106,51,1,1,1,2,1,1,,,,,,,,
8.44814,124.586,8.44771,124.586,97,45,45,1,1,1,1,1,1,,,,,,,,
8.50251,124.645,8.47804,124.643,112,89,69,1,1,1,2,5,4,,,,,,,,
8.47518,124.646,8.47477,124.645,129,46,48,1,1,1,2,1,1,,,,,,,,
8.38945,124.518,8.47492,124.621,146,97,102,1,1,1,2,3,2,,,,,,,,
8.45572,124.624,8.45535,124.624,118,46,46,1,1,1,2,1,1,,,,,,,,
8.51091,124.633,8.50417,124.62,112,61,52,1,1,1,1,3,2,,,,,,,,
8.49788,124.624,8.48477,124.638,115,49,48,1,1,1,1,1,1,,,,,,,,
8.47704,124.651,8.48327,124.644,120,51,48,1,1,1,2,1,1,,,,,,,,
8.50265,124.643,8.50985,124.643,106,49,46,1,1,1,2,1,1,,,,,,,,
8.47144,124.643,8.47552,124.651,118,58,56,1,1,1,2,1,2,,,,,,,,
8.47419,124.61,8.47816,124.628,135,60,63,1,1,1,2,1,1,,,,,,,,
8.47407,124.614,8.47627,124.599,133,59,55,1,1,1,2,1,1,,,,,,,,
8.48452,124.639,8.51326,124.638,122,138,60,1,1,1,2,1,1,,,,,,,,
8.4887,124.629,8.50892,124.636,118,139,67,1,1,1,2,2,2,,,,,,,,
8.48679,124.633,8.46797,124.627,118,118,90,1,1,1,2,2,3,,,,,,,,
8.48074,124.658,8.51166,124.624,112,166,62,1,1,1,2,1,1,,,,,,,,
8.48123,124.645,8.47547,124.647,114,48,46,1,1,1,2,2,2,,,,,,,,
8.47223,124.606,8.47406,124.648,120,109,87,1,1,1,1,7,7,,,,,,,,
8.42402,124.606,8.42993,124.614,119,46,47,1,1,1,1,2,1,,,,,,,,
8.47032,124.629,8.47316,124.63,122,47,46,1,1,1,2,1,1,,,,,,,,
8.4748,124.622,8.47867,124.627,138,55,53,1,1,1,2,1,1,,,,,,,,
8.48764,124.66,8.48477,124.659,107,44,46,1,1,1,1,1,1,,,,,,,,
8.48577,124.636,8.48607,124.635,109,45,45,1,1,1,1,1,1,,,,,,,,
8.49437,124.652,8.50051,124.648,112,46,46,1,1,1,2,1,1,,,,,,,,
8.4912,124.634,8.50387,124.594,111,167,55,1,1,1,2,1,1,,,,,,,,
8.49849,124.631,8.48669,124.647,112,60,52,1,1,1,1,4,2,,,,,,,,
8.47461,124.623,8.4004,124.563,134,322,206,1,1,1,2,1,1,,,,,,,,
8.46004,124.626,8.4759,124.638,118,66,60,1,1,1,2,1,1,,,,,,,,
8.48707,124.639,8.49353,124.604,113,203,146,1,1,1,2,2,2,,,,,,,,
8.49279,124.604,8.49038,124.635,121,68,57,1,1,1,2,2,2,,,,,,,,
8.50212,124.627,8.4842,124.657,120,91,53,1,1,1,2,2,2,,,,,,,,
8.48707,124.639,8.50346,124.603,115,174,69,1,1,1,2,1,1,,,,,,,,
8.4973,124.631,8.4969,124.63,110,44,45,1,1,1,1,1,1,,,,,,,,
8.47478,124.625,8.38978,124.52,166,369,364,1,1,1,2,1,1,,,,,,,,
8.50851,124.624,8.48048,124.637,132,79,56,1,1,1,2,3,4,,,,,,,,
8.40044,124.563,8.47492,124.621,144,96,87,1,1,1,2,3,3,,,,,,,,
8.47291,124.637,8.4705,124.643,130,52,51,1,1,1,2,1,1,,,,,,,,
8.47785,124.628,8.44463,124.577,106,249,97,1,1,1,2,1,1,,,,,,,,
8.49731,124.651,8.50873,124.637,115,55,49,1,1,1,2,3,1,,,,,,,,
8.47472,124.596,8.48044,124.611,117,50,47,1,1,1,1,1,1,,,,,,,,
8.42911,124.613,8.45047,124.64,106,101,65,1,1,1,2,1,1,,,,,,,,
8.47719,124.629,8.48159,124.629,135,52,48,1,1,1,2,1,1,,,,,,,,
8.49511,124.641,8.50389,124.643,112,48,47,1,1,1,2,1,1,,,,,,,,
8.50928,124.646,8.48649,124.648,107,61,53,1,1,1,2,2,2,,,,,,,,
8.48789,124.643,8.48466,124.657,108,56,47,1,1,1,1,1,1,,,,,,,,
8.50038,124.636,8.50953,124.637,113,46,45,1,1,1,2,1,1,,,,,,,,
